regime,time_s,purge_open,purge_count,anode_relative_humidity,patch_current_a,cell_current_a,charge_since_purge_as,hydrogen_mol,nitrogen_mol,water_vapor_mol,liquid_water_mol,hydrogen_mole_fraction,nitrogen_mole_fraction,total_pressure_pa
nominal,0.0,False,0,0.0,0.001978066785327398,26.04,0.0,0.001055491936779534,0.0,0.0,0.0,1.0,0.0,137324.99999999997
nominal,1.0,False,0,0.4290654866455074,0.0021711867104523483,28.582301851259974,28.332362746232743,0.001031363857254238,2.63287369194565e-08,2.4101750788376373e-05,0.0,0.9771404416419188,2.494451734021718e-05,137324.99999999997
nominal,2.0,False,0,0.43360110335561314,0.0021719977537694285,28.59297872432282,56.92291356627312,0.0010310827508504567,5.2657473838913086e-08,2.4356528455238403e-05,0.0,0.9768741142603575,4.988903468043443e-05,137325.00000000003
nominal,3.0,False,0,0.433668283324688,0.0021720097666595036,28.593136866434033,85.51601447143769,0.001031052648435805,7.898621075836919e-08,2.436030213297061e-05,0.0,0.9768455944644192,7.483355202065124e-05,137324.99999999997
nominal,4.0,False,0,0.43366927837090413,0.0021720099445902315,28.593139208779697,114.10915314757165,0.0010310262638044904,1.0531494767782511e-07,2.436035802736592e-05,0.0,0.9768205969913023,9.977806936086786e-05,137325.00000000003
nominal,5.0,False,0,0.4336692931091808,0.0021720099472256793,28.5931392434737,142.70229238315608,0.0010309999342396827,1.3164368459728166e-07,2.436035885525416e-05,0.0,0.9767956516895996,0.00012472258670108508,137325.00000000003
nominal,6.0,False,0,0.43366929332747894,0.0021720099472647145,28.593139243987576,171.2954316270268,0.0010309736054905008,1.579724215167389e-07,2.4360358867516552e-05,0.0,0.9767707071606416,0.00014966710404130297,137325.00000000003
nominal,7.0,False,0,0.43366929333071236,0.002172009947265293,28.593139243995193,199.88857087102033,0.0010309472767533997,1.8430115843619615e-07,2.436035886769818e-05,0.0,0.9767457626431295,0.0001746116213815209,137324.99999999997
nominal,8.0,False,0,0.43366929333076015,0.0021720099472653013,28.5931392439953,228.4817101150152,0.0010309209480164777,2.106298953556534e-07,2.4360358867700866e-05,0.0,0.9767208181257867,0.00019955613872173872,137325.00000000003
nominal,9.0,False,0,0.43366929333076015,0.0021720099472653013,28.5931392439953,257.07484935901016,0.0010308946192795578,2.3695863227511065e-07,2.4360358867700866e-05,0.0,0.9766958736084463,0.00022450065606195667,137324.99999999997
nominal,10.0,False,0,0.43366929333076015,0.0021720099472653013,28.5931392439953,285.66798860300787,0.0010308682905426384,2.632873691945654e-07,2.4360358867700866e-05,0.0,0.9766709290911061,0.00024944517340217217,137324.99999999997
nominal,11.0,False,0,0.43366929333076015,0.0021720099472653013,28.5931392439953,314.2611278470056,0.001030841961805719,2.8961610611402e-07,2.4360358867700866e-05,0.0,0.976645984573766,0.00027438969074238754,137324.99999999997
nominal,12.0,False,0,0.43366929333076015,0.0021720099472653013,28.5931392439953,342.8542670910033,0.0010308156330687997,3.159448430334746e-07,2.4360358867700866e-05,0.0,0.9766210400564256,0.00029933420808260286,137325.00000000003
nominal,13.0,False,0,0.43366929333076015,0.0021720099472653013,28.5931392439953,371.447406335001,0.00103078930433188,3.422735799529292e-07,2.4360358867700866e-05,0.0,0.9765960955390854,0.00032427872542281833,137324.99999999997
nominal,14.0,False,0,0.43366929333076015,0.0021720099472653013,28.5931392439953,400.0405455789987,0.0010307629755949609,3.686023168723838e-07,2.4360358867700866e-05,0.0,0.9765711510217453,0.00034922324276303365,137325.00000000003
nominal,15.0,False,0,0.43366929333076015,0.0021720099472653013,28.5931392439953,428.63368482299643,0.0010307366468580415,3.949310537918384e-07,2.4360358867700866e-05,0.0,0.9765462065044049,0.0003741677601032489,137325.00000000003
nominal,16.0,False,0,0.43366929333076015,0.0021720099472653013,28.5931392439953,457.22682406699414,0.0010307103181211217,4.21259790711293e-07,2.4360358867700866e-05,0.0,0.9765212619870648,0.00039911227744346444,137324.99999999997
nominal,17.0,False,0,0.43366929333076015,0.0021720099472653013,28.5931392439953,485.81996331099185,0.0010306839893842023,4.475885276307476e-07,2.4360358867700866e-05,0.0,0.9764963174697247,0.00042405679478367986,137324.99999999997
nominal,18.0,False,0,0.43366929333076015,0.0021720099472653013,28.5931392439953,514.4131025549891,0.001030657660647283,4.739172645502022e-07,2.4360358867700866e-05,0.0,0.9764713729523843,0.0004490013121238951,137325.00000000003
nominal,19.0,False,0,0.43366929333076015,0.0021720099472653013,28.5931392439953,543.0062417989811,0.0010306313319103633,5.002460014696614e-07,2.4360358867700866e-05,0.0,0.9764464284350441,0.000473945829464115,137324.99999999997
nominal,20.0,False,0,0.43366929333076015,0.0021720099472653013,28.5931392439953,571.5993810429732,0.0010306050031734441,5.265747383891213e-07,2.4360358867700866e-05,0.0,0.976421483917704,0.0004988903468043353,137325.00000000003
nominal,21.0,False,0,0.43366929333076015,0.0021720099472653013,28.5931392439953,600.1925202869652,0.0010305786744365247,5.529034753085812e-07,2.4360358867700866e-05,0.0,0.9763965394003639,0.0005238348641445556,137325.00000000003
nominal,22.0,False,0,0.43366929333076015,0.0021720099472653013,28.5931392439953,628.7856595309572,0.0010305523456996053,5.792322122280411e-07,2.4360358867700866e-05,0.0,0.9763715948830235,0.000548779381484776,137325.00000000003
nominal,23.0,False,0,0.43366929333076015,0.0021720099472653013,28.5931392439953,657.3787987749492,0.0010305260169626855,6.05560949147501e-07,2.4360358867700866e-05,0.0,0.9763466503656834,0.0005737238988249966,137324.99999999997
nominal,24.0,False,0,0.43366929333076015,0.0021720099472653013,28.5931392439953,685.9719380189413,0.0010304996882257661,6.318896860669609e-07,2.4360358867700866e-05,0.0,0.9763217058483432,0.000598668416165217,137324.99999999997
nominal,25.0,False,0,0.43366929333076015,0.0021720099472653013,28.5931392439953,714.5650772629333,0.0010304733594888465,6.582184229864208e-07,2.4360358867700866e-05,0.0,0.9762967613310028,0.0006236129335054374,137324.99999999997
nominal,26.0,False,0,0.43366929333076015,0.0021720099472653013,28.5931392439953,743.1582165069253,0.0010304470307519271,6.845471599058807e-07,2.4360358867700866e-05,0.0,0.9762718168136626,0.0006485574508456578,137324.99999999997
nominal,27.0,False,0,0.43366929333076015,0.0021720099472653013,28.5931392439953,771.7513557509174,0.001030420702015008,7.108758968253406e-07,2.4360358867700866e-05,0.0,0.9762468722963225,0.000673501968185878,137325.00000000003
nominal,28.0,False,0,0.43366929333076015,0.0021720099472653013,28.5931392439953,800.3444949949094,0.0010303943732780886,7.372046337448005e-07,2.4360358867700866e-05,0.0,0.9762219277789822,0.0006984464855260983,137325.00000000003
nominal,29.0,False,0,0.43366929333076015,0.0021720099472653013,28.5931392439953,828.9376342389014,0.0010303680445411688,7.635333706642604e-07,2.4360358867700866e-05,0.0,0.976196983261642,0.0007233910028663189,137324.99999999997
nominal,30.0,False,0,0.43366929333076015,0.0021720099472653013,28.5931392439953,857.5307734828934,0.0010303417158042494,7.898621075837203e-07,2.4360358867700866e-05,0.0,0.9761720387443018,0.0007483355202065393,137324.99999999997
nominal,31.0,False,0,0.43366929333076015,0.0021720099472653013,28.5931392439953,886.1239127268855,0.0010303153870673298,8.161908445031802e-07,2.4360358867700866e-05,0.0,0.9761470942269614,0.0007732800375467598,137324.99999999997
nominal,32.0,False,0,0.43366929333076015,0.0021720099472653013,28.5931392439953,914.7170519708775,0.0010302890583304104,8.425195814226401e-07,2.4360358867700866e-05,0.0,0.9761221497096213,0.0007982245548869802,137324.99999999997
nominal,33.0,False,0,0.43366929333076015,0.0021720099472653013,28.5931392439953,943.3101912148695,0.0010302627295934912,8.688483183421e-07,2.4360358867700866e-05,0.0,0.9760972051922812,0.0008231690722272004,137325.00000000003
nominal,34.0,False,0,0.43366929333076015,0.0021720099472653013,28.5931392439953,971.9033304588615,0.0010302364008565718,8.951770552615599e-07,2.4360358867700866e-05,0.0,0.9760722606749408,0.0008481135895674207,137325.00000000003
nominal,35.0,False,0,0.43366929333076015,0.0021720099472653013,28.5931392439953,1000.4964697028536,0.001030210072119652,9.215057921810198e-07,2.4360358867700866e-05,0.0,0.9760473161576007,0.0008730581069076414,137324.99999999997
nominal,36.0,False,0,0.43366929333076015,0.0021720099472653013,28.5931392439953,1029.0896089468476,0.0010301837433827326,9.478345291004797e-07,2.4360358867700866e-05,0.0,0.9760223716402605,0.0008980026242478618,137324.99999999997
nominal,37.0,False,0,0.43366929333076015,0.0021720099472653013,28.5931392439953,1057.682748190851,0.001030157414645813,9.741632660199314e-07,2.4360358867700866e-05,0.0,0.9759974271229201,0.0009229471415880744,137324.99999999997
nominal,38.0,False,0,0.43366929333076015,0.0021720099472653013,28.5931392439953,1086.2758874348544,0.0010301310859088936,1.0004920029393807e-06,2.4360358867700866e-05,0.0,0.97597248260558,0.0009478916589282848,137324.99999999997
nominal,39.0,False,0,0.43366929333076015,0.0021720099472653013,28.5931392439953,1114.8690266788578,0.0010301047571719744,1.02682073985883e-06,2.4360358867700866e-05,0.0,0.9759475380882399,0.000972836176268495,137325.00000000003
nominal,40.0,False,0,0.43366929333076015,0.0021720099472653013,28.5931392439953,1143.4621659228612,0.001030078428435055,1.0531494767782793e-06,2.4360358867700866e-05,0.0,0.9759225935708995,0.0009977806936087052,137325.00000000003
nominal,41.0,False,0,0.43366929333076015,0.0021720099472653013,28.5931392439953,1172.0553051668646,0.0010300520996981354,1.0794782136977286e-06,2.4360358867700866e-05,0.0,0.9758976490535594,0.0010227252109489156,137325.00000000003
nominal,42.0,False,0,0.43366929333076015,0.0021720099472653013,28.5931392439953,1200.648444410868,0.001030025770961216,1.105806950617178e-06,2.4360358867700866e-05,0.0,0.9758727045362192,0.001047669728289126,137325.00000000003
nominal,43.0,False,0,0.43366929333076015,0.0021720099472653013,28.5931392439953,1229.2415836548714,0.0010299994422242967,1.1321356875366272e-06,2.4360358867700866e-05,0.0,0.9758477600188791,0.0010726142456293365,137325.00000000003
nominal,44.0,False,0,0.43366929333076015,0.0021720099472653013,28.5931392439953,1257.8347228988748,0.0010299731134873768,1.1584644244560765e-06,2.4360358867700866e-05,0.0,0.9758228155015387,0.001097558762969547,137324.99999999997
nominal,45.0,False,0,0.43366929333076015,0.0021720099472653013,28.5931392439953,1286.4278621428782,0.0010299467847504577,1.1847931613755259e-06,2.4360358867700866e-05,0.0,0.9757978709841985,0.0011225032803097571,137325.00000000003
nominal,46.0,False,0,0.43366929333076015,0.0021720099472653013,28.5931392439953,1315.0210013868816,0.0010299204560135383,1.2111218982949752e-06,2.4360358867700866e-05,0.0,0.9757729264668583,0.0011474477976499676,137325.00000000003
nominal,47.0,False,0,0.43366929333076015,0.0021720099472653013,28.5931392439953,1343.614140630885,0.0010298941272766187,1.2374506352144245e-06,2.4360358867700866e-05,0.0,0.9757479819495182,0.001172392314990178,137324.99999999997
nominal,48.0,False,0,0.43366929333076015,0.0021720099472653013,28.5931392439953,1372.2072798748884,0.0010298677985396993,1.2637793721338738e-06,2.4360358867700866e-05,0.0,0.9757230374321778,0.0011973368323303882,137325.00000000003
nominal,49.0,False,0,0.43366929333076015,0.0021720099472653013,28.5931392439953,1400.8004191188918,0.0010298414698027799,1.290108109053323e-06,2.4360358867700866e-05,0.0,0.9756980929148377,0.0012222813496705987,137325.00000000003
nominal,50.0,False,0,0.43366929333076015,0.0021720099472653013,28.5931392439953,1429.3935583628952,0.0010298151410658603,1.3164368459727724e-06,2.4360358867700866e-05,0.0,0.9756731483974975,0.001247225867010809,137324.99999999997
nominal,51.0,False,0,0.43366929333076015,0.0021720099472653013,28.5931392439953,1457.9866976068986,0.0010297888123289409,1.3427655828922217e-06,2.4360358867700866e-05,0.0,0.9756482038801572,0.0012721703843510193,137325.00000000003
nominal,52.0,False,0,0.43366929333076015,0.0021720099472653013,28.5931392439953,1486.579836850902,0.0010297624835920215,1.369094319811671e-06,2.4360358867700866e-05,0.0,0.975623259362817,0.0012971149016912297,137325.00000000003
nominal,53.0,False,0,0.43366929333076015,0.0021720099472653013,28.5931392439953,1515.1729760949054,0.001029736154855102,1.3954230567311203e-06,2.4360358867700866e-05,0.0,0.9755983148454769,0.0013220594190314402,137324.99999999997
nominal,54.0,False,0,0.43366929333076015,0.0021720099472653013,28.5931392439953,1543.7661153389088,0.0010297098261181825,1.4217517936505696e-06,2.4360358867700866e-05,0.0,0.9755733703281367,0.0013470039363716506,137324.99999999997
nominal,55.0,False,0,0.43366929333076015,0.0021720099472653013,28.5931392439953,1572.3592545829122,0.0010296834973812631,1.448080530570019e-06,2.4360358867700866e-05,0.0,0.9755484258107964,0.0013719484537118608,137325.00000000003
nominal,56.0,False,0,0.43366929333076015,0.0021720099472653013,28.5931392439953,1600.9523938269156,0.0010296571686443435,1.4744092674894682e-06,2.4360358867700866e-05,0.0,0.9755234812934562,0.0013968929710520713,137324.99999999997
nominal,57.0,False,0,0.43366929333076015,0.0021720099472653013,28.5931392439953,1629.545533070919,0.0010296308399074241,1.5007380044089175e-06,2.4360358867700866e-05,0.0,0.9754985367761161,0.0014218374883922817,137324.99999999997
nominal,58.0,False,0,0.43366929333076015,0.0021720099472653013,28.5931392439953,1658.1386723149224,0.0010296045111705047,1.5270667413283668e-06,2.4360358867700866e-05,0.0,0.9754735922587757,0.0014467820057324917,137325.00000000003
nominal,59.0,False,0,0.43366929333076015,0.0021720099472653013,28.5931392439953,1686.7318115589258,0.0010295781824335853,1.5533954782478161e-06,2.4360358867700866e-05,0.0,0.9754486477414356,0.0014717265230727021,137325.00000000003
nominal,60.0,False,0,0.43366929333076015,0.0021720099472653013,28.5931392439953,1715.3249508029292,0.001029551853696666,1.5797242151672655e-06,2.4360358867700866e-05,0.0,0.9754237032240954,0.0014966710404129126,137325.00000000003
nominal,61.0,False,0,0.43366929333076015,0.0021720099472653013,28.5931392439953,1743.9180900469325,0.0010295255249597466,1.6060529520867148e-06,2.4360358867700866e-05,0.0,0.9753987587067552,0.0015216155577531228,137325.00000000003
nominal,62.0,False,0,0.43366929333076015,0.0021720099472653013,28.5931392439953,1772.511229290936,0.0010294991962228267,1.632381689006164e-06,2.4360358867700866e-05,0.0,0.9753738141894148,0.0015465600750933337,137324.99999999997
nominal,63.0,False,0,0.43366929333076015,0.0021720099472653013,28.5931392439953,1801.1043685349393,0.0010294728674859074,1.6587104259256134e-06,2.4360358867700866e-05,0.0,0.9753488696720747,0.0015715045924335439,137324.99999999997
nominal,64.0,False,0,0.43366929333076015,0.0021720099472653013,28.5931392439953,1829.6975077789427,0.001029446538748988,1.6850391628450627e-06,2.4360358867700866e-05,0.0,0.9753239251547345,0.0015964491097737543,137324.99999999997
nominal,65.0,False,0,0.43366929333076015,0.0021720099472653013,28.5931392439953,1858.2906470229461,0.0010294202100120686,1.711367899764512e-06,2.4360358867700866e-05,0.0,0.9752989806373944,0.0016213936271139648,137324.99999999997
nominal,66.0,False,0,0.43366929333076015,0.0021720099472653013,28.5931392439953,1886.8837862669495,0.0010293938812751492,1.7376966366839613e-06,2.4360358867700866e-05,0.0,0.975274036120054,0.0016463381444541748,137325.00000000003
nominal,67.0,False,0,0.43366929333076015,0.0021720099472653013,28.5931392439953,1915.476925510953,0.0010293675525382298,1.7640253736034106e-06,2.4360358867700866e-05,0.0,0.9752490916027139,0.001671282661794385,137325.00000000003
nominal,68.0,False,0,0.43366929333076015,0.0021720099472653013,28.5931392439953,1944.0700647549563,0.0010293412238013104,1.79035411052286e-06,2.4360358867700866e-05,0.0,0.9752241470853737,0.0016962271791345954,137325.00000000003
nominal,69.0,False,0,0.43366929333076015,0.0021720099472653013,28.5931392439953,1972.6632039989597,0.0010293148950643908,1.8166828474423092e-06,2.4360358867700866e-05,0.0,0.9751992025680334,0.0017211716964748059,137325.00000000003
nominal,70.0,False,0,0.43366929333076015,0.0021720099472653013,28.5931392439953,2001.256343242963,0.0010292885663274712,1.8430115843617585e-06,2.4360358867700866e-05,0.0,0.9751742580506932,0.0017461162138150165,137324.99999999997
nominal,71.0,False,0,0.43366929333076015,0.0021720099472653013,28.5931392439953,2029.8494824869665,0.0010292622375905518,1.8693403212812078e-06,2.4360358867700866e-05,0.0,0.9751493135333531,0.001771060731155227,137324.99999999997
nominal,72.0,False,0,0.43366929333076015,0.0021720099472653013,28.5931392439953,2058.4426217309697,0.0010292359088536324,1.8956690582006571e-06,2.4360358867700866e-05,0.0,0.975124369016013,0.0017960052484954372,137324.99999999997
nominal,73.0,False,0,0.43366929333076015,0.0021720099472653013,28.5931392439953,2087.035760974973,0.001029209580116713,1.9219977951201183e-06,2.4360358867700866e-05,0.0,0.9750994244986726,0.0018209497658356584,137325.00000000003
nominal,74.0,False,0,0.43366929333076015,0.0021720099472653013,28.5931392439953,2115.6289002189765,0.0010291832513797936,1.9483265320395888e-06,2.4360358867700866e-05,0.0,0.9750744799813325,0.0018458942831758888,137325.00000000003
nominal,75.0,False,0,0.43366929333076015,0.0021720099472653013,28.5931392439953,2144.22203946298,0.0010291569226428742,1.9746552689590593e-06,2.4360358867700866e-05,0.0,0.9750495354639923,0.0018708388005161192,137325.00000000003
nominal,76.0,False,0,0.43366929333076015,0.0021720099472653013,28.5931392439953,2172.8151787069833,0.0010291305939059544,2.0009840058785297e-06,2.4360358867700866e-05,0.0,0.975024590946652,0.00189578331785635,137324.99999999997
nominal,77.0,False,0,0.43366929333076015,0.0021720099472653013,28.5931392439953,2201.4083179509867,0.001029104265169035,2.0273127427980002e-06,2.4360358867700866e-05,0.0,0.9749996464293117,0.0019207278351965806,137324.99999999997
nominal,78.0,False,0,0.43366929333076015,0.0021720099472653013,28.5931392439953,2230.00145719499,0.0010290779364321156,2.0536414797174707e-06,2.4360358867700866e-05,0.0,0.9749747019119714,0.0019456723525368106,137325.00000000003
nominal,79.0,False,0,0.43366929333076015,0.0021720099472653013,28.5931392439953,2258.5945964389934,0.0010290516076951963,2.079970216636941e-06,2.4360358867700866e-05,0.0,0.9749497573946312,0.001970616869877041,137325.00000000003
nominal,80.0,False,0,0.43366929333076015,0.0021720099472653013,28.5931392439953,2287.187735682997,0.0010290252789582769,2.1062989535564117e-06,2.4360358867700866e-05,0.0,0.974924812877291,0.0019955613872172716,137325.00000000003
nominal,81.0,False,1,0.33590263356056144,0.0021545276507865824,28.362995851627236,15.667456705778902,0.0010357076759922987,9.157155063496456e-07,1.8868545280885575e-05,0.0,0.9812558863807146,0.0008675722423267699,137324.99999999997
nominal,82.0,False,1,0.4322212077451164,0.0021717510056016064,28.589730440524846,44.20562805441252,0.0010302708764914935,9.420442432691055e-07,2.4279016044771224e-05,0.0,0.9761049237713804,0.0008925167596669903,137324.99999999997
nominal,83.0,False,1,0.43364784479331175,0.002172006111911904,28.593088753990006,72.79795313315832,0.0010301644097531005,9.683729801885594e-07,2.4359154046244824e-05,0.0,0.9760040544660992,0.0009174612770072053,137324.99999999994
nominal,84.0,False,1,0.4336689756425225,0.002172009890457388,28.593138496154996,101.3910803180226,0.0010301368940401194,9.947017171080087e-07,2.4360341022306697e-05,0.0,0.9759779853773427,0.0009424057943474153,137325.00000000003
nominal,85.0,False,1,0.4336692886252737,0.0021720099464238828,28.593139232918556,129.98421938340226,0.0010301105477221256,1.021030454027458e-06,2.4360358603381162e-05,0.0,0.975953024203244,0.0009673503116876256,137325.00000000003
nominal,86.0,False,1,0.43366929326106485,0.0021720099472528386,28.593139243831235,158.577358624752,0.001030084218724801,1.0473591909469073e-06,2.4360358863785893e-05,0.0,0.9759280794391897,0.0009922948290278365,137324.99999999994
nominal,87.0,False,1,0.4336692933297286,0.002172009947265117,28.593139243992873,187.170497868708,0.0010300578899840249,1.0736879278663567e-06,2.436035886764292e-05,0.0,0.9759031349181952,0.0010172393463680463,137325.00000000003
nominal,88.0,False,1,0.4336692933307455,0.0021720099472652987,28.593139243995267,215.76363711270267,0.001030031561247048,1.100016664785806e-06,2.4360358867700043e-05,0.0,0.9758781904008008,0.001042183863708257,137324.99999999997
nominal,89.0,False,1,0.43366929333076015,0.0021720099472653013,28.5931392439953,244.35677635669754,0.001030005232510128,1.1263454017052553e-06,2.4360358867700866e-05,0.0,0.9758532458834599,0.0010671283810484672,137325.00000000003
nominal,90.0,False,1,0.43366929333076015,0.0021720099472653013,28.5931392439953,272.9499156006941,0.0010299789037732084,1.1526741386247046e-06,2.4360358867700866e-05,0.0,0.9758283013661196,0.0010920728983886776,137324.99999999997
nominal,91.0,False,1,0.43366929333076015,0.0021720099472653013,28.5931392439953,301.5430548446918,0.001029952575036289,1.1790028755441539e-06,2.4360358867700866e-05,0.0,0.9758033568487793,0.0011170174157288878,137325.00000000003
nominal,92.0,False,1,0.43366929333076015,0.0021720099472653013,28.5931392439953,330.13619408868954,0.0010299262462993696,1.2053316124636032e-06,2.4360358867700866e-05,0.0,0.9757784123314391,0.0011419619330690983,137325.00000000003
nominal,93.0,False,1,0.43366929333076015,0.0021720099472653013,28.5931392439953,358.72933333268725,0.00102989991756245,1.2316603493830525e-06,2.4360358867700866e-05,0.0,0.975753467814099,0.0011669064504093087,137324.99999999997
nominal,94.0,False,1,0.43366929333076015,0.0021720099472653013,28.5931392439953,387.32247257668496,0.0010298735888255306,1.2579890863025018e-06,2.4360358867700866e-05,0.0,0.9757285232967589,0.0011918509677495191,137324.99999999997
nominal,95.0,False,1,0.43366929333076015,0.0021720099472653013,28.5931392439953,415.91561182068267,0.0010298472600886112,1.2843178232219511e-06,2.4360358867700866e-05,0.0,0.9757035787794185,0.0012167954850897294,137325.00000000003
nominal,96.0,False,1,0.43366929333076015,0.0021720099472653013,28.5931392439953,444.5087510646804,0.0010298209313516916,1.3106465601414004e-06,2.4360358867700866e-05,0.0,0.9756786342620783,0.00124174000242994,137324.99999999997
nominal,97.0,False,1,0.43366929333076015,0.0021720099472653013,28.5931392439953,473.1018903086781,0.0010297946026147722,1.3369752970608497e-06,2.4360358867700866e-05,0.0,0.9756536897447382,0.0012666845197701502,137324.99999999997
nominal,98.0,False,1,0.43366929333076015,0.0021720099472653013,28.5931392439953,501.6950295526758,0.001029768273877853,1.363304033980299e-06,2.4360358867700866e-05,0.0,0.9756287452273978,0.00129162903711036,137325.00000000003
nominal,99.0,False,1,0.43366929333076015,0.0021720099472653013,28.5931392439953,530.2881687966699,0.0010297419451409336,1.3896327708997483e-06,2.4360358867700866e-05,0.0,0.9756038007100577,0.0013165735544505704,137325.00000000003
nominal,100.0,False,1,0.43366929333076015,0.0021720099472653013,28.5931392439953,558.8813080406619,0.0010297156164040138,1.4159615078191976e-06,2.4360358867700866e-05,0.0,0.9755788561927176,0.0013415180717907813,137324.99999999997
nominal,101.0,False,1,0.43366929333076015,0.0021720099472653013,28.5931392439953,587.4744472846539,0.0010296892876670944,1.442290244738647e-06,2.4360358867700866e-05,0.0,0.9755539116753774,0.0013664625891309917,137324.99999999997
nominal,102.0,False,1,0.43366929333076015,0.0021720099472653013,28.5931392439953,616.067586528646,0.0010296629589301748,1.4686189816580963e-06,2.4360358867700866e-05,0.0,0.975528967158037,0.0013914071064712022,137324.99999999997
nominal,103.0,False,1,0.43366929333076015,0.0021720099472653013,28.5931392439953,644.660725772638,0.0010296366301932554,1.4949477185775456e-06,2.4360358867700866e-05,0.0,0.9755040226406969,0.0014163516238114124,137324.99999999997
nominal,104.0,False,1,0.43366929333076015,0.0021720099472653013,28.5931392439953,673.25386501663,0.0010296103014563363,1.5212764554969949e-06,2.4360358867700866e-05,0.0,0.9754790781233568,0.0014412961411516226,137325.00000000003
nominal,105.0,False,1,0.43366929333076015,0.0021720099472653013,28.5931392439953,701.847004260622,0.0010295839727194169,1.5476051924164442e-06,2.4360358867700866e-05,0.0,0.9754541336060164,0.0014662406584918326,137325.00000000003
nominal,106.0,False,1,0.43366929333076015,0.0021720099472653013,28.5931392439953,730.4401435046141,0.0010295576439824973,1.5739339293358935e-06,2.4360358867700866e-05,0.0,0.9754291890886763,0.0014911851758320433,137325.00000000003
nominal,107.0,False,1,0.43366929333076015,0.0021720099472653013,28.5931392439953,759.0332827486061,0.0010295313152455779,1.6002626662553428e-06,2.4360358867700866e-05,0.0,0.975404244571336,0.0015161296931722537,137325.00000000003
nominal,108.0,False,1,0.43366929333076015,0.0021720099472653013,28.5931392439953,787.6264219925981,0.001029504986508658,1.626591403174792e-06,2.4360358867700866e-05,0.0,0.9753793000539959,0.0015410742105124646,137324.99999999994
nominal,109.0,False,1,0.43366929333076015,0.0021720099472653013,28.5931392439953,816.2195612365902,0.0010294786577717387,1.6529201400942414e-06,2.4360358867700866e-05,0.0,0.9753543555366555,0.0015660187278526746,137324.99999999997
nominal,110.0,False,1,0.43366929333076015,0.0021720099472653013,28.5931392439953,844.8127004805822,0.0010294523290348195,1.6792488770136907e-06,2.4360358867700866e-05,0.0,0.9753294110193154,0.0015909632451928846,137325.00000000003
nominal,111.0,False,1,0.43366929333076015,0.0021720099472653013,28.5931392439953,873.4058397245742,0.0010294260002979001,1.70557761393314e-06,2.4360358867700866e-05,0.0,0.9753044665019752,0.001615907762533095,137325.00000000003
nominal,112.0,False,1,0.43366929333076015,0.0021720099472653013,28.5931392439953,901.9989789685662,0.0010293996715609805,1.7319063508525893e-06,2.4360358867700866e-05,0.0,0.9752795219846351,0.0016408522798733057,137324.99999999997
nominal,113.0,False,1,0.43366929333076015,0.0021720099472653013,28.5931392439953,930.5921182125583,0.0010293733428240611,1.7582350877720386e-06,2.4360358867700866e-05,0.0,0.9752545774672947,0.0016657967972135157,137325.00000000003
nominal,114.0,False,1,0.43366929333076015,0.0021720099472653013,28.5931392439953,959.1852574565503,0.0010293470140871417,1.784563824691488e-06,2.4360358867700866e-05,0.0,0.9752296329499546,0.0016907413145537261,137325.00000000003
nominal,115.0,False,1,0.43366929333076015,0.0021720099472653013,28.5931392439953,987.7783967005423,0.0010293206853502221,1.8108925616109372e-06,2.4360358867700866e-05,0.0,0.9752046884326144,0.0017156858318939368,137324.99999999997
nominal,116.0,False,1,0.43366929333076015,0.0021720099472653013,28.5931392439953,1016.3715359445343,0.0010292943566133027,1.8372212985303865e-06,2.4360358867700866e-05,0.0,0.9751797439152741,0.0017406303492341468,137325.00000000003
nominal,117.0,False,1,0.43366929333076015,0.0021720099472653013,28.5931392439953,1044.9646751885348,0.0010292680278763833,1.8635500354498359e-06,2.4360358867700866e-05,0.0,0.9751547993979339,0.0017655748665743572,137325.00000000003
nominal,118.0,False,1,0.43366929333076015,0.0021720099472653013,28.5931392439953,1073.5578144325382,0.0010292416991394637,1.8898787723692852e-06,2.4360358867700866e-05,0.0,0.9751298548805938,0.0017905193839145679,137324.99999999997
nominal,119.0,False,1,0.43366929333076015,0.0021720099472653013,28.5931392439953,1102.1509536765416,0.0010292153704025443,1.9162075092887417e-06,2.4360358867700866e-05,0.0,0.9751049103632536,0.0018154639012547852,137324.99999999997
nominal,120.0,False,1,0.43366929333076015,0.0021720099472653013,28.5931392439953,1130.744092920545,0.001029189041665625,1.942536246208212e-06,2.4360358867700866e-05,0.0,0.9750799658459133,0.0018404084185950152,137325.00000000003
nominal,121.0,False,1,0.43366929333076015,0.0021720099472653013,28.5931392439953,1159.3372321645484,0.0010291627129287054,1.9688649831276826e-06,2.4360358867700866e-05,0.0,0.9750550213285731,0.001865352935935246,137324.99999999997
nominal,122.0,False,1,0.43366929333076015,0.0021720099472653013,28.5931392439953,1187.9303714085518,0.001029136384191786,1.995193720047153e-06,2.4360358867700866e-05,0.0,0.9750300768112328,0.001890297453275476,137325.00000000003
nominal,123.0,False,1,0.43366929333076015,0.0021720099472653013,28.5931392439953,1216.5235106525552,0.0010291100554548666,2.0215224569666236e-06,2.4360358867700866e-05,0.0,0.9750051322938925,0.0019152419706157066,137325.00000000003
nominal,124.0,False,1,0.43366929333076015,0.0021720099472653013,28.5931392439953,1245.1166498965586,0.001029083726717947,2.047851193886094e-06,2.4360358867700866e-05,0.0,0.9749801877765524,0.0019401864879559374,137324.99999999997
nominal,125.0,False,1,0.43366929333076015,0.0021720099472653013,28.5931392439953,1273.709789140562,0.0010290573979810276,2.0741799308055646e-06,2.4360358867700866e-05,0.0,0.974955243259212,0.0019651310052961673,137325.00000000003
nominal,126.0,False,1,0.43366929333076015,0.0021720099472653013,28.5931392439953,1302.3029283845653,0.0010290310692441082,2.100508667725035e-06,2.4360358867700866e-05,0.0,0.9749302987418719,0.0019900755226363977,137325.00000000003
nominal,127.0,False,1,0.43366929333076015,0.0021720099472653013,28.5931392439953,1330.8960676285687,0.0010290047405071888,2.1268374046445055e-06,2.4360358867700866e-05,0.0,0.9749053542245317,0.002015020039976628,137325.00000000003
nominal,128.0,False,1,0.43366929333076015,0.0021720099472653013,28.5931392439953,1359.4892068725721,0.001028978411770269,2.153166141563976e-06,2.4360358867700866e-05,0.0,0.9748804097071914,0.002039964557316859,137324.99999999997
nominal,129.0,False,1,0.43366929333076015,0.0021720099472653013,28.5931392439953,1388.0823461165755,0.0010289520830333498,2.1794948784834465e-06,2.4360358867700866e-05,0.0,0.9748554651898512,0.002064909074657089,137325.00000000003
nominal,130.0,False,1,0.43366929333076015,0.0021720099472653013,28.5931392439953,1416.675485360579,0.0010289257542964302,2.205823615402917e-06,2.4360358867700866e-05,0.0,0.9748305206725109,0.0020898535919973192,137325.00000000003
nominal,131.0,False,1,0.43366929333076015,0.0021720099472653013,28.5931392439953,1445.2686246045823,0.0010288994255595108,2.2321523523223875e-06,2.4360358867700866e-05,0.0,0.9748055761551707,0.0021147981093375496,137325.00000000003
nominal,132.0,False,1,0.43366929333076015,0.0021720099472653013,28.5931392439953,1473.8617638485857,0.0010288730968225914,2.258481089241858e-06,2.4360358867700866e-05,0.0,0.9747806316378306,0.0021397426266777804,137325.00000000003
nominal,133.0,False,1,0.43366929333076015,0.0021720099472653013,28.5931392439953,1502.4549030925891,0.0010288467680856716,2.2848098261613284e-06,2.4360358867700866e-05,0.0,0.9747556871204902,0.0021646871440180113,137324.99999999997
nominal,134.0,False,1,0.43366929333076015,0.0021720099472653013,28.5931392439953,1531.0480423365925,0.0010288204393487522,2.311138563080799e-06,2.4360358867700866e-05,0.0,0.9747307426031501,0.0021896316613582417,137324.99999999997
nominal,135.0,False,1,0.43366929333076015,0.0021720099472653013,28.5931392439953,1559.641181580596,0.001028794110611833,2.3374673000002694e-06,2.4360358867700866e-05,0.0,0.9747057980858099,0.0022145761786984716,137325.00000000003
nominal,136.0,False,1,0.43366929333076015,0.0021720099472653013,28.5931392439953,1588.2343208245993,0.0010287677818749134,2.36379603691974e-06,2.4360358867700866e-05,0.0,0.9746808535684696,0.002239520696038702,137325.00000000003
nominal,137.0,False,1,0.43366929333076015,0.0021720099472653013,28.5931392439953,1616.8274600686027,0.0010287414531379938,2.3901247738392104e-06,2.4360358867700866e-05,0.0,0.9746559090511294,0.002264465213378933,137324.99999999997
nominal,138.0,False,1,0.43366929333076015,0.0021720099472653013,28.5931392439953,1645.420599312606,0.0010287151244010744,2.416453510758681e-06,2.4360358867700866e-05,0.0,0.9746309645337891,0.0022894097307191628,137325.00000000003
nominal,139.0,False,1,0.43366929333076015,0.0021720099472653013,28.5931392439953,1674.0137385566095,0.0010286887956641548,2.4427822476781513e-06,2.4360358867700866e-05,0.0,0.9746060200164489,0.0023143542480593936,137324.99999999997
nominal,140.0,False,1,0.43366929333076015,0.0021720099472653013,28.5931392439953,1702.606877800613,0.0010286624669272354,2.469110984597622e-06,2.4360358867700866e-05,0.0,0.9745810754991088,0.002339298765399624,137324.99999999997
nominal,141.0,False,1,0.43366929333076015,0.0021720099472653013,28.5931392439953,1731.2000170446163,0.0010286361381903163,2.4954397215170923e-06,2.4360358867700866e-05,0.0,0.9745561309817684,0.0023642432827398535,137325.00000000003
nominal,142.0,False,1,0.43366929333076015,0.0021720099472653013,28.5931392439953,1759.7931562886197,0.0010286098094533964,2.5217684584365628e-06,2.4360358867700866e-05,0.0,0.9745311864644283,0.002389187800080085,137324.99999999997
nominal,143.0,False,1,0.43366929333076015,0.0021720099472653013,28.5931392439953,1788.386295532623,0.001028583480716477,2.5480971953560332e-06,2.4360358867700866e-05,0.0,0.974506241947088,0.0024141323174203155,137324.99999999997
nominal,144.0,False,1,0.43366929333076015,0.0021720099472653013,28.5931392439953,1816.9794347766265,0.0010285571519795577,2.5744259322755037e-06,2.4360358867700866e-05,0.0,0.9744812974297478,0.0024390768347605455,137325.00000000003
nominal,145.0,False,1,0.43366929333076015,0.0021720099472653013,28.5931392439953,1845.5725740206299,0.001028530823242638,2.6007546691949742e-06,2.4360358867700866e-05,0.0,0.9744563529124075,0.0024640213521007763,137324.99999999997
nominal,146.0,False,1,0.43366929333076015,0.0021720099472653013,28.5931392439953,1874.1657132646333,0.0010285044945057187,2.6270834061144447e-06,2.4360358867700866e-05,0.0,0.9744314083950671,0.0024889658694410063,137325.00000000003
nominal,147.0,False,1,0.43366929333076015,0.0021720099472653013,28.5931392439953,1902.7588525086367,0.001028478165768799,2.653412143033915e-06,2.4360358867700866e-05,0.0,0.974406463877727,0.002513910386781237,137324.99999999997
nominal,148.0,False,1,0.43366929333076015,0.0021720099472653013,28.5931392439953,1931.35199175264,0.0010284518370318797,2.6797408799533857e-06,2.4360358867700866e-05,0.0,0.9743815193603869,0.0025388549041214675,137324.99999999997
nominal,149.0,False,1,0.43366929333076015,0.0021720099472653013,28.5931392439953,1959.9451309966435,0.0010284255082949603,2.706069616872856e-06,2.4360358867700866e-05,0.0,0.9743565748430465,0.0025637994214616974,137325.00000000003
nominal,150.0,False,1,0.43366929333076015,0.0021720099472653013,28.5931392439953,1988.5382702406469,0.001028399179558041,2.7323983537923266e-06,2.4360358867700866e-05,0.0,0.9743316303257064,0.002588743938801928,137325.00000000003
nominal,151.0,False,1,0.43366929333076015,0.0021720099472653013,28.5931392439953,2017.1314094846502,0.0010283728508211213,2.758727090711797e-06,2.4360358867700866e-05,0.0,0.9743066858083662,0.0026136884561421586,137324.99999999997
nominal,152.0,False,1,0.43366929333076015,0.0021720099472653013,28.5931392439953,2045.7245487286536,0.001028346522084202,2.7850558276312676e-06,2.4360358867700866e-05,0.0,0.9742817412910258,0.0026386329734823886,137325.00000000003
nominal,153.0,False,1,0.43366929333076015,0.0021720099472653013,28.5931392439953,2074.317687972657,0.0010283201933472823,2.811384564550738e-06,2.4360358867700866e-05,0.0,0.9742567967736857,0.00266357749082262,137324.99999999997
nominal,154.0,False,1,0.43366929333076015,0.0021720099472653013,28.5931392439953,2102.9108272166604,0.001028293864610363,2.8377133014702086e-06,2.4360358867700866e-05,0.0,0.9742318522563453,0.0026885220081628493,137325.00000000003
nominal,155.0,False,1,0.43366929333076015,0.0021720099472653013,28.5931392439953,2131.503966460664,0.0010282675358734435,2.864042038389679e-06,2.4360358867700866e-05,0.0,0.9742069077390052,0.00271346652550308,137325.00000000003
nominal,156.0,False,1,0.43366929333076015,0.0021720099472653013,28.5931392439953,2160.0971057046672,0.0010282412071365241,2.8903707753091495e-06,2.4360358867700866e-05,0.0,0.9741819632216651,0.0027384110428433106,137325.00000000003
nominal,157.0,False,1,0.43366929333076015,0.0021720099472653013,28.5931392439953,2188.6902449486706,0.0010282148783996045,2.91669951222862e-06,2.4360358867700866e-05,0.0,0.9741570187043247,0.002763355560183541,137325.00000000003
nominal,158.0,False,1,0.43366929333076015,0.0021720099472653013,28.5931392439953,2217.283384192674,0.0010281885496626851,2.9430282491480905e-06,2.4360358867700866e-05,0.0,0.9741320741869846,0.0027883000775237713,137325.00000000003
nominal,159.0,False,1,0.43366929333076015,0.0021720099472653013,28.5931392439953,2245.8765234366774,0.0010281622209257655,2.969356986067561e-06,2.4360358867700866e-05,0.0,0.9741071296696444,0.002813244594864002,137324.99999999997
nominal,160.0,False,1,0.43366929333076015,0.0021720099472653013,28.5931392439953,2274.469662680681,0.0010281358921888461,2.9956857229870315e-06,2.4360358867700866e-05,0.0,0.974082185152304,0.002838189112204232,137325.00000000003
nominal,161.0,True,1,0.37687181736861386,0.0021618536187546712,28.459437593283322,3.0561376545809096,0.0010317719774274325,2.5500659346768236e-06,2.1169893417424636e-05,0.0,0.9775271051103672,0.002415997551300545,137324.99999999997
nominal,162.0,False,2,0.4240304998168869,0.0021702863714951693,28.570449457489023,31.49222939430409,0.0010303574988592035,1.3155157479656101e-06,2.3818922172365062e-05,0.0,0.9761869920133927,0.0012463531952498358,137325.00000000003
nominal,163.0,False,2,0.43352652689092075,0.00217198441826355,28.59280317080984,60.07994936556851,0.0010297977529979952,1.3418444848850594e-06,2.4352339296653904e-05,0.0,0.97565667449821,0.0012712977125900462,137325.00000000003
nominal,164.0,False,2,0.43366717872416455,0.0021720095691386524,28.59313426619677,88.67300834119072,0.0010297635234731114,1.3681732218045088e-06,2.436024008461817e-05,0.0,0.9756242445727022,0.0012962422299302567,137325.00000000003
nominal,165.0,False,2,0.4336692620099472,0.0021720099416646216,28.59313917026589,117.2661463962789,0.0010297370777124827,1.394501958723958e-06,2.436035710832741e-05,0.0,0.9755991891841131,0.0013211867472704669,137325.00000000003
nominal,166.0,False,2,0.43366929286684786,0.0021720099471823464,28.593139242903252,145.85928562266457,0.0010297107472422489,1.4208306956434074e-06,2.4360358841641677e-05,0.0,0.9755742430245868,0.0013461312646106775,137324.99999999997
nominal,167.0,False,2,0.43366929332388954,0.0021720099472640727,28.593139243979127,174.45242486639896,0.0010296844184796562,1.4471594325628567e-06,2.4360358867314924e-05,0.0,0.9755492984829232,0.001371075781950888,137324.99999999997
nominal,168.0,False,2,0.43366929333065907,0.0021720099472652835,28.593139243995065,203.04556411039047,0.0010296580897423565,1.473488169482306e-06,2.4360358867695188e-05,0.0,0.9755243539652225,0.001396020299291098,137325.00000000003
nominal,169.0,False,2,0.43366929333075926,0.0021720099472653013,28.5931392439953,231.63870335438534,0.0010296317610054317,1.4998169064017553e-06,2.4360358867700815e-05,0.0,0.9754994094478772,0.0014209648166313084,137325.00000000003
nominal,170.0,False,2,0.43366929333076015,0.0021720099472653013,28.5931392439953,260.23184259838064,0.0010296054322685118,1.5261456433212046e-06,2.4360358867700866e-05,0.0,0.9754744649305368,0.001445909333971519,137324.99999999997
nominal,171.0,False,2,0.43366929333076015,0.0021720099472653013,28.5931392439953,288.82498184237835,0.0010295791035315925,1.552474380240654e-06,2.4360358867700866e-05,0.0,0.9754495204131964,0.001470853851311729,137325.00000000003
nominal,172.0,False,2,0.43366929333076015,0.0021720099472653013,28.5931392439953,317.41812108637606,0.0010295527747946728,1.5788031171601032e-06,2.4360358867700866e-05,0.0,0.9754245758958563,0.0014957983686519397,137324.99999999997
nominal,173.0,False,2,0.43366929333076015,0.0021720099472653013,28.5931392439953,346.0112603303738,0.0010295264460577535,1.6051318540795525e-06,2.4360358867700866e-05,0.0,0.9753996313785162,0.0015207428859921501,137324.99999999997
nominal,174.0,False,2,0.43366929333076015,0.0021720099472653013,28.5931392439953,374.6043995743715,0.001029500117320834,1.6314605909990018e-06,2.4360358867700866e-05,0.0,0.975374686861176,0.0015456874033323606,137324.99999999997
nominal,175.0,False,2,0.43366929333076015,0.0021720099472653013,28.5931392439953,403.1975388183692,0.001029473788583915,1.6577893279184511e-06,2.4360358867700866e-05,0.0,0.9753497423438356,0.0015706319206725701,137325.00000000003
nominal,176.0,False,2,0.43366929333076015,0.0021720099472653013,28.5931392439953,431.7906780623669,0.0010294474598469953,1.6841180648379004e-06,2.4360358867700866e-05,0.0,0.9753247978264955,0.001595576438012781,137325.00000000003
nominal,177.0,False,2,0.43366929333076015,0.0021720099472653013,28.5931392439953,460.3838173063646,0.001029421131110076,1.7104468017573497e-06,2.4360358867700866e-05,0.0,0.9752998533091554,0.0016205209553529912,137325.00000000003
nominal,178.0,False,2,0.43366929333076015,0.0021720099472653013,28.5931392439953,488.97695655036233,0.001029394802373156,1.736775538676799e-06,2.4360358867700866e-05,0.0,0.9752749087918152,0.0016454654726932023,137324.99999999994
nominal,179.0,False,2,0.43366929333076015,0.0021720099472653013,28.5931392439953,517.570095794359,0.0010293684736362367,1.7631042755962484e-06,2.4360358867700866e-05,0.0,0.9752499642744749,0.0016704099900334123,137324.99999999997
nominal,180.0,False,2,0.43366929333076015,0.0021720099472653013,28.5931392439953,546.163235038351,0.0010293421448993173,1.7894330125156977e-06,2.4360358867700866e-05,0.0,0.9752250197571347,0.0016953545073736228,137324.99999999997
nominal,181.0,False,2,0.43366929333076015,0.0021720099472653013,28.5931392439953,574.756374282343,0.0010293158161623981,1.815761749435147e-06,2.4360358867700866e-05,0.0,0.9752000752397946,0.0017202990247138328,137325.00000000003
nominal,182.0,False,2,0.43366929333076015,0.0021720099472653013,28.5931392439953,603.349513526335,0.0010292894874254785,1.8420904863545963e-06,2.4360358867700866e-05,0.0,0.9751751307224542,0.0017452435420540432,137325.00000000003
nominal,183.0,False,2,0.43366929333076015,0.0021720099472653013,28.5931392439953,631.9426527703271,0.0010292631586885591,1.8684192232740456e-06,2.4360358867700866e-05,0.0,0.975150186205114,0.0017701880593942534,137325.00000000003
nominal,184.0,False,2,0.43366929333076015,0.0021720099472653013,28.5931392439953,660.5357920143191,0.0010292368299516397,1.8947479601934949e-06,2.4360358867700866e-05,0.0,0.9751252416877738,0.0017951325767344639,137325.00000000003
nominal,185.0,False,2,0.43366929333076015,0.0021720099472653013,28.5931392439953,689.1289312583111,0.0010292105012147201,1.9210766971129554e-06,2.4360358867700866e-05,0.0,0.9751002971704337,0.0018200770940746851,137324.99999999997
nominal,186.0,False,2,0.43366929333076015,0.0021720099472653013,28.5931392439953,717.7220705023032,0.0010291841724778005,1.947405434032426e-06,2.4360358867700866e-05,0.0,0.9750753526530933,0.0018450216114149155,137324.99999999997
nominal,187.0,False,2,0.43366929333076015,0.0021720099472653013,28.5931392439953,746.3152097462952,0.0010291578437408811,1.9737341709518964e-06,2.4360358867700866e-05,0.0,0.9750504081357532,0.0018699661287551461,137324.99999999997
nominal,188.0,False,2,0.43366929333076015,0.0021720099472653013,28.5931392439953,774.9083489902872,0.0010291315150039618,2.000062907871367e-06,2.4360358867700866e-05,0.0,0.9750254636184128,0.001894910646095376,137325.00000000003
nominal,189.0,False,2,0.43366929333076015,0.0021720099472653013,28.5931392439953,803.5014882342792,0.0010291051862670424,2.0263916447908374e-06,2.4360358867700866e-05,0.0,0.9750005191010727,0.0019198551634356065,137325.00000000003
nominal,190.0,False,2,0.43366929333076015,0.0021720099472653013,28.5931392439953,832.0946274782713,0.001029078857530123,2.052720381710308e-06,2.4360358867700866e-05,0.0,0.9749755745837325,0.0019447996807758368,137325.00000000003
nominal,191.0,False,2,0.43366929333076015,0.0021720099472653013,28.5931392439953,860.6877667222633,0.0010290525287932032,2.0790491186297783e-06,2.4360358867700866e-05,0.0,0.9749506300663922,0.0019697441981160677,137324.99999999997
nominal,192.0,False,2,0.43366929333076015,0.0021720099472653013,28.5931392439953,889.2809059662553,0.0010290262000562838,2.105377855549249e-06,2.4360358867700866e-05,0.0,0.974925685549052,0.001994688715456298,137324.99999999997
nominal,193.0,False,2,0.43366929333076015,0.0021720099472653013,28.5931392439953,917.8740452102473,0.0010289998713193644,2.1317065924687193e-06,2.4360358867700866e-05,0.0,0.9749007410317119,0.0020196332327965284,137324.99999999997
nominal,194.0,False,2,0.43366929333076015,0.0021720099472653013,28.5931392439953,946.4671844542394,0.001028973542582445,2.1580353293881898e-06,2.4360358867700866e-05,0.0,0.9748757965143715,0.002044577750136759,137325.00000000003
nominal,195.0,False,2,0.43366929333076015,0.0021720099472653013,28.5931392439953,975.0603236982314,0.0010289472138455256,2.1843640663076602e-06,2.4360358867700866e-05,0.0,0.9748508519970314,0.002069522267476989,137325.00000000003
nominal,196.0,False,2,0.43366929333076015,0.0021720099472653013,28.5931392439953,1003.6534629422234,0.0010289208851086058,2.2106928032271307e-06,2.4360358867700866e-05,0.0,0.974825907479691,0.00209446678481722,137324.99999999997
nominal,197.0,False,2,0.43366929333076015,0.0021720099472653013,28.5931392439953,1032.2466021862188,0.0010288945563716864,2.237021540146601e-06,2.4360358867700866e-05,0.0,0.9748009629623509,0.0021194113021574504,137324.99999999997
nominal,198.0,False,2,0.43366929333076015,0.0021720099472653013,28.5931392439953,1060.8397414302221,0.001028868227634767,2.2633502770660717e-06,2.4360358867700866e-05,0.0,0.9747760184450107,0.002144355819497681,137324.99999999997
nominal,199.0,False,2,0.43366929333076015,0.0021720099472653013,28.5931392439953,1089.4328806742255,0.0010288418988978476,2.289679013985542e-06,2.4360358867700866e-05,0.0,0.9747510739276704,0.0021693003368379107,137325.00000000003
nominal,200.0,False,2,0.43366929333076015,0.0021720099472653013,28.5931392439953,1118.0260199182287,0.0010288155701609282,2.3160077509050122e-06,2.4360358867700866e-05,0.0,0.9747261294103302,0.0021942448541781407,137325.00000000003
