current_a,voltage_v,time_s,mean_current_density_a_m2,j_xi_0_a_m2,j_xi_05_a_m2,j_xi_1_a_m2
7.3,0.850625,0.0,633.6542027015705,650.1234685325529,631.4868295185316,625.8544296027434
7.3,0.850625,9.999999999999991e-05,631.7617283834098,648.1462087746659,629.6055988973282,624.0017659364805
7.3,0.850625,0.00019999999999999963,629.7304470592932,646.0436200030963,627.5837460174663,622.0040782827976
7.3,0.850625,0.0002999999999999994,626.2393828531295,642.4483622593962,624.1064258472637,618.5622314703264
7.3,0.850625,0.0003999999999999991,622.1268415984053,638.218233920267,620.0093845615431,614.5052774239921
7.3,0.850625,0.0004999999999999991,618.0085152775915,633.9844891022226,615.9062672432947,610.4415335901483
7.3,0.850625,0.0006000000000000016,614.1364476957737,630.005377818264,612.0483018056046,606.6201011339596
7.3,0.850625,0.000700000000000004,610.5882979316508,626.3602162070283,608.5129301371757,603.1178508341741
7.3,0.850625,0.0008000000000000064,607.3708648781933,623.0556390148223,605.3069735567253,599.9416560274364
7.3,0.850625,0.0009000000000000089,604.4647545554229,620.0714521144004,602.4111440961283,597.0724988336237
7.3,0.850625,0.0010000000000000113,601.8425983698697,617.3793312351833,599.7981995147054,594.4834609252132
7.3,0.850625,0.0011000000000000137,599.4761948854931,614.9501469356152,597.4400609678066,592.1467785061168
7.3,0.850625,0.0012000000000000162,597.3391071467635,612.7566230488168,595.3104023023019,590.0364106225564
7.3,0.850625,0.0013000000000000186,595.4074295242971,610.774116015893,593.385415277127,588.1288000213812
7.3,0.850625,0.001400000000000021,593.6598438607735,608.9806653841673,591.6438664698272,586.4029319011648
7.3,0.850625,0.0015000000000000234,592.0774230708471,607.3567861084366,590.0669023783946,584.8401428030676
7.3,0.850625,0.0016000000000000259,590.643366047864,605.8851914395651,588.6377859218842,583.4238611600822
7.3,0.850625,0.0017000000000000283,589.3427343232456,604.5505186293364,587.3416345513834,582.1393491046036
7.3,0.850625,0.0018000000000000307,588.1622144827651,603.3390819497581,586.1651839105474,580.9734693046423
7.3,0.850625,0.0019000000000000332,587.0899118055105,602.238658481051,585.0965825138068,579.9144822967851
7.3,0.850625,0.0020000000000000304,586.1151736315547,601.2383049913612,584.1252159721762,578.9518729092619
7.3,0.850625,0.002100000000000022,585.2284387585831,600.328201983149,583.2415570976273,578.0762021778407
7.3,0.850625,0.0022000000000000136,584.4211088390484,599.4995206706287,582.4370378842362,577.2789808267171
7.3,0.850625,0.002300000000000005,583.6854381064238,598.7443090347692,581.7039397194806,576.5525607258515
7.3,0.850625,0.0023999999999999968,583.0144383094731,598.0553936887952,581.0352987239258,575.8900412723408
7.3,0.850625,0.0024999999999999883,582.4017962799792,597.4262948613012,580.4248236599159,575.2851881789103
7.3,0.850625,0.00259999999999998,581.841802045271,596.851152314734,579.8668243337441,574.7323626219153
7.3,0.850625,0.0026999999999999715,581.3292857944257,596.3246604344847,579.356148809334,574.2264590947334
7.3,0.850625,0.002799999999999963,580.8595623330386,595.8420110660336,578.8881280763826,573.7628506266677
7.3,0.850625,0.0028999999999999547,580.4283819174825,595.3988429449682,578.4585270696214,573.3373402814411
7.3,0.850625,0.0029999999999999463,580.0318865647599,594.9911967803163,578.0635011403303,572.9461180469217
7.3,0.850625,0.003099999999999938,579.6665710944642,594.6154752190864,577.6995572402406,572.5857223867366
7.3,0.850625,0.0031999999999999295,579.3292482874826,594.2684070534293,577.3635192055032,572.253005849454
7.3,0.850625,0.003299999999999921,579.0170176472295,593.9470151380735,577.0524966290978,571.9451042289124
7.3,0.850625,0.0033999999999999126,578.7272373303763,593.6485875697895,576.7638568904406,571.6594088507059
7.3,0.850625,0.0034999999999999042,578.4574988793318,593.3706517492351,576.4951999760812,571.3935416224309
7.3,0.850625,0.003599999999999896,578.2056044417099,593.1109509997276,576.2443357783852,571.1453325369904
7.3,0.850625,0.0036999999999998874,577.9695462053741,592.8674234632933,576.0092636012986,570.9127993637568
7.3,0.850625,0.003799999999999879,577.7474878139527,592.6381830322807,575.7881536397139,570.6941292925801
7.3,0.850625,0.0038999999999998706,577.5377475572383,592.4215021039846,575.5793302270737,570.4876623311507
7.3,0.850625,0.003999999999999882,577.3387831566373,592.2157959745058,575.3812566723815,570.2918762757923
7.3,0.850625,0.004099999999999895,577.1491779872916,592.0196087084581,575.1925215285979,570.1053731008994
7.3,0.850625,0.004199999999999909,576.9676285976402,591.8316003419502,575.0118261538771,569.9268666283824
7.3,0.850625,0.004299999999999922,576.7929334026697,591.6505352920125,574.8379734421115,569.7551713555596
7.3,0.850625,0.004399999999999935,576.6239824423118,591.4752718616512,574.6698576144598,569.5891923343797
7.3,0.850625,0.0044999999999999485,576.4597481094041,591.3047527430479,574.5064549769284,569.4279160056634
7.3,0.850625,0.004599999999999962,576.2992767624668,591.1379964317866,574.346815559019,569.2704019069379
7.3,0.850625,0.004699999999999975,576.1416811506879,590.9740894798582,574.1900555613258,569.1157751789654
7.3,0.850625,0.004799999999999988,575.9861335873956,590.8121795224325,574.0353505480205,568.9632198098594
7.3,0.850625,0.004900000000000002,575.8318598193924,590.65146902616,573.8819293319056,568.8119725625727
7.3,0.850625,0.005000000000000015,575.6781335480019,590.4912097152542,573.729068507594,568.6613175423818
7.3,0.850625,0.005100000000000028,575.5242715688574,590.3306976444095,573.5760875998783,568.5105813692215
7.3,0.850625,0.005200000000000041,575.3696295060657,590.1692688963984,573.4223448020595,568.3591289317583
7.3,0.850625,0.005300000000000055,575.2135981293754,590.0062958961294,573.2672332930608,568.2063597078801
7.3,0.850625,0.005400000000000068,575.0556002539162,589.8411843466865,573.1101781315988,568.0517046504154
7.3,0.850625,0.005500000000000081,574.8950882370286,589.6733708066723,572.950633741449,567.8946236497038
7.3,0.850625,0.0056000000000000945,574.7315421032155,589.5023209505824,572.7880820174835,567.7346035987761
7.3,0.850625,0.005700000000000108,574.5644683487066,589.3275285741126,572.6220311022446,567.5711571091483
7.3,0.850625,0.005800000000000121,574.3933995012341,589.1485154354751,572.4520149067856,567.4038219447872
7.3,0.850625,0.005900000000000134,574.2178945434312,588.9648320616611,572.277593481249,567.2321612739296
7.3,0.850625,0.006000000000000148,574.0375403452008,588.7760596905931,572.0983543769506,567.055764872809
7.3,0.850625,0.006100000000000161,573.8519543037963,588.5818135830102,571.9139151940108,566.8742514637247
7.3,0.850625,0.006200000000000174,573.6607884538328,588.3817480119623,571.7239275704453,566.687272429253
7.3,0.850625,0.006300000000000187,573.4637353964551,588.1755633394171,571.5280829533127,566.4945172260627
7.3,0.850625,0.006400000000000201,573.2605365096905,587.9630157221163,571.3261206034309,566.295720922303
7.3,0.850625,0.006500000000000214,573.0509930516231,587.7439301665257,571.1178384298828,566.0906744236813
7.3,0.850625,0.006600000000000227,572.8349809688042,587.5182178881763,570.9031074471231,565.8792381361558
7.3,0.850625,0.0067000000000002405,572.6124704908719,587.285899251323,570.6818909086412,565.6613600593435
7.3,0.850625,0.006800000000000254,572.3835519570401,587.0471339965779,570.4542695267777,565.4370996385521
7.3,0.850625,0.006900000000000267,572.1484698135182,586.8022610561915,570.2204746672277,565.2066591560072
7.3,0.850625,0.00700000000000028,571.9076674001102,586.5518510649631,569.9809320690496,564.9704250595
7.3,0.850625,0.007100000000000294,571.6618460752802,586.2967757954833,569.736319544723,564.7290224773058
7.3,0.850625,0.007200000000000307,571.4120435214624,586.0383003000323,569.4876433714365,564.4833873429952
7.3,0.850625,0.00730000000000032,571.1597378731875,585.7782057138216,569.2363398334282,564.2348621915903
7.3,0.850625,0.007400000000000333,570.9069868348166,585.5189537312542,568.984410825208,563.9853239768138
7.3,0.850625,0.007500000000000347,570.6566145189232,585.2639080885648,568.7346058838715,563.7373554894883
7.3,0.850625,0.00760000000000036,570.4124637935649,585.017634542729,568.4906679220946,563.494476530282
7.3,0.850625,0.007700000000000373,570.1797391541289,584.7863096532122,568.2576669384757,563.2614575176582
7.3,0.850625,0.0078000000000003865,569.9654755165017,584.578281369806,568.04245603866,563.044747574564
7.3,0.850625,0.0079000000000004,569.7791833337789,584.4048428253298,567.8542986312306,562.8530626524212
26.04,0.7681655172413794,0.0,2318.671277220707,2436.64844993533,2302.639975234499,2264.8193124509153
26.04,0.7681655172413794,9.999999999999991e-05,2294.5501812255347,2410.4134410988445,2278.809909822339,2241.64800696501
26.04,0.7681655172413794,0.00019999999999999963,2278.988772128745,2393.6195910852957,2263.4178011356043,2226.6418371447576
26.04,0.7681655172413794,0.0002999999999999994,2260.340701809809,2373.7113978187404,2244.942233413963,2208.563879384262
26.04,0.7681655172413794,0.0003999999999999991,2240.6268416904754,2352.7527661712666,2225.398492000808,2189.414315968355
26.04,0.7681655172413794,0.0004999999999999991,2221.846382940507,2332.8318548988323,2206.7737375070355,2171.151492716068
26.04,0.7681655172413794,0.0006000000000000016,2204.752439781981,2314.7304057687543,2189.8172379750513,2154.515281022929
26.04,0.7681655172413794,0.000700000000000004,2189.4780667986665,2298.5787493368116,2174.6624595794256,2139.6398131374845
26.04,0.7681655172413794,0.0008000000000000064,2175.915740333882,2284.2553145429088,2161.2038240241473,2126.4238313637943
26.04,0.7681655172413794,0.0009000000000000089,2163.8833619803295,2271.5615080015123,2149.26150458178,2114.6926455533453
26.04,0.7681655172413794,0.0010000000000000113,2153.190487640502,2260.2913693057403,2138.6471896346707,2104.2627979985878
26.04,0.7681655172413794,0.0011000000000000137,2143.6622140086406,2250.2565410082802,2129.1878226597655,2094.9654524045004
26.04,0.7681655172413794,0.0012000000000000162,2135.145765072941,2241.2929900758368,2120.732171338687,2086.6529150070596
26.04,0.7681655172413794,0.0013000000000000186,2127.5103640969137,2233.260666063715,2113.1507295210617,2079.1986004335195
26.04,0.7681655172413794,0.001400000000000021,2120.6448002253933,2226.0407567719926,2106.333326898904,2072.4947369847528
26.04,0.7681655172413794,0.0015000000000000234,2114.45447899817,2219.532431209789,2100.186221984146,2066.4495548426476
26.04,0.7681655172413794,0.0016000000000000259,2108.8586379440844,2213.649786479667,2094.62935475156,2060.984622178598
26.04,0.7681655172413794,0.0017000000000000283,2103.7879448987624,2208.3192242413415,2089.593975517402,2056.032543081622
26.04,0.7681655172413794,0.0018000000000000307,2099.1825091386922,2203.477284003667,2085.0206805544826,2051.535048610556
26.04,0.7681655172413794,0.0019000000000000332,2094.990265863637,2199.068887315918,2080.8578158742207,2047.4414443690223
26.04,0.7681655172413794,0.0020000000000000304,2091.165674708908,2195.045926530927,2077.060190826858,2043.7073584150894
26.04,0.7681655172413794,0.002100000000000022,2087.668673141879,2191.3661326452047,2073.5880432518397,2040.2937331987087
26.04,0.7681655172413794,0.0022000000000000136,2084.463832938492,2187.992165078248,2070.406205110033,2037.166012112573
26.04,0.7681655172413794,0.002300000000000005,2081.519676980579,2184.8908763521636,2067.4834264297842,2034.293479812173
26.04,0.7681655172413794,0.0023999999999999968,2078.808122176518,2182.0327141110392,2064.7918238321727,2031.6487236193777
26.04,0.7681655172413794,0.0024999999999999883,2076.304021642892,2179.3912310219957,2062.3064271316084,2029.207190308924
26.04,0.7681655172413794,0.00259999999999998,2073.984785271275,2176.9426797053925,2060.004803407722,2026.946818291368
26.04,0.7681655172413794,0.0026999999999999715,2071.8300625446045,2174.6656750528296,2057.8667426204206,2024.8477297331158
26.04,0.7681655172413794,0.002799999999999963,2069.8214751719656,2172.540910380293,2055.8739924917054,2022.891970684681
26.04,0.7681655172413794,0.0028999999999999547,2067.942389975651,2170.5509170024943,2054.0100332034826,2021.0632900374815
26.04,0.7681655172413794,0.0029999999999999463,2066.1777246625225,2168.6798592405275,2052.2598846291858,2019.3469502178632
26.04,0.7681655172413794,0.003099999999999938,2064.5137808147188,2166.913358744185,2050.6099404964066,2017.7295641585006
26.04,0.7681655172413794,0.0031999999999999295,2062.938099737046,2165.238343445928,2049.0478251604973,2016.1989543343589
26.04,0.7681655172413794,0.003299999999999921,2061.43933782961,2163.64291760339,2047.5622696870034,2014.744030626256
26.04,0.7681655172413794,0.0033999999999999126,2060.0071589582585,2162.116250280849,2046.1430047310012,2013.3546845446976
26.04,0.7681655172413794,0.0034999999999999042,2058.632141957313,2160.6484803616036,2044.78066835218,2012.0216979735542
26.04,0.7681655172413794,0.003599999999999896,2057.3057019595217,2159.230636823801,2043.4667274548171,2010.7366651140605
26.04,0.7681655172413794,0.0036999999999998874,2056.020024739533,2157.854573585784,2042.19341201946,2009.491926773573
26.04,0.7681655172413794,0.003799999999999879,2054.768013731326,2156.512918788638,2040.9536617560696,2008.2805165750397
26.04,0.7681655172413794,0.0038999999999998706,2053.5432498609794,2155.199038982346,2039.7410852717314,2007.0961190966045
26.04,0.7681655172413794,0.003999999999999882,2052.339964858887,2153.907019338298,2038.5499323490276,2005.9330404189154
26.04,0.7681655172413794,0.004099999999999895,2051.153029331683,2152.631661811621,2037.3750805205748,2004.7861920961768
26.04,0.7681655172413794,0.004199999999999909,2049.977957619439,2151.368504160213,2036.212037835406,2003.6510902147975
26.04,0.7681655172413794,0.004299999999999922,2048.810932412943,2150.1138640023273,2035.0569646131642,2002.523872022675
26.04,0.7681655172413794,0.004399999999999935,2047.6488533416243,2148.8649137645853,2033.9067181558853,2001.4013336616192
26.04,0.7681655172413794,0.0044999999999999485,2046.489415377727,2147.619794612832,2032.7589259296424,2000.2809939349606
26.04,0.7681655172413794,0.004599999999999962,2045.331225099006,2146.377780482678,2031.6120948052717,1999.1611908902712
26.04,0.7681655172413794,0.004699999999999975,2044.173965836969,2145.139507457059,2030.4657667597157,1998.0412205258926
26.04,0.7681655172413794,0.004799999999999988,2043.0186268154491,2143.9072894168658,2029.3207352821737,1996.9215303471335
26.04,0.7681655172413794,0.004900000000000002,2041.8678170010246,2142.6855487387825,2028.1793420123224,1995.8039852180752
26.04,0.7681655172413794,0.005000000000000015,2040.7261921663437,2141.4814017182107,2027.0458804551645,1994.692229459194
26.04,0.7681655172413794,0.005100000000000028,2039.601034481693,2140.305453593045,2025.9271437795198,1993.5921781790325
26.04,0.7681655172413794,0.005200000000000041,2038.5030390486888,2139.172879298864,2024.833167891538,1992.512683427115
26.04,0.7681655172413794,0.005300000000000055,2037.4473829273554,2138.104895835831,2023.7782408351293,1991.4664383877844
26.04,0.7681655172413794,0.005400000000000068,2036.4551818275906,2137.130773756389,2022.78227741356,1990.4712075549153
26.04,0.7681655172413794,0.005500000000000081,2035.5554811405675,2136.2905933943393,2021.8726969801885,1989.5515055283129
26.04,0.7681655172413794,0.0056000000000000945,2034.7879859725551,2135.6390320138235,2021.0869970232588,1988.7408957284713
26.04,0.7681655172413794,0.005700000000000108,2034.2068153404507,2135.250578489664,2020.4762913148606,1988.0851482935977
26.04,0.7681655172413794,0.005800000000000121,2033.8856761304253,2135.2267204740897,2020.1101864170666,1987.6465906401952
26.04,0.7681655172413794,0.005900000000000134,2033.9250009087955,2135.7058415361525,2020.0835127385428,1987.5101129624495
26.04,0.7681655172413794,0.006000000000000148,2034.4617864722877,2136.876800737725,2020.5256138104478,1987.7914628542092
26.04,0.7681655172413794,0.006100000000000161,2035.6831052680845,2138.9974204991677,2021.6131319232643,1988.6486834162815
26.04,0.7681655172413794,0.006200000000000174,2037.8445149881943,2142.4193042396814,2023.5874937933881,1990.2978105159316
26.04,0.7681655172413794,0.006300000000000187,2041.2947854228325,2147.6203561855273,2026.7785370576223,1993.0342081209778
26.04,0.7681655172413794,0.006400000000000201,2046.5083069390048,2155.245678714526,2031.6357722956745,1997.2610737368047
26.04,0.7681655172413794,0.006500000000000214,2054.125835996781,2166.155392029094,2038.768299621127,2003.5264254670856
26.04,0.7681655172413794,0.006600000000000227,2065.0020860055156,2181.472991924801,2048.992696827145,2012.5687367997132
26.04,0.7681655172413794,0.0067000000000002405,2080.253743980044,2202.6181504051556,2063.3840097388866,2025.3682745195622
26.04,0.7681655172413794,0.006800000000000254,2101.291885373804,2231.2914739249068,2083.3163601667325,2043.1943976509872
26.04,0.7681655172413794,0.006900000000000267,2129.8067874407457,2269.356582531812,2110.4644531444487,2067.6263295348654
26.04,0.7681655172413794,0.00700000000000028,2167.6520696567,2318.5470305735853,2146.71514981539,2100.504788105053
26.04,0.7681655172413794,0.007100000000000294,2216.559065378763,2379.9399488695335,2193.9166077751706,2143.7480123023615
26.04,0.7681655172413794,0.007200000000000307,2277.6276934836314,2453.2293131682545,2253.3953847581192,2198.9553087010577
26.04,0.7681655172413794,0.00730000000000032,2350.6265100243613,2536.0216201828066,2325.2436851179937,2266.762699491386
26.04,0.7681655172413794,0.007400000000000333,2433.309308155233,2623.579568777233,2407.5553392201223,2346.0549232736757
26.04,0.7681655172413794,0.007500000000000347,2521.1411883542655,2709.424194779187,2496.0144847297047,2433.3649964275874
26.04,0.7681655172413794,0.00760000000000036,2607.8229632836237,2786.790928764075,2584.300217970397,2522.945979056078
26.04,0.7681655172413794,0.007700000000000373,2686.643444949077,2850.332888808196,2665.4288775424557,2607.8122707164443
26.04,0.7681655172413794,0.0078000000000003865,2752.1342328894502,2897.234952381301,2733.5258423122095,2681.467075706564
26.04,0.7681655172413794,0.0079000000000004,2801.2362567163345,2927.3116958511578,2785.152773523873,2739.494750351357
