time_s,cell_current_a,initial_temperature_c,converged_temperature_c,temperature_change_k
0.0,26.04,20.0,20.0,0.0
1.0,28.592309821474696,20.12625089931032,20.12625089931032,0.0
2.0,28.59192144918537,20.26598666067798,20.266050457182757,6.379650477583709e-05
3.0,28.591585457786053,20.404847542227685,20.40491881299573,7.12707680463609e-05
4.0,28.591245974683783,20.542779494182298,20.542862462692938,8.296851063960275e-05
5.0,28.590902993141377,20.679787840635186,20.67988754094091,9.970030572503674e-05
6.0,28.59055650562096,20.815878741808888,20.81600014165531,0.00012139984642089985
7.0,28.590206504804794,20.951058329513785,20.951206318266372,0.00014798875258748012
8.0,28.58985298360019,21.085332694650447,21.085512083988704,0.00017938933825689674
9.0,28.58949593513937,21.218707887297057,21.218923412088827,0.00021552479176989436
10.0,28.589135352778946,21.351189916981184,21.351446236151446,0.00025631917026203155
11.0,28.588771230099418,21.48278475295217,21.48308645034342,0.0003016973912508547
12.0,28.58840356090478,21.613498324452053,21.613849909676503,0.0003515852244504458
13.0,28.588032339221787,21.743336520984258,21.7437424302679,0.00040590928364281353
14.0,28.587657559299593,21.872305192580825,21.87276978959926,0.0004645970184355974
15.0,28.5872792156089,22.00041015006775,22.00093772677394,0.0005275767061903025
16.0,28.586897302841425,22.1276571653284,22.12825194277258,0.0005947774441779075
17.0,28.58651181590914,22.25405197156533,22.254718100706896,0.0006661291415639425
18.0,28.58612274994354,22.37960026356012,22.380341826071685,0.0007415625115640978
19.0,28.585730100294846,22.50430769793178,22.505128706995436,0.0008210090636566747
20.0,28.58533386253122,22.62817989339311,22.62908429448902,0.0009044010959087245
21.0,28.584934032437868,22.751222431005488,22.752214102692847,0.0009916716873590303
22.0,28.584530606016184,22.873440854431806,22.87452360912215,0.0010827546903442453
23.0,28.584123579482835,22.99484067018801,22.99601825491095,0.0011775847229387182
24.0,28.58371294926883,23.115427347892535,23.11670344505427,0.001276097161735379
25.0,28.583298712018447,23.235206320514237,23.23658454864858,0.0013782281343424074
26.0,28.582880864588358,23.354182984618888,23.355666899130767,0.0014839145118799024
27.0,28.58245940404646,23.472362700613587,23.473955794515632,0.0015930939020449841
28.0,28.582034327670925,23.589750792989832,23.591456497631384,0.0017057046415516197
29.0,28.58160563294894,23.706352550564816,23.708174236354182,0.0018216857893662564
30.0,28.581173317575725,23.822173226721247,23.82411420384051,0.0019409771192613334
31.0,28.580737379453335,23.937218039645302,23.939281558758353,0.0020635191130509156
32.0,28.580297816689427,24.051492172563144,24.053681425516743,0.0021892529535989524
33.0,28.579854627596138,24.165000773975862,24.16731889449369,0.0023181205178275377
34.0,28.57940781068877,24.27774895789281,24.280199022262707,0.002450064369895699
35.0,28.578957364684577,24.38974180406325,24.392326831817854,0.0025850277546055622
36.0,28.578503288501498,24.50098435820661,24.503707312796962,0.0027229545903537655
37.0,28.578045581256834,24.611481632241066,24.61434542170383,0.0028637894627649985
38.0,28.577584242265896,24.721238604510688,24.724246082128673,0.0030074776179844775
39.0,28.57711927104073,24.83026022001087,24.833414184967012,0.0031539649561409533
40.0,28.57665066728865,24.93855139061253,24.94185458863734,0.003303198024809717
41.0,28.576178430911003,25.046116995284535,25.049572119297125,0.0034551240125892946
42.0,28.575702562001574,25.15296188031482,25.156571571057555,0.0036096907427349834
43.0,28.5752230608453,25.25909085952975,25.262857706196712,0.0037668466669629197
44.0,28.574739927916816,25.364508714512397,25.36843525537131,0.003926540858913086
45.0,28.574253163878865,25.469220194819002,25.473308917827126,0.004088723008123907
46.0,28.573762769581023,25.573230018194124,25.577483361608017,0.0042533434138931625
47.0,28.57326874605806,25.676542870784317,25.6809632237634,0.004420352979082054
48.0,28.572771094528445,25.77916340735044,25.783753110554528,0.004589703204089801
49.0,28.572269816392907,25.881096251478425,25.885857597659196,0.0047613461807713975
50.0,28.5717649132328,25.98234599578865,25.987281230375345,0.004935234586696424
51.0,28.571256386808603,26.08291720214396,26.08802852382297,0.005111321679009961
52.0,28.5707442390583,26.182814401856206,26.188103963144954,0.005289561288748246
53.0,28.570228472095966,26.28204209589154,26.287512003706468,0.005469907814926955
54.0,28.569709088209944,26.380604755074046,26.386257071293016,0.0056523162189705545
55.0,28.569186089861415,26.478506820288317,26.484343562307174,0.0058367420188574215
56.0,28.56865947968269,26.575752702680518,26.58177584396401,0.00602314128349235
57.0,28.5681292604757,26.672346783858075,26.67855825448521,0.0062114706271358955
58.0,28.56759543521024,26.768293416088056,26.774695103291947,0.00640168720389056
59.0,28.56705800702244,26.86359692249414,26.870190671196326,0.006593748702186986
60.0,28.56651697921298,26.95826159725243,26.9650492105917,0.006787613339270138
61.0,28.565972355245595,27.05229170578582,27.059274945641732,0.0069832398559128706
62.0,28.565424138745314,27.145691484957013,27.15287207246797,0.007180587510958958
63.0,28.564872333496716,27.238465143260385,27.245844759336478,0.007379616076093498
64.0,28.56431694344107,27.330616861012516,27.3381971468429,0.007580285830385947
65.0,28.563757972676886,27.422150790541195,27.429933348096654,0.007782557555458425
66.0,28.563195425457604,27.513071056373576,27.521057448903434,0.007986392529858222
67.0,28.56262930618961,27.60338175542273,27.61157350794707,0.00819175252433979
68.0,28.562059619430503,27.693086957173136,27.7014855569696,0.008398599796464623
69.0,28.561486369887362,27.78219070386467,27.790797600950498,0.008606897085826404
70.0,28.56090956241505,27.87069701067577,27.879513618284705,0.008816607608935101
71.0,28.56032920201452,27.95860986590492,27.96763756095919,0.00902769505427159
72.0,28.55974529383113,28.04593323115131,28.05517335472865,0.009240123577342274
73.0,28.55915784315287,28.132671041493893,28.142124899289854,0.009453857795961085
74.0,28.5585668554087,28.218827205669527,28.228496068454945,0.009668862785417787
75.0,28.557972336166802,28.304405606249873,28.314290710323405,0.009885104073532602
76.0,28.557374291132835,28.389410099816985,28.399512647453037,0.010102547636051895
77.0,28.556772726148278,28.473844517137763,28.484165677029864,0.010321159892100695
78.0,28.55616764718872,28.557712663337327,28.568253571036564,0.010540907699237323
79.0,28.555559060362015,28.641018318071076,28.65178007642021,0.010761758349133288
80.0,28.554946971906737,28.72376523569568,28.73474891525848,0.010983679562798443
81.0,28.3901997374472,28.805957145438924,28.817163784925185,0.011206639486260883
82.0,28.574972162278154,28.886537566506718,28.89824255735141,0.011704990844691565
83.0,28.57444220274713,28.967884786503816,28.979667460095698,0.011782673591881121
84.0,28.57382246548526,29.048714754689513,29.060548891267956,0.011834136578443122
85.0,28.573199168840183,29.129002438406133,29.14089004197575,0.011887603569618932
86.0,28.57257236102707,29.20875103880013,29.22069449486247,0.011943456062340374
87.0,28.571942049389055,29.287964150532616,29.29996580898552,0.012001658452902575
88.0,28.57130824135974,29.36664535032105,29.37870751977738,0.01206216945632832
89.0,28.57067094448732,29.444798191015877,29.4569231392025,0.012124948186624351
90.0,28.57003016643319,29.522426201671465,29.53461615591317,0.012189954241705436
91.0,28.569385914970173,29.599532887704527,29.61179003540451,0.012257147699983761
92.0,28.56873819798083,29.676121731053,29.688448220168425,0.012326489115423556
93.0,28.568087023455877,29.752196190333677,29.764594129846444,0.012397939512766243
94.0,28.56743239949235,29.827759700998968,29.840231161381553,0.012471460382585065
95.0,28.56677433429209,29.902815675492377,29.915362689169115,0.012547013676737606
96.0,28.56611283615999,29.97736750340306,29.989992065206593,0.012624561803534107
97.0,28.565447913502336,30.051418551619406,30.064122619242482,0.012704067623076298
98.0,28.56477957482502,30.12497216448139,30.13775765892416,0.012785494442766776
99.0,28.56410782873023,30.198031663932227,30.21090046994476,0.01286880601253415
100.0,28.563432683918148,30.270600349668484,30.283554316189054,0.012953966520569793
101.0,28.562754149184254,30.342681499289824,30.355722439878207,0.013040940588382455
102.0,28.562072233417275,30.41427836844713,30.42740806171406,0.013129693266932918
103.0,28.56138694559756,30.48539419099012,30.49861438102181,0.013220190031688617
104.0,28.560698294795408,30.556032179113572,30.56934457589216,0.013312396778587754
105.0,28.56000629016955,30.62619552350293,30.639601803322535,0.013406279819605516
106.0,28.559310940965492,30.695887393478642,30.70938919935702,0.013501805878377127
107.0,28.558612256513996,30.76511093713964,30.778709879225687,0.013598942086048282
108.0,28.557910246229376,30.833869281505883,30.847566937482952,0.013697655977068735
109.0,28.55720491960807,30.902165532659865,30.915963448144794,0.013797915484929035
110.0,28.556496286226952,30.97000277588728,30.98390246482535,0.013899688938067811
111.0,28.555784355741924,31.037384075816533,31.05138702087237,0.01400294505583588
112.0,28.555069137886207,31.104312476557595,31.118420129501885,0.014107652944289839
113.0,28.554350642468894,31.170791001839746,31.185004783932015,0.014213782092269867
114.0,28.55362887937344,31.23682265514833,31.25114395751575,0.014321302367420685
115.0,28.552903858556096,31.302410419860735,31.31684060387289,0.014430184012155678
116.0,28.552175590044406,31.367557259381442,31.38209765702129,0.01454039763984838
117.0,28.55144408393575,31.43226611727613,31.44691803150687,0.014651914230739749
118.0,28.550709350395813,31.496539917404675,31.511304622533203,0.014764705128527567
119.0,28.549971399657135,31.560381564053785,31.57526030608983,0.014878742036046333
120.0,28.549230242017572,31.62379394206812,31.638787939079975,0.014993997011856663
121.0,28.54848588783894,31.686779916980925,31.701890359447304,0.015110442466379936
122.0,28.5477383475455,31.74934233514375,31.76457038630184,0.015228051158089784
123.0,28.546987631622553,31.81148402385503,31.82683082004513,0.015346796190101486
124.0,28.54623375061496,31.8732077914882,31.888674442494505,0.01546665100630662
125.0,28.5454767151258,31.934516427618632,31.950104017006538,0.01558758938790561
126.0,28.54471653581487,31.99541270314984,32.01112228859961,0.015709585449769747
127.0,28.54395322339741,32.055899370438794,32.07173198407571,0.015832613636916903
128.0,28.543186788642558,32.115979163420434,32.131935812141535,0.01595664872110092
129.0,28.54241724237211,32.17565479773134,32.19173646352863,0.016081665797287314
130.0,28.541644595459143,32.234928970832584,32.25113661111271,0.016207640280129
131.0,28.540868858826588,32.29380436213171,32.31013891003232,0.016334547900612506
132.0,28.540090043445907,32.35228363310381,32.368745997806684,0.016462364702874765
133.0,28.539308160335835,32.41036942741198,32.42696049445266,0.01659106704067881
134.0,28.538523220560982,32.46806437102697,32.48478500260097,0.016720631574003164
135.0,28.537735235230567,32.525371072345706,32.54222210761185,0.016851035266142844
136.0,28.53694421549707,32.58229212230947,32.599274377689426,0.016982255379957678
137.0,28.536150172555043,32.63883009452081,32.65594436399596,0.01711426947514383
138.0,28.535353117639726,32.69498754536011,32.71223460076493,0.017247055404823186
139.0,28.534553062025847,32.75076701410103,32.76814760541339,0.01738059131236014
140.0,28.53375001702637,32.80617102302551,32.82368587865375,0.017514855628235182
141.0,28.53294399399122,32.86120207753754,32.87885190460469,0.017649827067145907
142.0,28.532135004306102,32.91586266627655,32.93364815090132,0.017785484624766923
143.0,28.53132305939125,32.970155261229934,32.98807706880467,0.01792180757473716
144.0,28.530508170700244,33.02408231784483,33.04214109331042,0.018058775465590315
145.0,28.529690349718734,33.07764627513899,33.095842643257015,0.018196368118026385
146.0,28.528869607963486,33.13084955581104,33.149184121432825,0.01833456562178526
147.0,28.528045956980854,33.18369456635014,33.202167914682775,0.018473348332634032
148.0,28.527219408345985,33.23618369714461,33.25479639401425,0.018612696869638512
149.0,28.526389973661463,33.28831932258993,33.307071914702306,0.018752592112377897
150.0,28.525557664556132,33.340103801196165,33.35899681639404,0.01889301519787523
151.0,28.52472249268421,33.39153947569446,33.41057342321244,0.019033947517982597
152.0,28.52388446972396,33.44262867314302,33.46180404385939,0.019175370716368434
153.0,28.52304360737661,33.49337370503213,33.51269097171826,0.019317266686130097
154.0,28.5221999173654,33.54377686738866,33.56323648495538,0.01945961756672432
155.0,28.521353411434372,33.59384044087983,33.61344284662124,0.019602405741409257
156.0,28.520504101347367,33.64356669091626,33.66331230475089,0.019745613834629694
157.0,28.519651998886925,33.692957867754274,33.71284709246356,0.019889224709288555
158.0,28.518797115853317,33.74201620659767,33.76204942806169,0.020033221464018425
159.0,28.517939464063492,33.79074392769854,33.81092151512945,0.020177587430907806
160.0,28.517079055349953,33.839143236457744,33.85946554263029,0.020322306172545268
161.0,28.51621590155995,33.88721632352434,33.9076836850042,0.02046736147985939
162.0,28.539310315757703,33.93496536489482,33.955578102263985,0.020612737369162915
163.0,28.557888437953615,33.982223804879084,34.00325302124685,0.021029216367765002
164.0,28.557086115674604,34.0296745449931,34.050690487142276,0.02101594214917668
165.0,28.556218691297122,34.076812539820196,34.09780947770423,0.02099693788403556
166.0,28.55534830708064,34.12363241594818,34.144611839428876,0.02097942348069637
167.0,28.55447517786042,34.17013618746489,34.19109967112735,0.02096348366245593
168.0,28.553599316579376,34.216325963724614,34.23727505854106,0.020949094816444358
169.0,28.552720735516093,34.262203841565224,34.283140073569655,0.02093623200443062
170.0,28.551839446952116,34.30777190380729,34.32869677436031,0.020924870553017172
171.0,28.550955463173292,34.35303221932486,34.37394720539879,0.02091498607393305
172.0,28.55006879646892,34.39798684313854,34.41889339760047,0.020906554461930682
173.0,28.549179459130865,34.44263781650881,34.463537368400296,0.020899551891488954
174.0,28.54828746345273,34.48698716702819,34.50788112184233,0.02089395481414158
175.0,28.547392821728952,34.53103690871313,34.55192664866871,0.02088973995557808
176.0,28.54649554625397,34.57478904209523,34.59567592640809,0.020886884312858456
177.0,28.545595649321392,34.61824555431156,34.6391309194633,0.020885365151741553
178.0,28.544693143223256,34.661408419194856,34.68229357919853,0.020885160003672354
179.0,28.543788040249055,34.704279597362756,34.72516584402598,0.02088624666322403
180.0,28.54288035268509,34.74686103630654,34.7677496394918,0.02088860318525576
181.0,28.54197009281363,34.789154670479206,34.810046878361675,0.020892207882468483
182.0,28.5410572729121,34.831162421383056,34.85205946070562,0.020897039322562705
183.0,28.540141905252344,34.87288619765661,34.89378927398229,0.02090307632568056
184.0,28.53922400209991,34.914327895161136,34.935238193122814,0.020910297961677315
185.0,28.538303575713197,34.95548939706623,34.97640808061391,0.02091868354767712
186.0,28.537380638342846,34.996372573935105,35.01730078658062,0.020928212645515032
187.0,28.536455202230957,35.03697928380927,35.05791814886834,0.020938865059065392
188.0,28.535527279610363,35.07731137229251,35.098261993124424,0.020950620831911237
189.0,28.534596882703905,35.117370672634365,35.13833413287915,0.020963460244786347
190.0,28.53366402372386,35.15715900581324,35.178136369626316,0.020977363813074135
191.0,28.532728714871087,35.19667818061856,35.21767049290304,0.020992312284477066
192.0,28.5317909683345,35.23592999373278,35.256938280369184,0.021008286636401863
193.0,28.530850796290324,35.274916229812504,35.29594149788636,0.021025268073856296
194.0,28.529908210901453,35.313638661569314,35.33468189959615,0.021043238026834388
195.0,28.52896322431684,35.352099049849926,35.37316122799808,0.021062178148156363
196.0,28.528015848670854,35.39029914371582,35.41138121402679,0.021082070310967538
197.0,28.527066096082656,35.428240680522265,35.44934357712896,0.021102896606691957
198.0,28.52611397865555,35.46592538599708,35.4870500253395,0.021124639342417595
199.0,28.525159508476435,35.50335497431854,35.52450225535745,0.02114728103890684
200.0,28.52420269761516,35.54053114819288,35.56170195262126,0.021170804428379597
