evaluation,voltage_v,slice_xi,oxygen_feed_concentration_mol_m3,model_current_density_a_m2,target_current_density_a_m2,mean_eta_v
bracket-low,0.74,0.0,8.708885712418018,3671.97865208297,2150.0,-0.44051339835681874
bracket-low,0.74,0.5,8.229922696355533,3476.67292837639,2150.0,-0.44048558692063267
bracket-low,0.74,1.0,8.094746926638376,3421.4238059000268,2150.0,-0.44047772951277325
bracket-high,0.77,0.0,8.708885712418018,2194.8173007866803,2150.0,-0.4103042207303047
bracket-high,0.77,0.5,8.229922696355533,2076.600530867339,2150.0,-0.41028764756194835
bracket-high,0.77,1.0,8.094746926638376,2043.1867867703054,2150.0,-0.4102829669976695
iteration-01,0.755,0.0,8.708885712418018,2843.337521520806,2150.0,-0.4253956268925349
iteration-01,0.755,0.5,8.229922696355533,2691.054276491254,2150.0,-0.4253741289091978
iteration-01,0.755,1.0,8.094746926638376,2647.995207932196,2150.0,-0.425368056440112
iteration-02,0.7625,0.0,8.708885712418018,2499.0184222628054,2150.0,-0.4178470121794889
iteration-02,0.7625,0.5,8.229922696355533,2364.777088505064,2150.0,-0.41782813064685537
iteration-02,0.7625,1.0,8.094746926638376,2326.8270958434728,2150.0,-0.41782279771898334
iteration-03,0.76625,0.0,8.708885712418018,2342.1856589580498,2150.0,-0.4140749320912083
iteration-03,0.76625,0.5,8.229922696355533,2216.1957857317534,2150.0,-0.4140572410227424
iteration-03,0.76625,1.0,8.094746926638376,2180.5818113625182,2150.0,-0.4140522445419636
iteration-04,0.768125,0.0,8.708885712418018,2267.352275692265,2150.0,-0.41218941050225977
iteration-04,0.768125,0.5,8.229922696355533,2145.307179013957,2150.0,-0.4121722871883089
iteration-04,0.768125,1.0,8.094746926638376,2110.809845229054,2150.0,-0.41216745115668535
