current_a,voltage_v,slice_xi,oxygen_feed_concentration_mol_m3,air_flow_slpm,heat_rejection_w,model_current_density_a_m2,target_current_density_a_m2,mean_eta_v,evaluation
7.3,0.83,0.0,8.709025070766495,154.9918791513272,30.878999999999994,905.1101365555062,602.726574500768,-0.3501245017479357,bol
7.3,0.83,0.5,8.460718346710724,154.9918791513272,30.878999999999994,879.5480150883006,602.726574500768,-0.3501209674019977,bol
7.3,0.83,1.0,8.386605088257605,154.9918791513272,30.878999999999994,871.9156582079434,602.726574500768,-0.35011991231784384,bol
7.3,0.86,0.0,8.70902445078607,143.99954729662312,28.688999999999993,519.9946563594899,602.726574500768,-0.3200713523571346,bracket-01
7.3,0.86,0.5,8.458708917039187,143.99954729662312,28.688999999999993,505.1314019786223,602.726574500768,-0.320069306730546,bracket-01
7.3,0.86,1.0,8.382602753282026,143.99954729662312,28.688999999999993,500.6114093356266,602.726574500768,-0.3200686847161608,bracket-01
7.3,0.845,0.0,8.709024772172985,149.49571322397517,29.783999999999995,686.5196109242905,602.726574500768,-0.3350943027305099,iteration-01
7.3,0.845,0.5,8.459750601391821,149.49571322397517,29.783999999999995,667.0118142889967,602.726574500768,-0.3350916124995499,iteration-01
7.3,0.845,1.0,8.384677618485025,149.49571322397517,29.783999999999995,661.1351099409706,602.726574500768,-0.3350908021907758,iteration-01
7.3,0.8525,0.0,8.709024614488769,146.74763026029913,29.23649999999999,597.5796452664949,602.726574500768,-0.32758203907260264,iteration-02
7.3,0.8525,0.5,8.45923952128019,146.74763026029913,29.23649999999999,580.5486741924663,602.726574500768,-0.32757969291317424,iteration-02
7.3,0.8525,1.0,8.38365964718966,146.74763026029913,29.23649999999999,575.3942078161007,602.726574500768,-0.327578982934854,iteration-02
7.3,0.84875,0.0,8.709024694062252,148.12167174213715,29.510249999999992,640.5344933943102,602.726574500768,-0.3313379602681693,iteration-03
7.3,0.84875,0.5,8.459497433875883,148.12167174213715,29.510249999999992,622.3062606206612,602.726574500768,-0.33133544788059704,iteration-03
7.3,0.84875,1.0,8.384173362532291,148.12167174213715,29.510249999999992,616.802341174648,602.726574500768,-0.3313346893841108,iteration-03
7.3,0.850625,0.0,8.709024654460908,147.43465100121816,29.373374999999996,618.6907297602158,602.726574500768,-0.32945994877065204,iteration-04
7.3,0.850625,0.5,8.459369079011898,147.43465100121816,29.373374999999996,601.0710899269508,602.726574500768,-0.3294575209015858,iteration-04
7.3,0.850625,1.0,8.383917703842965,147.43465100121816,29.373374999999996,595.7447234360258,602.726574500768,-0.32945678706279796,iteration-04
14.5,0.8,0.0,8.708971475646017,237.82793738005077,65.68499999999997,1454.46293613251,1197.1966205837175,-0.3802007383777801,bol
14.5,0.8,0.5,8.370493153634543,237.82793738005077,65.68499999999997,1398.7563513206696,1197.1966205837175,-0.380192988550302,bol
14.5,0.8,1.0,8.27201968979831,237.82793738005077,65.68499999999997,1382.5375877705749,1197.1966205837175,-0.38019073312807544,bol
14.5,0.8300000000000001,0.0,8.70897073002371,222.07774285157058,61.33499999999997,845.9581049739869,1197.1966205837175,-0.3501163143992527,bracket-01
14.5,0.8300000000000001,0.5,8.368098885314396,222.07774285157058,61.33499999999997,813.1335599074695,1197.1966205837175,-0.35011177987570186,bracket-01
14.5,0.8300000000000001,1.0,8.267258513024643,222.07774285157058,61.33499999999997,803.4186668029503,1197.1966205837175,-0.3501104381471465,bracket-01
14.5,0.8150000000000001,0.0,8.708971115602372,229.9528401158107,63.50999999999998,1110.2395974646595,1197.1966205837175,-0.3651529037700943,iteration-01
14.5,0.8150000000000001,0.5,8.369337062337134,229.9528401158107,63.50999999999998,1067.4289499279228,1197.1966205837175,-0.3651469715190939,iteration-01
14.5,0.8150000000000001,1.0,8.26972080791322,229.9528401158107,63.50999999999998,1054.8650932216487,1197.1966205837175,-0.3651452311000962,iteration-01
14.5,0.8075000000000001,0.0,8.708971298654866,233.89038874793073,64.59749999999997,1271.0592764097846,1197.1966205837175,-0.37267522700675254,iteration-02
14.5,0.8075000000000001,0.5,8.36992484992286,233.89038874793073,64.59749999999997,1222.2089731320148,1197.1966205837175,-0.37266844527878756,iteration-02
14.5,0.8075000000000001,1.0,8.270889641600343,233.89038874793073,64.59749999999997,1207.930451774756,1197.1966205837175,-0.37266646374587725,iteration-02
14.5,0.81125,0.0,8.708971207905584,231.92161443187072,64.05374999999998,1188.0006452095054,1197.1966205837175,-0.3689136922494792,iteration-03
14.5,0.81125,0.5,8.369633453706147,231.92161443187072,64.05374999999998,1142.2663166809195,1197.1966205837175,-0.3689073491709973,iteration-03
14.5,0.81125,1.0,8.270310196680697,231.92161443187072,64.05374999999998,1128.8717249548677,1197.1966205837175,-0.36890549204421086,iteration-03
14.5,0.8093750000000001,0.0,8.708971253472,232.9060015899007,64.32562499999997,1228.846762974759,1197.1966205837175,-0.3707943632923343,iteration-04
14.5,0.8093750000000001,0.5,8.369779768282854,232.9060015899007,64.32562499999997,1181.5792020140793,1197.1966205837175,-0.3707878044773022,iteration-04
14.5,0.8093750000000001,1.0,8.270601146326703,232.9060015899007,64.32562499999997,1167.7494887046555,1197.1966205837175,-0.37078588613961666,iteration-04
14.5,0.8084375000000001,0.0,8.708971276111074,233.39819516891566,64.46156249999996,1249.7795287617,1197.1966205837175,-0.3717347706738743,iteration-05
14.5,0.8084375000000001,0.5,8.369852462243875,233.39819516891566,64.46156249999996,1201.7268771581546,1197.1966205837175,-0.3717281013135835,iteration-05
14.5,0.8084375000000001,1.0,8.270745698814926,233.39819516891566,64.46156249999996,1187.674495396505,1197.1966205837175,-0.3717261516301562,iteration-05
14.5,0.8089062500000002,0.0,8.708971264803488,233.1520983794082,64.39359374999997,1239.2701125824158,1197.1966205837175,-0.37126456091362164,iteration-06
14.5,0.8089062500000002,0.5,8.369816153669984,233.1520983794082,64.39359374999997,1191.6115648664688,1197.1966205837175,-0.371257947051977,iteration-06
14.5,0.8089062500000002,1.0,8.270673499025524,233.1520983794082,64.39359374999997,1177.670948104747,1197.1966205837175,-0.37125601310390505,iteration-06
26.04,0.7681655172413794,0.0,8.708885712418018,315.99659267730163,126.25089931034476,2265.760795698862,2150.0,-0.412148669596956,bol
26.04,0.7681655172413794,0.5,8.229922696355533,315.99659267730163,126.25089931034476,2143.799645951641,2150.0,-0.41213155835547777,bol
26.04,0.7681655172413794,1.0,8.094746926638376,315.99659267730163,126.25089931034476,2109.3260738758063,2150.0,-0.41212672573551085,bol
