current_a,inlet_temperature_c,ntu,slice_xi,oxygen_feed_concentration_mol_m3,total_reaction_current,mean_j_orr_vol_a_m3,mean_eta_v,reaction_current_span
26.04,10.0,1.0,0.0,9.016582641706563,0.004701371420168787,11088140.14190752,-0.4123261160078618,0.07562807154931969
26.04,10.0,1.0,1.0,8.319684867181676,0.004345815766024335,10249565.48590645,-0.4123011583853016,0.07562807154931969
26.04,10.0,3.0,0.0,9.01629682907591,0.004701225852612251,11087796.8221987,-0.41232610578031204,0.1031557653968026
26.04,10.0,3.0,1.0,8.066370697413715,0.004216267301482798,9944026.654440554,-0.41229207673583124,0.1031557653968026
26.04,10.0,5.0,0.0,9.016011120624656,0.004701080337908609,11087453.627142947,-0.4123260955564816,0.10673274953616924
26.04,10.0,5.0,1.0,8.033258637846092,0.0041993211076531995,9904059.216163209,-0.412290889234457,0.10673274953616924
26.04,20.0,1.0,0.0,8.709062917537644,0.004544628243919075,10718462.839431785,-0.4123151078515721,0.050274578915748304
26.04,20.0,1.0,1.0,8.261647036768872,0.004316148972627427,10179596.63355526,-0.41229907811751476,0.050274578915748304
26.04,20.0,3.0,0.0,8.708885712418018,0.0045445378528956035,10718249.653055662,-0.41231510150601464,0.0690389950396892
26.04,20.0,3.0,1.0,8.094746926638376,0.004230787526611864,9978272.468424203,-0.41229309432376215,0.0690389950396892
26.04,20.0,5.0,0.0,8.70870856786908,0.004544447492688891,10718036.539360598,-0.4123150951626245,0.07150636137407476
26.04,20.0,5.0,1.0,8.072669472296795,0.004219490588031171,9951628.745356549,-0.41229230261925365,0.07150636137407476
26.04,30.0,1.0,0.0,8.421828914346374,0.004398007028490436,10372658.086062342,-0.41230481889501397,0.02476699592381323
26.04,30.0,1.0,1.0,8.208709295042093,0.004289081606342912,10115758.50552573,-0.41229718041264884,0.02476699592381323
26.04,30.0,3.0,0.0,8.421746848617373,0.00439796510713275,10372559.214935722,-0.41230481595438656,0.03429355452515027
26.04,30.0,3.0,1.0,8.126715050092653,0.004247143250931585,10016847.289932983,-0.41229424063969217,0.03429355452515027
26.04,30.0,5.0,0.0,8.421664809199935,0.004397923199199215,10372460.375469843,-0.4123048130147056,0.03556096899688038
26.04,30.0,5.0,1.0,8.115740707947209,0.004241528788661831,10003605.633636398,-0.4122938471301958,0.03556096899688038
