current_a,inlet_temperature_c,ntu,status,active_constraint,effectiveness,target_air_flow_slpm,finite_transfer_cooling_w,heat_rejection_w,cooling_fraction,cooling_deficit_w,ideal_flow_multiplier
7.3,10.0,0.5,reachable,thermal,0.3934693402873666,77.02423533054798,12.149939758733595,30.878999999999994,0.39346934028736674,18.7290602412664,2.5414940825367984
7.3,10.0,1.0,reachable,thermal,0.6321205588285577,77.02423533054798,19.519250736067036,30.878999999999994,0.6321205588285579,11.359749263932958,1.5819767068693265
7.3,10.0,2.0,reachable,thermal,0.8646647167633873,77.02423533054798,26.69998178893664,30.878999999999994,0.8646647167633875,4.1790182110633545,1.1565176427496657
7.3,10.0,3.0,reachable,thermal,0.950212931632136,77.02423533054798,29.341625115868734,30.878999999999994,0.9502129316321364,1.5373748841312604,1.052395696491256
7.3,10.0,5.0,reachable,thermal,0.9932620530009145,77.02423533054798,30.670938934615243,30.878999999999994,0.9932620530009149,0.20806106538475078,1.0067836549063043
7.3,20.0,0.5,reachable,thermal,0.3934693402873666,154.9918791513272,12.14993975873359,30.878999999999994,0.3934693402873666,18.729060241266403,2.5414940825367984
7.3,20.0,1.0,reachable,thermal,0.6321205588285577,154.9918791513272,19.51925073606703,30.878999999999994,0.6321205588285577,11.359749263932965,1.5819767068693265
7.3,20.0,2.0,reachable,thermal,0.8646647167633873,154.9918791513272,26.699981788936633,30.878999999999994,0.8646647167633873,4.179018211063362,1.1565176427496657
7.3,20.0,3.0,reachable,thermal,0.950212931632136,154.9918791513272,29.341625115868723,30.878999999999994,0.950212931632136,1.537374884131271,1.052395696491256
7.3,20.0,5.0,reachable,thermal,0.9932620530009145,154.9918791513272,30.670938934615233,30.878999999999994,0.9932620530009145,0.20806106538476143,1.0067836549063043
7.3,30.0,0.5,target_unreachable,ambient_temperature,,,,30.878999999999994,,,
7.3,30.0,1.0,target_unreachable,ambient_temperature,,,,30.878999999999994,,,
7.3,30.0,2.0,target_unreachable,ambient_temperature,,,,30.878999999999994,,,
7.3,30.0,3.0,target_unreachable,ambient_temperature,,,,30.878999999999994,,,
7.3,30.0,5.0,target_unreachable,ambient_temperature,,,,30.878999999999994,,,
14.5,10.0,0.5,reachable,thermal,0.3934693402873666,137.45742149904174,25.845033616775662,65.68499999999997,0.3934693402873666,39.83996638322431,2.5414940825367984
14.5,10.0,1.0,reachable,thermal,0.6321205588285577,137.45742149904174,41.52083890665379,65.68499999999997,0.6321205588285577,24.16416109334618,1.5819767068693265
14.5,10.0,2.0,reachable,thermal,0.8646647167633873,137.45742149904174,56.79550192060307,65.68499999999997,0.8646647167633873,8.889498079396901,1.1565176427496657
14.5,10.0,3.0,reachable,thermal,0.950212931632136,137.45742149904174,62.41473641425683,65.68499999999997,0.950212931632136,3.2702635857431446,1.052395696491256
14.5,10.0,5.0,reachable,thermal,0.9932620530009145,137.45742149904174,65.24241795136504,65.68499999999997,0.9932620530009145,0.44258204863493233,1.0067836549063043
14.5,20.0,0.5,reachable,thermal,0.3934693402873666,237.82793738005077,25.84503361677567,65.68499999999997,0.3934693402873667,39.83996638322431,2.5414940825367984
14.5,20.0,1.0,reachable,thermal,0.6321205588285577,237.82793738005077,41.5208389066538,65.68499999999997,0.6321205588285578,24.164161093346173,1.5819767068693265
14.5,20.0,2.0,reachable,thermal,0.8646647167633873,237.82793738005077,56.79550192060309,65.68499999999997,0.8646647167633875,8.889498079396887,1.1565176427496657
14.5,20.0,3.0,reachable,thermal,0.950212931632136,237.82793738005077,62.41473641425684,65.68499999999997,0.9502129316321363,3.2702635857431304,1.052395696491256
14.5,20.0,5.0,reachable,thermal,0.9932620530009145,237.82793738005077,65.24241795136506,65.68499999999997,0.9932620530009147,0.4425820486349181,1.0067836549063043
14.5,30.0,0.5,reachable,thermal,0.3934693402873666,881.475941114966,25.84503361677566,65.68499999999997,0.3934693402873665,39.839966383224315,2.5414940825367984
14.5,30.0,1.0,reachable,thermal,0.6321205588285577,881.475941114966,41.520838906653786,65.68499999999997,0.6321205588285576,24.164161093346188,1.5819767068693265
14.5,30.0,2.0,reachable,thermal,0.8646647167633873,881.475941114966,56.79550192060306,65.68499999999997,0.8646647167633871,8.889498079396915,1.1565176427496657
14.5,30.0,3.0,reachable,thermal,0.950212931632136,881.475941114966,62.414736414256815,65.68499999999997,0.9502129316321358,3.270263585743159,1.052395696491256
14.5,30.0,5.0,reachable,thermal,0.9932620530009145,881.475941114966,65.24241795136503,65.68499999999997,0.9932620530009143,0.44258204863494655,1.0067836549063043
26.04,10.0,0.5,reachable,stoichiometric_floor,0.3934693402873666,216.132,51.12704893760513,126.25089931034476,0.40496383959948457,75.12385037273964,2.5414940825367984
26.04,10.0,1.0,reachable,stoichiometric_floor,0.6321205588285577,216.132,82.13717165889086,126.25089931034476,0.6505868243915209,44.1137276514539,1.5819767068693265
26.04,10.0,2.0,reachable,stoichiometric_floor,0.8646647167633873,216.132,112.35374846816647,126.25089931034476,0.889924341782177,13.897150842178291,1.1565176427496657
26.04,10.0,3.0,reachable,stoichiometric_floor,0.950212931632136,216.132,123.46980585887674,126.25089931034476,0.9779716939312119,2.781093451468024,1.052395696491256
26.04,10.0,5.0,reachable,stoichiometric_floor,0.9932620530009145,216.132,129.06356961524713,126.25089931034476,1.0222784179777475,0.0,1.0067836549063043
26.04,20.0,0.5,reachable,thermal,0.3934693402873666,315.99659267730163,49.6758580623281,126.25089931034476,0.39346934028736663,76.57504124801666,2.5414940825367984
26.04,20.0,1.0,reachable,thermal,0.6321205588285577,315.99659267730163,79.80578902466311,126.25089931034476,0.6321205588285578,46.44511028568165,1.5819767068693265
26.04,20.0,2.0,reachable,thermal,0.8646647167633873,315.99659267730163,109.16469809330219,126.25089931034476,0.8646647167633874,17.08620121704257,1.1565176427496657
26.04,20.0,3.0,reachable,thermal,0.950212931632136,315.99659267730163,119.96523715487633,126.25089931034476,0.9502129316321362,6.2856621554684295,1.052395696491256
26.04,20.0,5.0,reachable,thermal,0.9932620530009145,315.99659267730163,125.4002274422048,126.25089931034476,0.9932620530009146,0.850671868139969,1.0067836549063043
26.04,30.0,0.5,reachable,thermal,0.3934693402873666,638.0740069358042,49.67585806232809,126.25089931034476,0.3934693402873665,76.57504124801667,2.5414940825367984
26.04,30.0,1.0,reachable,thermal,0.6321205588285577,638.0740069358042,79.80578902466308,126.25089931034476,0.6321205588285576,46.44511028568168,1.5819767068693265
26.04,30.0,2.0,reachable,thermal,0.8646647167633873,638.0740069358042,109.16469809330218,126.25089931034476,0.8646647167633873,17.086201217042586,1.1565176427496657
26.04,30.0,3.0,reachable,thermal,0.950212931632136,638.0740069358042,119.9652371548763,126.25089931034476,0.9502129316321359,6.285662155468458,1.052395696491256
26.04,30.0,5.0,reachable,thermal,0.9932620530009145,638.0740069358042,125.40022744220477,126.25089931034476,0.9932620530009144,0.8506718681399974,1.0067836549063043
