regime,time_s,anode_relative_humidity,water_flux_lambda_m_s,water_source_mol_s,water_vapor_mol,liquid_water_mol
nominal,0.0,0.0,4.347040440569484e-06,1.5807419783889032e-08,0.0,0.0
nominal,5.0,0.0014035378507756967,4.320035977074202e-06,1.570922173481528e-08,7.884045805203062e-08,0.0
nominal,10.0,0.002798356715111379,4.293199269333355e-06,1.5611633706666747e-08,1.571911474210861e-07,0.0
nominal,15.0,0.004184510756651084,4.26652927522318e-06,1.551465190990247e-08,2.3505511062326477e-07,0.0
nominal,20.0,0.005562053802566214,4.24002495909374e-06,1.541827257852269e-08,3.124353712741013e-07,0.0
nominal,25.0,0.006931039345645754,4.21368529172871e-06,1.532249196992258e-08,3.893349342059795e-07,0.0
nominal,30.0,0.008291520546373509,4.1875092503054134e-06,1.5227306364746958e-08,4.657567855848167e-07,0.0
nominal,35.0,0.009643550234992429,4.161495818355097e-06,1.5132712066745804e-08,5.417038930260218e-07,0.0
nominal,40.0,0.010987180913556115,4.135643985723465e-06,1.503870540263078e-08,6.171792057097345e-07,0.0
nominal,45.0,0.012322464757967583,4.10995274853145e-06,1.4945282721932543e-08,6.921856544953474e-07,0.0
nominal,50.0,0.01364945362000536,4.084421109136232e-06,1.4852440396859023e-08,7.667261520353178e-07,0.0
nominal,55.0,0.01496819902933699,4.059048076092496e-06,1.4760174822154528e-08,8.408035928882713e-07,0.0
nominal,60.0,0.016278752195520038,4.033832664113933e-06,1.4668482414959754e-08,9.14420853631404e-07,0.0
