regime,time_s,purge_open,purge_count,anode_relative_humidity,patch_current_a,cell_current_a,charge_since_purge_as,hydrogen_mol,water_vapor_mol,liquid_water_mol,total_pressure_pa
nominal,0.0,False,0,0.0,0.001978066785327398,26.04,0.0,0.001055491936779534,0.0,0.0,137324.99999999997
nominal,1.0,False,0,0.4290654866455074,0.0021711867104523483,28.582301851259974,26.040000000000042,0.0010313901859911577,2.4101750788376373e-05,0.0,137325.00000000003
nominal,2.0,False,0,0.43360110335561314,0.0021719977537694285,28.59297872432282,52.07999999999983,0.0010311354083242957,2.4356528455238403e-05,0.0,137325.00000000003
nominal,3.0,False,0,0.433668283324688,0.0021720097666595036,28.593136866434033,78.11999999999992,0.0010311316346465632,2.436030213297061e-05,0.0,137324.99999999994
nominal,4.0,False,0,0.43366927837090413,0.0021720099445902315,28.593139208779697,104.16000000000034,0.0010311315787521682,2.436035802736592e-05,0.0,137325.00000000003
nominal,5.0,False,0,0.4336692931091808,0.0021720099472256793,28.5931392434737,130.20000000000076,0.0010311315779242796,2.436035885525416e-05,0.0,137324.99999999994
nominal,6.0,False,0,0.43366929332747894,0.0021720099472647145,28.593139243987576,156.24000000000117,0.0010311315779120175,2.4360358867516552e-05,0.0,137325.00000000003
nominal,7.0,False,0,0.43366929333071236,0.002172009947265293,28.593139243995193,182.2800000000016,0.0010311315779118358,2.436035886769818e-05,0.0,137324.99999999997
nominal,8.0,False,0,0.43366929333076015,0.0021720099472653013,28.5931392439953,208.320000000002,0.0010311315779118332,2.4360358867700866e-05,0.0,137325.00000000003
nominal,9.0,False,0,0.43366929333076015,0.0021720099472653013,28.5931392439953,234.36000000000243,0.0010311315779118332,2.4360358867700866e-05,0.0,137325.00000000003
nominal,10.0,False,0,0.43366929333076015,0.0021720099472653013,28.5931392439953,260.4000000000028,0.0010311315779118332,2.4360358867700866e-05,0.0,137325.00000000003
nominal,11.0,False,0,0.43366929333076015,0.0021720099472653013,28.5931392439953,286.44000000000324,0.0010311315779118332,2.4360358867700866e-05,0.0,137325.00000000003
nominal,12.0,False,0,0.43366929333076015,0.0021720099472653013,28.5931392439953,312.48000000000366,0.0010311315779118332,2.4360358867700866e-05,0.0,137325.00000000003
nominal,13.0,False,0,0.43366929333076015,0.0021720099472653013,28.5931392439953,338.5200000000041,0.0010311315779118332,2.4360358867700866e-05,0.0,137325.00000000003
nominal,14.0,False,0,0.43366929333076015,0.0021720099472653013,28.5931392439953,364.5600000000045,0.0010311315779118332,2.4360358867700866e-05,0.0,137325.00000000003
nominal,15.0,False,0,0.43366929333076015,0.0021720099472653013,28.5931392439953,390.6000000000049,0.0010311315779118332,2.4360358867700866e-05,0.0,137325.00000000003
nominal,16.0,False,0,0.43366929333076015,0.0021720099472653013,28.5931392439953,416.64000000000533,0.0010311315779118332,2.4360358867700866e-05,0.0,137325.00000000003
nominal,17.0,False,0,0.43366929333076015,0.0021720099472653013,28.5931392439953,442.68000000000575,0.0010311315779118332,2.4360358867700866e-05,0.0,137325.00000000003
nominal,18.0,False,0,0.43366929333076015,0.0021720099472653013,28.5931392439953,468.72000000000617,0.0010311315779118332,2.4360358867700866e-05,0.0,137325.00000000003
nominal,19.0,False,0,0.43366929333076015,0.0021720099472653013,28.5931392439953,494.7600000000066,0.0010311315779118332,2.4360358867700866e-05,0.0,137325.00000000003
nominal,20.0,False,0,0.43366929333076015,0.0021720099472653013,28.5931392439953,520.800000000007,0.0010311315779118332,2.4360358867700866e-05,0.0,137325.00000000003
nominal,21.0,False,0,0.43366929333076015,0.0021720099472653013,28.5931392439953,546.8400000000074,0.0010311315779118332,2.4360358867700866e-05,0.0,137325.00000000003
nominal,22.0,False,0,0.43366929333076015,0.0021720099472653013,28.5931392439953,572.8800000000078,0.0010311315779118332,2.4360358867700866e-05,0.0,137325.00000000003
nominal,23.0,False,0,0.43366929333076015,0.0021720099472653013,28.5931392439953,598.9200000000083,0.0010311315779118332,2.4360358867700866e-05,0.0,137325.00000000003
nominal,24.0,False,0,0.43366929333076015,0.0021720099472653013,28.5931392439953,624.9600000000087,0.0010311315779118332,2.4360358867700866e-05,0.0,137325.00000000003
nominal,25.0,False,0,0.43366929333076015,0.0021720099472653013,28.5931392439953,651.0000000000091,0.0010311315779118332,2.4360358867700866e-05,0.0,137325.00000000003
nominal,26.0,False,0,0.43366929333076015,0.0021720099472653013,28.5931392439953,677.0400000000095,0.0010311315779118332,2.4360358867700866e-05,0.0,137325.00000000003
nominal,27.0,False,0,0.43366929333076015,0.0021720099472653013,28.5931392439953,703.0800000000099,0.0010311315779118332,2.4360358867700866e-05,0.0,137325.00000000003
nominal,28.0,False,0,0.43366929333076015,0.0021720099472653013,28.5931392439953,729.1200000000104,0.0010311315779118332,2.4360358867700866e-05,0.0,137325.00000000003
nominal,29.0,False,0,0.43366929333076015,0.0021720099472653013,28.5931392439953,755.1600000000108,0.0010311315779118332,2.4360358867700866e-05,0.0,137325.00000000003
nominal,30.0,False,0,0.43366929333076015,0.0021720099472653013,28.5931392439953,781.2000000000112,0.0010311315779118332,2.4360358867700866e-05,0.0,137325.00000000003
nominal,31.0,False,0,0.43366929333076015,0.0021720099472653013,28.5931392439953,807.2400000000116,0.0010311315779118332,2.4360358867700866e-05,0.0,137325.00000000003
nominal,32.0,False,0,0.43366929333076015,0.0021720099472653013,28.5931392439953,833.280000000012,0.0010311315779118332,2.4360358867700866e-05,0.0,137325.00000000003
nominal,33.0,False,0,0.43366929333076015,0.0021720099472653013,28.5931392439953,859.3200000000124,0.0010311315779118332,2.4360358867700866e-05,0.0,137325.00000000003
nominal,34.0,False,0,0.43366929333076015,0.0021720099472653013,28.5931392439953,885.3600000000129,0.0010311315779118332,2.4360358867700866e-05,0.0,137325.00000000003
nominal,35.0,False,0,0.43366929333076015,0.0021720099472653013,28.5931392439953,911.4000000000133,0.0010311315779118332,2.4360358867700866e-05,0.0,137325.00000000003
nominal,36.0,False,0,0.43366929333076015,0.0021720099472653013,28.5931392439953,937.4400000000137,0.0010311315779118332,2.4360358867700866e-05,0.0,137325.00000000003
nominal,37.0,False,0,0.43366929333076015,0.0021720099472653013,28.5931392439953,963.4800000000141,0.0010311315779118332,2.4360358867700866e-05,0.0,137325.00000000003
nominal,38.0,False,0,0.43366929333076015,0.0021720099472653013,28.5931392439953,989.5200000000145,0.0010311315779118332,2.4360358867700866e-05,0.0,137325.00000000003
nominal,39.0,False,0,0.43366929333076015,0.0021720099472653013,28.5931392439953,1015.560000000015,0.0010311315779118332,2.4360358867700866e-05,0.0,137325.00000000003
nominal,40.0,False,0,0.43366929333076015,0.0021720099472653013,28.5931392439953,1041.6000000000076,0.0010311315779118332,2.4360358867700866e-05,0.0,137325.00000000003
nominal,41.0,False,0,0.43366929333076015,0.0021720099472653013,28.5931392439953,1067.6399999999967,0.0010311315779118332,2.4360358867700866e-05,0.0,137325.00000000003
nominal,42.0,False,0,0.43366929333076015,0.0021720099472653013,28.5931392439953,1093.6799999999857,0.0010311315779118332,2.4360358867700866e-05,0.0,137325.00000000003
nominal,43.0,False,0,0.43366929333076015,0.0021720099472653013,28.5931392439953,1119.7199999999748,0.0010311315779118332,2.4360358867700866e-05,0.0,137325.00000000003
nominal,44.0,False,0,0.43366929333076015,0.0021720099472653013,28.5931392439953,1145.7599999999638,0.0010311315779118332,2.4360358867700866e-05,0.0,137325.00000000003
nominal,45.0,False,0,0.43366929333076015,0.0021720099472653013,28.5931392439953,1171.799999999953,0.0010311315779118332,2.4360358867700866e-05,0.0,137325.00000000003
nominal,46.0,False,0,0.43366929333076015,0.0021720099472653013,28.5931392439953,1197.839999999942,0.0010311315779118332,2.4360358867700866e-05,0.0,137325.00000000003
nominal,47.0,False,0,0.43366929333076015,0.0021720099472653013,28.5931392439953,1223.879999999931,0.0010311315779118332,2.4360358867700866e-05,0.0,137325.00000000003
nominal,48.0,False,0,0.43366929333076015,0.0021720099472653013,28.5931392439953,1249.91999999992,0.0010311315779118332,2.4360358867700866e-05,0.0,137325.00000000003
nominal,49.0,False,0,0.43366929333076015,0.0021720099472653013,28.5931392439953,1275.959999999909,0.0010311315779118332,2.4360358867700866e-05,0.0,137325.00000000003
nominal,50.0,False,0,0.43366929333076015,0.0021720099472653013,28.5931392439953,1301.9999999998981,0.0010311315779118332,2.4360358867700866e-05,0.0,137325.00000000003
nominal,51.0,False,0,0.43366929333076015,0.0021720099472653013,28.5931392439953,1328.0399999998872,0.0010311315779118332,2.4360358867700866e-05,0.0,137325.00000000003
nominal,52.0,False,0,0.43366929333076015,0.0021720099472653013,28.5931392439953,1354.0799999998762,0.0010311315779118332,2.4360358867700866e-05,0.0,137325.00000000003
nominal,53.0,False,0,0.43366929333076015,0.0021720099472653013,28.5931392439953,1380.1199999998653,0.0010311315779118332,2.4360358867700866e-05,0.0,137325.00000000003
nominal,54.0,False,0,0.43366929333076015,0.0021720099472653013,28.5931392439953,1406.1599999998543,0.0010311315779118332,2.4360358867700866e-05,0.0,137325.00000000003
nominal,55.0,False,0,0.43366929333076015,0.0021720099472653013,28.5931392439953,1432.1999999998434,0.0010311315779118332,2.4360358867700866e-05,0.0,137325.00000000003
nominal,56.0,False,0,0.43366929333076015,0.0021720099472653013,28.5931392439953,1458.2399999998324,0.0010311315779118332,2.4360358867700866e-05,0.0,137325.00000000003
nominal,57.0,False,0,0.43366929333076015,0.0021720099472653013,28.5931392439953,1484.2799999998215,0.0010311315779118332,2.4360358867700866e-05,0.0,137325.00000000003
nominal,58.0,False,0,0.43366929333076015,0.0021720099472653013,28.5931392439953,1510.3199999998105,0.0010311315779118332,2.4360358867700866e-05,0.0,137325.00000000003
nominal,59.0,False,0,0.43366929333076015,0.0021720099472653013,28.5931392439953,1536.3599999997996,0.0010311315779118332,2.4360358867700866e-05,0.0,137325.00000000003
nominal,60.0,False,0,0.43366929333076015,0.0021720099472653013,28.5931392439953,1562.3999999997886,0.0010311315779118332,2.4360358867700866e-05,0.0,137325.00000000003
nominal,61.0,False,0,0.43366929333076015,0.0021720099472653013,28.5931392439953,1588.4399999997777,0.0010311315779118332,2.4360358867700866e-05,0.0,137325.00000000003
nominal,62.0,False,0,0.43366929333076015,0.0021720099472653013,28.5931392439953,1614.4799999997667,0.0010311315779118332,2.4360358867700866e-05,0.0,137325.00000000003
nominal,63.0,False,0,0.43366929333076015,0.0021720099472653013,28.5931392439953,1640.5199999997558,0.0010311315779118332,2.4360358867700866e-05,0.0,137325.00000000003
nominal,64.0,False,0,0.43366929333076015,0.0021720099472653013,28.5931392439953,1666.5599999997448,0.0010311315779118332,2.4360358867700866e-05,0.0,137325.00000000003
nominal,65.0,False,0,0.43366929333076015,0.0021720099472653013,28.5931392439953,1692.5999999997339,0.0010311315779118332,2.4360358867700866e-05,0.0,137325.00000000003
nominal,66.0,False,0,0.43366929333076015,0.0021720099472653013,28.5931392439953,1718.639999999723,0.0010311315779118332,2.4360358867700866e-05,0.0,137325.00000000003
nominal,67.0,False,0,0.43366929333076015,0.0021720099472653013,28.5931392439953,1744.679999999712,0.0010311315779118332,2.4360358867700866e-05,0.0,137325.00000000003
nominal,68.0,False,0,0.43366929333076015,0.0021720099472653013,28.5931392439953,1770.719999999701,0.0010311315779118332,2.4360358867700866e-05,0.0,137325.00000000003
nominal,69.0,False,0,0.43366929333076015,0.0021720099472653013,28.5931392439953,1796.75999999969,0.0010311315779118332,2.4360358867700866e-05,0.0,137325.00000000003
nominal,70.0,False,0,0.43366929333076015,0.0021720099472653013,28.5931392439953,1822.7999999996791,0.0010311315779118332,2.4360358867700866e-05,0.0,137325.00000000003
nominal,71.0,False,0,0.43366929333076015,0.0021720099472653013,28.5931392439953,1848.8399999996682,0.0010311315779118332,2.4360358867700866e-05,0.0,137325.00000000003
nominal,72.0,False,0,0.43366929333076015,0.0021720099472653013,28.5931392439953,1874.8799999996572,0.0010311315779118332,2.4360358867700866e-05,0.0,137325.00000000003
nominal,73.0,False,0,0.43366929333076015,0.0021720099472653013,28.5931392439953,1900.9199999996463,0.0010311315779118332,2.4360358867700866e-05,0.0,137325.00000000003
nominal,74.0,False,0,0.43366929333076015,0.0021720099472653013,28.5931392439953,1926.9599999996353,0.0010311315779118332,2.4360358867700866e-05,0.0,137325.00000000003
nominal,75.0,False,0,0.43366929333076015,0.0021720099472653013,28.5931392439953,1952.9999999996244,0.0010311315779118332,2.4360358867700866e-05,0.0,137325.00000000003
nominal,76.0,False,0,0.43366929333076015,0.0021720099472653013,28.5931392439953,1979.0399999996134,0.0010311315779118332,2.4360358867700866e-05,0.0,137325.00000000003
nominal,77.0,False,0,0.43366929333076015,0.0021720099472653013,28.5931392439953,2005.0799999996025,0.0010311315779118332,2.4360358867700866e-05,0.0,137325.00000000003
nominal,78.0,False,0,0.43366929333076015,0.0021720099472653013,28.5931392439953,2031.1199999995915,0.0010311315779118332,2.4360358867700866e-05,0.0,137325.00000000003
nominal,79.0,False,0,0.43366929333076015,0.0021720099472653013,28.5931392439953,2057.1599999995888,0.0010311315779118332,2.4360358867700866e-05,0.0,137325.00000000003
nominal,80.0,False,0,0.43366929333076015,0.0021720099472653013,28.5931392439953,2083.1999999996005,0.0010311315779118332,2.4360358867700866e-05,0.0,137325.00000000003
nominal,81.0,False,0,0.43366929333076015,0.0021720099472653013,28.5931392439953,2109.2399999996123,0.0010311315779118332,2.4360358867700866e-05,0.0,137325.00000000003
nominal,82.0,False,0,0.43366929333076015,0.0021720099472653013,28.5931392439953,2135.279999999624,0.0010311315779118332,2.4360358867700866e-05,0.0,137325.00000000003
nominal,83.0,False,0,0.43366929333076015,0.0021720099472653013,28.5931392439953,2161.319999999636,0.0010311315779118332,2.4360358867700866e-05,0.0,137325.00000000003
nominal,84.0,False,0,0.43366929333076015,0.0021720099472653013,28.5931392439953,2187.3599999996477,0.0010311315779118332,2.4360358867700866e-05,0.0,137325.00000000003
nominal,85.0,False,0,0.43366929333076015,0.0021720099472653013,28.5931392439953,2213.3999999996595,0.0010311315779118332,2.4360358867700866e-05,0.0,137325.00000000003
nominal,86.0,False,0,0.43366929333076015,0.0021720099472653013,28.5931392439953,2239.4399999996713,0.0010311315779118332,2.4360358867700866e-05,0.0,137325.00000000003
nominal,87.0,False,0,0.43366929333076015,0.0021720099472653013,28.5931392439953,2265.479999999683,0.0010311315779118332,2.4360358867700866e-05,0.0,137325.00000000003
nominal,88.0,False,0,0.43366929333076015,0.0021720099472653013,28.5931392439953,2291.519999999695,0.0010311315779118332,2.4360358867700866e-05,0.0,137325.00000000003
nominal,89.0,False,1,0.4214808256233268,0.002169830447560765,28.564447506826916,17.559999999698757,0.0010318162365952276,2.3675700184306368e-05,0.0,137324.99999999997
nominal,90.0,False,1,0.43348876200812264,0.002171977665277623,28.592714272014895,43.59999999969866,0.0010311417188368973,2.4350217942636668e-05,0.0,137324.99999999997
nominal,91.0,False,1,0.4336666193639231,0.0021720094691157856,28.593132949458898,69.63999999969852,0.00103113172811567,2.4360208663864088e-05,0.0,137325.00000000003
nominal,92.0,False,1,0.4336692537248989,0.002172009940183118,28.59313915076283,95.67999999969894,0.0010311315801365998,2.4360356642934186e-05,0.0,137324.99999999997
nominal,93.0,False,1,0.43366929274413263,0.0021720099471604025,28.593139242614374,121.71999999969935,0.0010311315779447856,2.4360358834748435e-05,0.0,137324.99999999997
nominal,94.0,False,1,0.433669293322072,0.002172009947263748,28.59313924397485,147.75999999969977,0.001031131577912321,2.4360358867212826e-05,0.0,137324.99999999997
nominal,95.0,False,1,0.4336692933306322,0.0021720099472652787,28.593139243995005,173.7999999997002,0.0010311315779118404,2.4360358867693676e-05,0.0,137325.00000000003
nominal,96.0,False,1,0.43366929333075893,0.0021720099472653013,28.5931392439953,199.8399999997006,0.0010311315779118332,2.4360358867700795e-05,0.0,137324.99999999997
nominal,97.0,False,1,0.43366929333076015,0.0021720099472653013,28.5931392439953,225.87999999970103,0.0010311315779118332,2.4360358867700866e-05,0.0,137325.00000000003
nominal,98.0,False,1,0.43366929333076015,0.0021720099472653013,28.5931392439953,251.91999999970145,0.0010311315779118332,2.4360358867700866e-05,0.0,137325.00000000003
nominal,99.0,False,1,0.43366929333076015,0.0021720099472653013,28.5931392439953,277.95999999970184,0.0010311315779118332,2.4360358867700866e-05,0.0,137325.00000000003
nominal,100.0,False,1,0.43366929333076015,0.0021720099472653013,28.5931392439953,303.99999999970225,0.0010311315779118332,2.4360358867700866e-05,0.0,137325.00000000003
nominal,101.0,False,1,0.43366929333076015,0.0021720099472653013,28.5931392439953,330.0399999997027,0.0010311315779118332,2.4360358867700866e-05,0.0,137325.00000000003
nominal,102.0,False,1,0.43366929333076015,0.0021720099472653013,28.5931392439953,356.0799999997031,0.0010311315779118332,2.4360358867700866e-05,0.0,137325.00000000003
nominal,103.0,False,1,0.43366929333076015,0.0021720099472653013,28.5931392439953,382.1199999997035,0.0010311315779118332,2.4360358867700866e-05,0.0,137325.00000000003
nominal,104.0,False,1,0.43366929333076015,0.0021720099472653013,28.5931392439953,408.1599999997039,0.0010311315779118332,2.4360358867700866e-05,0.0,137325.00000000003
nominal,105.0,False,1,0.43366929333076015,0.0021720099472653013,28.5931392439953,434.19999999970435,0.0010311315779118332,2.4360358867700866e-05,0.0,137325.00000000003
nominal,106.0,False,1,0.43366929333076015,0.0021720099472653013,28.5931392439953,460.23999999970476,0.0010311315779118332,2.4360358867700866e-05,0.0,137325.00000000003
nominal,107.0,False,1,0.43366929333076015,0.0021720099472653013,28.5931392439953,486.2799999997052,0.0010311315779118332,2.4360358867700866e-05,0.0,137325.00000000003
nominal,108.0,False,1,0.43366929333076015,0.0021720099472653013,28.5931392439953,512.3199999997056,0.0010311315779118332,2.4360358867700866e-05,0.0,137325.00000000003
nominal,109.0,False,1,0.43366929333076015,0.0021720099472653013,28.5931392439953,538.359999999706,0.0010311315779118332,2.4360358867700866e-05,0.0,137325.00000000003
nominal,110.0,False,1,0.43366929333076015,0.0021720099472653013,28.5931392439953,564.3999999997064,0.0010311315779118332,2.4360358867700866e-05,0.0,137325.00000000003
nominal,111.0,False,1,0.43366929333076015,0.0021720099472653013,28.5931392439953,590.4399999997069,0.0010311315779118332,2.4360358867700866e-05,0.0,137325.00000000003
nominal,112.0,False,1,0.43366929333076015,0.0021720099472653013,28.5931392439953,616.4799999997073,0.0010311315779118332,2.4360358867700866e-05,0.0,137325.00000000003
nominal,113.0,False,1,0.43366929333076015,0.0021720099472653013,28.5931392439953,642.5199999997077,0.0010311315779118332,2.4360358867700866e-05,0.0,137325.00000000003
nominal,114.0,False,1,0.43366929333076015,0.0021720099472653013,28.5931392439953,668.5599999997081,0.0010311315779118332,2.4360358867700866e-05,0.0,137325.00000000003
nominal,115.0,False,1,0.43366929333076015,0.0021720099472653013,28.5931392439953,694.5999999997085,0.0010311315779118332,2.4360358867700866e-05,0.0,137325.00000000003
nominal,116.0,False,1,0.43366929333076015,0.0021720099472653013,28.5931392439953,720.639999999709,0.0010311315779118332,2.4360358867700866e-05,0.0,137325.00000000003
nominal,117.0,False,1,0.43366929333076015,0.0021720099472653013,28.5931392439953,746.6799999997094,0.0010311315779118332,2.4360358867700866e-05,0.0,137325.00000000003
nominal,118.0,False,1,0.43366929333076015,0.0021720099472653013,28.5931392439953,772.7199999997098,0.0010311315779118332,2.4360358867700866e-05,0.0,137325.00000000003
nominal,119.0,False,1,0.43366929333076015,0.0021720099472653013,28.5931392439953,798.7599999997102,0.0010311315779118332,2.4360358867700866e-05,0.0,137325.00000000003
nominal,120.0,False,1,0.43366929333076015,0.0021720099472653013,28.5931392439953,824.7999999997106,0.0010311315779118332,2.4360358867700866e-05,0.0,137325.00000000003
nominal,121.0,False,1,0.43366929333076015,0.0021720099472653013,28.5931392439953,850.839999999711,0.0010311315779118332,2.4360358867700866e-05,0.0,137325.00000000003
nominal,122.0,False,1,0.43366929333076015,0.0021720099472653013,28.5931392439953,876.8799999997115,0.0010311315779118332,2.4360358867700866e-05,0.0,137325.00000000003
nominal,123.0,False,1,0.43366929333076015,0.0021720099472653013,28.5931392439953,902.9199999997119,0.0010311315779118332,2.4360358867700866e-05,0.0,137325.00000000003
nominal,124.0,False,1,0.43366929333076015,0.0021720099472653013,28.5931392439953,928.9599999997123,0.0010311315779118332,2.4360358867700866e-05,0.0,137325.00000000003
nominal,125.0,False,1,0.43366929333076015,0.0021720099472653013,28.5931392439953,954.9999999997127,0.0010311315779118332,2.4360358867700866e-05,0.0,137325.00000000003
nominal,126.0,False,1,0.43366929333076015,0.0021720099472653013,28.5931392439953,981.0399999997131,0.0010311315779118332,2.4360358867700866e-05,0.0,137325.00000000003
nominal,127.0,False,1,0.43366929333076015,0.0021720099472653013,28.5931392439953,1007.0799999997136,0.0010311315779118332,2.4360358867700866e-05,0.0,137325.00000000003
nominal,128.0,False,1,0.43366929333076015,0.0021720099472653013,28.5931392439953,1033.11999999971,0.0010311315779118332,2.4360358867700866e-05,0.0,137325.00000000003
nominal,129.0,False,1,0.43366929333076015,0.0021720099472653013,28.5931392439953,1059.159999999699,0.0010311315779118332,2.4360358867700866e-05,0.0,137325.00000000003
nominal,130.0,False,1,0.43366929333076015,0.0021720099472653013,28.5931392439953,1085.199999999688,0.0010311315779118332,2.4360358867700866e-05,0.0,137325.00000000003
nominal,131.0,False,1,0.43366929333076015,0.0021720099472653013,28.5931392439953,1111.2399999996771,0.0010311315779118332,2.4360358867700866e-05,0.0,137325.00000000003
nominal,132.0,False,1,0.43366929333076015,0.0021720099472653013,28.5931392439953,1137.2799999996662,0.0010311315779118332,2.4360358867700866e-05,0.0,137325.00000000003
nominal,133.0,False,1,0.43366929333076015,0.0021720099472653013,28.5931392439953,1163.3199999996552,0.0010311315779118332,2.4360358867700866e-05,0.0,137325.00000000003
nominal,134.0,False,1,0.43366929333076015,0.0021720099472653013,28.5931392439953,1189.3599999996443,0.0010311315779118332,2.4360358867700866e-05,0.0,137325.00000000003
nominal,135.0,False,1,0.43366929333076015,0.0021720099472653013,28.5931392439953,1215.3999999996333,0.0010311315779118332,2.4360358867700866e-05,0.0,137325.00000000003
nominal,136.0,False,1,0.43366929333076015,0.0021720099472653013,28.5931392439953,1241.4399999996224,0.0010311315779118332,2.4360358867700866e-05,0.0,137325.00000000003
nominal,137.0,False,1,0.43366929333076015,0.0021720099472653013,28.5931392439953,1267.4799999996114,0.0010311315779118332,2.4360358867700866e-05,0.0,137325.00000000003
nominal,138.0,False,1,0.43366929333076015,0.0021720099472653013,28.5931392439953,1293.5199999996005,0.0010311315779118332,2.4360358867700866e-05,0.0,137325.00000000003
nominal,139.0,False,1,0.43366929333076015,0.0021720099472653013,28.5931392439953,1319.5599999995895,0.0010311315779118332,2.4360358867700866e-05,0.0,137325.00000000003
nominal,140.0,False,1,0.43366929333076015,0.0021720099472653013,28.5931392439953,1345.5999999995786,0.0010311315779118332,2.4360358867700866e-05,0.0,137325.00000000003
nominal,141.0,False,1,0.43366929333076015,0.0021720099472653013,28.5931392439953,1371.6399999995676,0.0010311315779118332,2.4360358867700866e-05,0.0,137325.00000000003
nominal,142.0,False,1,0.43366929333076015,0.0021720099472653013,28.5931392439953,1397.6799999995567,0.0010311315779118332,2.4360358867700866e-05,0.0,137325.00000000003
nominal,143.0,False,1,0.43366929333076015,0.0021720099472653013,28.5931392439953,1423.7199999995457,0.0010311315779118332,2.4360358867700866e-05,0.0,137325.00000000003
nominal,144.0,False,1,0.43366929333076015,0.0021720099472653013,28.5931392439953,1449.7599999995348,0.0010311315779118332,2.4360358867700866e-05,0.0,137325.00000000003
nominal,145.0,False,1,0.43366929333076015,0.0021720099472653013,28.5931392439953,1475.7999999995238,0.0010311315779118332,2.4360358867700866e-05,0.0,137325.00000000003
nominal,146.0,False,1,0.43366929333076015,0.0021720099472653013,28.5931392439953,1501.8399999995129,0.0010311315779118332,2.4360358867700866e-05,0.0,137325.00000000003
nominal,147.0,False,1,0.43366929333076015,0.0021720099472653013,28.5931392439953,1527.879999999502,0.0010311315779118332,2.4360358867700866e-05,0.0,137325.00000000003
nominal,148.0,False,1,0.43366929333076015,0.0021720099472653013,28.5931392439953,1553.919999999491,0.0010311315779118332,2.4360358867700866e-05,0.0,137325.00000000003
nominal,149.0,False,1,0.43366929333076015,0.0021720099472653013,28.5931392439953,1579.95999999948,0.0010311315779118332,2.4360358867700866e-05,0.0,137325.00000000003
nominal,150.0,False,1,0.43366929333076015,0.0021720099472653013,28.5931392439953,1605.999999999469,0.0010311315779118332,2.4360358867700866e-05,0.0,137325.00000000003
nominal,151.0,False,1,0.43366929333076015,0.0021720099472653013,28.5931392439953,1632.0399999994581,0.0010311315779118332,2.4360358867700866e-05,0.0,137325.00000000003
nominal,152.0,False,1,0.43366929333076015,0.0021720099472653013,28.5931392439953,1658.0799999994472,0.0010311315779118332,2.4360358867700866e-05,0.0,137325.00000000003
nominal,153.0,False,1,0.43366929333076015,0.0021720099472653013,28.5931392439953,1684.1199999994362,0.0010311315779118332,2.4360358867700866e-05,0.0,137325.00000000003
nominal,154.0,False,1,0.43366929333076015,0.0021720099472653013,28.5931392439953,1710.1599999994253,0.0010311315779118332,2.4360358867700866e-05,0.0,137325.00000000003
nominal,155.0,False,1,0.43366929333076015,0.0021720099472653013,28.5931392439953,1736.1999999994143,0.0010311315779118332,2.4360358867700866e-05,0.0,137325.00000000003
nominal,156.0,False,1,0.43366929333076015,0.0021720099472653013,28.5931392439953,1762.2399999994034,0.0010311315779118332,2.4360358867700866e-05,0.0,137325.00000000003
nominal,157.0,False,1,0.43366929333076015,0.0021720099472653013,28.5931392439953,1788.2799999993924,0.0010311315779118332,2.4360358867700866e-05,0.0,137325.00000000003
nominal,158.0,False,1,0.43366929333076015,0.0021720099472653013,28.5931392439953,1814.3199999993815,0.0010311315779118332,2.4360358867700866e-05,0.0,137325.00000000003
nominal,159.0,False,1,0.43366929333076015,0.0021720099472653013,28.5931392439953,1840.3599999993705,0.0010311315779118332,2.4360358867700866e-05,0.0,137325.00000000003
nominal,160.0,False,1,0.43366929333076015,0.0021720099472653013,28.5931392439953,1866.3999999993596,0.0010311315779118332,2.4360358867700866e-05,0.0,137325.00000000003
nominal,161.0,False,1,0.43366929333076015,0.0021720099472653013,28.5931392439953,1892.4399999993486,0.0010311315779118332,2.4360358867700866e-05,0.0,137325.00000000003
nominal,162.0,False,1,0.43366929333076015,0.0021720099472653013,28.5931392439953,1918.4799999993377,0.0010311315779118332,2.4360358867700866e-05,0.0,137325.00000000003
nominal,163.0,False,1,0.43366929333076015,0.0021720099472653013,28.5931392439953,1944.5199999993267,0.0010311315779118332,2.4360358867700866e-05,0.0,137325.00000000003
nominal,164.0,False,1,0.43366929333076015,0.0021720099472653013,28.5931392439953,1970.5599999993158,0.0010311315779118332,2.4360358867700866e-05,0.0,137325.00000000003
nominal,165.0,False,1,0.43366929333076015,0.0021720099472653013,28.5931392439953,1996.5999999993048,0.0010311315779118332,2.4360358867700866e-05,0.0,137325.00000000003
nominal,166.0,False,1,0.43366929333076015,0.0021720099472653013,28.5931392439953,2022.6399999992939,0.0010311315779118332,2.4360358867700866e-05,0.0,137325.00000000003
nominal,167.0,False,1,0.43366929333076015,0.0021720099472653013,28.5931392439953,2048.6799999992836,0.0010311315779118332,2.4360358867700866e-05,0.0,137325.00000000003
nominal,168.0,False,1,0.43366929333076015,0.0021720099472653013,28.5931392439953,2074.7199999992954,0.0010311315779118332,2.4360358867700866e-05,0.0,137325.00000000003
nominal,169.0,False,1,0.43366929333076015,0.0021720099472653013,28.5931392439953,2100.759999999307,0.0010311315779118332,2.4360358867700866e-05,0.0,137325.00000000003
nominal,170.0,False,1,0.43366929333076015,0.0021720099472653013,28.5931392439953,2126.799999999319,0.0010311315779118332,2.4360358867700866e-05,0.0,137325.00000000003
nominal,171.0,False,1,0.43366929333076015,0.0021720099472653013,28.5931392439953,2152.8399999993308,0.0010311315779118332,2.4360358867700866e-05,0.0,137325.00000000003
nominal,172.0,False,1,0.43366929333076015,0.0021720099472653013,28.5931392439953,2178.8799999993425,0.0010311315779118332,2.4360358867700866e-05,0.0,137325.00000000003
nominal,173.0,False,1,0.43366929333076015,0.0021720099472653013,28.5931392439953,2204.9199999993543,0.0010311315779118332,2.4360358867700866e-05,0.0,137325.00000000003
nominal,174.0,False,1,0.43366929333076015,0.0021720099472653013,28.5931392439953,2230.959999999366,0.0010311315779118332,2.4360358867700866e-05,0.0,137325.00000000003
nominal,175.0,False,1,0.43366929333076015,0.0021720099472653013,28.5931392439953,2256.999999999378,0.0010311315779118332,2.4360358867700866e-05,0.0,137325.00000000003
nominal,176.0,False,1,0.43366929333076015,0.0021720099472653013,28.5931392439953,2283.0399999993897,0.0010311315779118332,2.4360358867700866e-05,0.0,137325.00000000003
nominal,177.0,False,2,0.3847308702068947,0.0021632589474432414,28.47793785794669,9.079999999397472,0.0010338805794391501,2.1611357340383846e-05,0.0,137324.99999999997
nominal,178.0,False,2,0.4329444345161464,0.002171880330515255,28.59143292133914,35.11999999939749,0.0010311722951614147,2.4319641618119304e-05,0.0,137325.00000000003
nominal,179.0,False,2,0.43365855697540684,0.0021720080274273135,28.593113970540646,61.1599999993972,0.0010311321810014993,2.4359755778034708e-05,0.0,137324.99999999997
nominal,180.0,False,2,0.4336691343076187,0.0021720099188293324,28.59313886965373,87.19999999939755,0.0010311315868445864,2.4360349934947607e-05,0.0,137324.99999999997
nominal,181.0,False,2,0.4336692909753658,0.002172009946844118,28.593139238450686,113.23999999939797,0.0010311315780441419,2.436035873539209e-05,0.0,137324.99999999997
nominal,182.0,False,2,0.43366929329587367,0.002172009947259063,28.59313924391318,139.27999999939837,0.0010311315779137928,2.4360358865741198e-05,0.0,137324.99999999997
nominal,183.0,False,2,0.4336692933302441,0.0021720099472652093,28.59313924399409,165.3199999993988,0.001031131577911862,2.4360358867671877e-05,0.0,137324.99999999997
nominal,184.0,False,2,0.43366929333075316,0.0021720099472653,28.59313924399528,191.3599999993992,0.0010311315779118334,2.4360358867700473e-05,0.0,137324.99999999997
nominal,185.0,False,2,0.43366929333076015,0.0021720099472653013,28.5931392439953,217.39999999939963,0.0010311315779118332,2.4360358867700866e-05,0.0,137325.00000000003
nominal,186.0,False,2,0.43366929333076015,0.0021720099472653013,28.5931392439953,243.43999999940004,0.0010311315779118332,2.4360358867700866e-05,0.0,137325.00000000003
nominal,187.0,False,2,0.43366929333076015,0.0021720099472653013,28.5931392439953,269.47999999940043,0.0010311315779118332,2.4360358867700866e-05,0.0,137325.00000000003
nominal,188.0,False,2,0.43366929333076015,0.0021720099472653013,28.5931392439953,295.51999999940085,0.0010311315779118332,2.4360358867700866e-05,0.0,137325.00000000003
nominal,189.0,False,2,0.43366929333076015,0.0021720099472653013,28.5931392439953,321.55999999940127,0.0010311315779118332,2.4360358867700866e-05,0.0,137325.00000000003
nominal,190.0,False,2,0.43366929333076015,0.0021720099472653013,28.5931392439953,347.5999999994017,0.0010311315779118332,2.4360358867700866e-05,0.0,137325.00000000003
nominal,191.0,False,2,0.43366929333076015,0.0021720099472653013,28.5931392439953,373.6399999994021,0.0010311315779118332,2.4360358867700866e-05,0.0,137325.00000000003
nominal,192.0,False,2,0.43366929333076015,0.0021720099472653013,28.5931392439953,399.6799999994025,0.0010311315779118332,2.4360358867700866e-05,0.0,137325.00000000003
nominal,193.0,False,2,0.43366929333076015,0.0021720099472653013,28.5931392439953,425.71999999940294,0.0010311315779118332,2.4360358867700866e-05,0.0,137325.00000000003
nominal,194.0,False,2,0.43366929333076015,0.0021720099472653013,28.5931392439953,451.75999999940336,0.0010311315779118332,2.4360358867700866e-05,0.0,137325.00000000003
nominal,195.0,False,2,0.43366929333076015,0.0021720099472653013,28.5931392439953,477.7999999994038,0.0010311315779118332,2.4360358867700866e-05,0.0,137325.00000000003
nominal,196.0,False,2,0.43366929333076015,0.0021720099472653013,28.5931392439953,503.8399999994042,0.0010311315779118332,2.4360358867700866e-05,0.0,137325.00000000003
nominal,197.0,False,2,0.43366929333076015,0.0021720099472653013,28.5931392439953,529.8799999994046,0.0010311315779118332,2.4360358867700866e-05,0.0,137325.00000000003
nominal,198.0,False,2,0.43366929333076015,0.0021720099472653013,28.5931392439953,555.919999999405,0.0010311315779118332,2.4360358867700866e-05,0.0,137325.00000000003
nominal,199.0,False,2,0.43366929333076015,0.0021720099472653013,28.5931392439953,581.9599999994055,0.0010311315779118332,2.4360358867700866e-05,0.0,137325.00000000003
nominal,200.0,False,2,0.43366929333076015,0.0021720099472653013,28.5931392439953,607.9999999994056,0.0010311315779118332,2.4360358867700866e-05,0.0,137325.00000000003
