regime,time_s,anode_relative_humidity,patch_current_a,purge_clock_current_a,charge_since_purge_as,purge_count,water_flux_lambda_m_s,hydrogen_mol,water_vapor_mol,liquid_water_mol,hydrogen_partial_pressure_pa,water_vapor_partial_pressure_pa,total_pressure_pa
nominal,0.0,0.0,0.001978066785327398,26.04,0.0,0,4.347040440569484e-06,0.001055491936779534,0.0,0.0,137324.99999999997,0.0,137324.99999999997
nominal,1.0,0.0002812500270515675,0.001978342319833104,26.04,26.039999999999996,0,4.3416291108469804e-06,0.0010554816855280703,1.5798562858591017e-08,0.0,137323.6662587764,2.0554753370978838,137325.7217341135
nominal,2.0,0.0005621499454138679,0.0019786175113449783,26.04,52.07999999999999,0,4.336224517314252e-06,0.00105547143284955,3.157745917992794e-08,0.0,137322.33233188532,4.108391955237992,137326.44072384055
nominal,3.0,0.0008427001909129724,0.001978892360289989,26.04,78.11999999999999,0,4.330826651585881e-06,0.0010554611787457495,4.733671344552159e-08,0.0,137320.99821955783,6.158753039592425,137327.15697259744
nominal,4.0,0.0011229011988324222,0.001979166867094575,26.04,104.15999999999998,0,4.325435505286891e-06,0.0010554509232184423,6.307635010640743e-08,0.0,137319.66392202475,8.20656177136829,137327.8704837961
nominal,5.0,0.0014027534039139048,0.001979441032184642,26.04,130.2,0,4.320051070052729e-06,0.0010554406662694011,7.879639358318357e-08,0.0,137318.32943951662,10.251821327812626,137328.58126084442
nominal,6.0,0.0016822572403579266,0.0019797148559855676,26.04,156.24000000000012,0,4.314673337529255e-06,0.0010554304079003955,9.449686826604854e-08,0.0,137316.99477226374,12.294534882217334,137329.28930714598
nominal,7.0,0.00196141314182449,0.0019799883389221987,26.04,182.28000000000026,0,4.309302299372728e-06,0.001055420148113193,1.1017779851483928e-07,0.0,137315.65992049608,14.334705603924116,137329.99462610003
nominal,8.0,0.0022402215414337612,0.0019802614814188537,26.04,208.3200000000004,0,4.3039379472497935e-06,0.0010554098869095597,1.2583920865906877e-07,0.0,137314.32488444334,16.372336658329356,137330.69722110167
nominal,9.0,0.0025186828717667486,0.001980534283899323,26.04,234.36000000000053,0,4.298580272837473e-06,0.001055399624291258,1.4148112299796396e-07,0.0,137312.98966433495,18.40743120688909,137331.39709554182
nominal,10.0,0.002796797564865967,0.0019808067467868683,26.04,260.4000000000006,0,4.293229267823145e-06,0.0010553893602600487,1.571035658005033e-07,0.0,137311.65426039984,20.439992407123846,137332.09425280697
nominal,11.0,0.0030745660522361134,0.0019810788705042267,26.04,286.44000000000045,0,4.287884923904539e-06,0.0010553790948176916,1.7270656130545446e-07,0.0,137310.3186728671,22.470023412623576,137332.78869627972
nominal,12.0,0.0033519887648447333,0.0019813506554736066,26.04,312.4800000000003,0,4.282547232789717e-06,0.0010553688279659427,1.8829013372141199e-07,0.0,137308.9829019651,24.497527373052563,137333.48042933817
nominal,13.0,0.0036290661331228927,0.0019816221021166924,26.04,338.52000000000015,0,4.277216186197065e-06,0.0010553585597065562,2.0385430722683486e-07,0.0,137307.64694792216,26.52250743415429,137334.1694553563
nominal,14.0,0.003905798586965841,0.0019818932108546434,26.04,364.56,0,4.271891775855276e-06,0.001055348290041285,2.193991059700839e-07,0.0,137306.31081096627,28.544966737756297,137334.85577770404
nominal,15.0,0.004182186555733684,0.0019821639821080935,26.04,390.59999999999985,0,4.2665739935033425e-06,0.0010553380189718788,2.3492455406945931e-07,0.0,137304.97449132512,30.564908421775108,137335.5393997469
nominal,16.0,0.004458230468252042,0.0019824344162971542,26.04,416.6399999999997,0,4.261262830890538e-06,0.0010553277465000857,2.504306756132381e-07,0.0,137303.6379892261,32.58233562022105,137336.22032484633
nominal,17.0,0.004733930752812725,0.001982704513841414,26.04,442.67999999999955,0,4.255958279776406e-06,0.0010553174726276513,2.6591749465971156e-07,0.0,137302.3013048964,34.59725146320318,137336.89855635955
nominal,18.0,0.005009287837174388,0.001982974275159938,26.04,468.7199999999994,0,4.250660331930751e-06,0.0010553071973563193,2.813850352372222e-07,0.0,137300.96443856278,36.60965907693403,137337.5740976397
nominal,19.0,0.005284302148563204,0.0019832437006712706,26.04,494.75999999999925,0,4.245368979133622e-06,0.0010552969206878312,2.9683332134420165e-07,0.0,137299.62739045187,38.61956158373457,137338.24695203558
nominal,20.0,0.005558974113673515,0.0019835127907934353,26.04,520.7999999999993,0,4.240084213175297e-06,0.001055286642623926,3.122623769492073e-07,0.0,137298.29016078997,40.62696210203902,137338.91712289202
nominal,21.0,0.005833304158668506,0.001983781545943934,26.04,546.8399999999997,0,4.23480602585628e-06,0.0010552763631663407,3.276722259909598e-07,0.0,137296.95274980302,42.631863746399645,137339.5846135494
nominal,22.0,0.00610729270918086,0.001984049966539751,26.04,572.8800000000001,0,4.229534408987275e-06,0.0010552660823168107,3.4306289237838027e-07,0.0,137295.61515771676,44.634269627491626,137340.24942734427
nominal,23.0,0.006380940190313419,0.0019843180529973492,26.04,598.9200000000005,0,4.2242693543891845e-06,0.0010552558000770681,3.5843439999062725e-07,0.0,137294.27738475666,46.63418285211793,137340.91156760877
nominal,24.0,0.0066542470266398425,0.0019845858057326747,26.04,624.960000000001,0,4.219010853893093e-06,0.0010552455164488438,3.7378677267713355e-07,0.0,137292.93943114782,48.631606523213996,137341.57103767103
nominal,25.0,0.006927213642205267,0.001984853225161155,26.04,651.0000000000014,0,4.213758899340251e-06,0.0010552352314338665,3.891200342576436e-07,0.0,137291.60129711524,50.626543739852686,137342.22784085508
nominal,26.0,0.007199840460526968,0.0019851203116977006,26.04,677.0400000000018,0,4.2085134825820675e-06,0.001055224945033862,4.0443420852225033e-07,0.0,137290.26298288332,52.618997597249034,137342.8819804806
nominal,27.0,0.007472127904595012,0.001985387065756706,26.04,703.0800000000022,0,4.203274595480095e-06,0.001055214657250554,4.197293192314321e-07,0.0,137288.92448867648,54.608971186765054,137343.53345986325
nominal,28.0,0.007744076396872916,0.0019856534877520492,26.04,729.1200000000026,0,4.198042229906016e-06,0.0010552043680856656,4.3500539011608934e-07,0.0,137287.5858147188,56.59646759591453,137344.18228231472
nominal,29.0,0.008015686359298297,0.0019859195780970933,26.04,755.160000000003,0,4.192816377741632e-06,0.0010551940775409161,4.502624448775815e-07,0.0,137286.246961234,58.581489908367814,137344.82845114238
nominal,30.0,0.008286958213283535,0.001986185337204687,26.04,781.2000000000035,0,4.18759703087885e-06,0.0010551837856180226,4.6550050718776404e-07,0.0,137284.90792844552,60.56404120395664,137345.47196964946
nominal,31.0,0.00855789237971642,0.0019864507654871644,26.04,807.2400000000039,0,4.182384181219671e-06,0.0010551734923187018,4.807196006890247e-07,0.0,137283.56871657667,62.54412455867882,137346.11284113533
nominal,32.0,0.008828489278960813,0.0019867158633563474,26.04,833.2800000000043,0,4.177177820676175e-06,0.0010551631976446665,4.959197489943208e-07,0.0,137282.22932585023,64.5217430447031,137346.75106889496
nominal,33.0,0.009098749330857286,0.001986980631223544,26.04,859.3200000000047,0,4.1719779411705115e-06,0.0010551529015976281,5.111009756872151e-07,0.0,137280.88975648902,66.4968997303739,137347.38665621937
nominal,34.0,0.009368672954723788,0.0019872450694995514,26.04,885.3600000000051,0,4.166784534634886e-06,0.0010551426041792954,5.262633043219132e-07,0.0,137279.55000871522,68.46959768021605,137348.01960639548
nominal,35.0,0.009638260569356284,0.001987509178594655,26.04,911.4000000000055,0,4.161597593011544e-06,0.0010551323053913755,5.414067584232996e-07,0.0,137278.21008275103,70.43983995493961,137348.64992270595
nominal,36.0,0.009907512593029405,0.001987772958918628,26.04,937.440000000006,0,4.156417108252766e-06,0.0010551220052355734,5.565313614869741e-07,0.0,137276.86997881823,72.40762961144452,137349.27760842966
nominal,37.0,0.010176429443497108,0.0019880364108807364,26.04,963.4800000000064,0,4.151243072320848e-06,0.0010551117037135922,5.716371369792884e-07,0.0,137275.5296971384,74.3729697028254,137349.9026668412
nominal,38.0,0.010445011537993319,0.0019882995348897347,26.04,989.5200000000068,0,4.14607547718809e-06,0.0010551014008271322,5.867241083373833e-07,0.0,137274.1892379328,76.33586327837635,137350.52510121115
nominal,39.0,0.010713259293232568,0.0019885623313538685,26.04,1015.5600000000072,0,4.1409143148367894e-06,0.0010550910965778928,6.017922989692235e-07,0.0,137272.84860142248,78.29631338359555,137351.14491480606
nominal,40.0,0.01098117312541065,0.0019888248006808763,26.04,1041.6000000000076,0,4.1357595772592205e-06,0.0010550807909675696,6.168417322536347e-07,0.0,137271.50778782804,80.25432306019002,137351.76211088823
nominal,41.0,0.011248753450205269,0.001989086943277988,26.04,1067.640000000008,0,4.1306112564576266e-06,0.0010550704839978565,6.318724315403406e-07,0.0,137270.16679736992,82.20989534608047,137352.376692716
nominal,42.0,0.011516000682776683,0.001989348759551927,26.04,1093.6800000000085,0,4.12546934444421e-06,0.001055060175670447,6.46884420149998e-07,0.0,137268.8256302684,84.16303327540584,137352.98866354377
nominal,43.0,0.011782915237768343,0.0019896102499089114,26.04,1119.720000000009,0,4.120333833241111e-06,0.00105504986598703,6.618777213742337e-07,0.0,137267.48428674327,86.11373987852812,137353.5980266218
nominal,44.0,0.012049497529307535,0.0019898714147546515,26.04,1145.7600000000093,0,4.115204714880405e-06,0.001055039554949294,6.768523584756799e-07,0.0,137266.1427670142,88.06201818203698,137354.2047851962
nominal,45.0,0.012315747971006033,0.0019901322544943543,26.04,1171.8000000000097,0,4.110081981404086e-06,0.001055029242558925,6.918083546880113e-07,0.0,137264.80107130046,90.0078712087545,137354.8089425092
nominal,46.0,0.012581666975960725,0.0019903927695327215,26.04,1197.8400000000101,0,4.104965624864053e-06,0.0010550189288176064,7.0674573321598e-07,0.0,137263.45919982117,91.95130197773987,137355.4105017989
nominal,47.0,0.012847254956754279,0.001990652960273952,26.04,1223.8800000000106,0,4.099855637322098e-06,0.0010550086137270202,7.216645172354528e-07,0.0,137262.11715279517,93.89231350429408,137356.00946629944
nominal,48.0,0.01311251232545575,0.0019909128271217397,26.04,1249.920000000011,0,4.094752010849899e-06,0.0010549982972888458,7.365647298934458e-07,0.0,137260.77493044088,95.83090879996453,137356.60583924083
nominal,49.0,0.013377439493621251,0.0019911723704792777,26.04,1275.9600000000114,0,4.089654737528997e-06,0.0010549879795047612,7.514463943081617e-07,0.0,137259.43253297667,97.76709087254982,137357.19962384927
nominal,50.0,0.013642036872294573,0.001991431590749257,26.04,1302.0000000000118,0,4.084563809450797e-06,0.0010549776603764414,7.663095335690245e-07,0.0,137258.08996062048,99.70086272610432,137357.79082334656
nominal,51.0,0.013906304872007821,0.001991690488333867,26.04,1328.0400000000122,0,4.079479218716544e-06,0.0010549673399055596,7.811541707367157e-07,0.0,137256.74721358996,101.63222736094282,137358.37944095093
nominal,52.0,0.014170243902782062,0.001991949063634795,26.04,1354.0800000000127,0,4.0744009574373175e-06,0.0010549570180937876,7.959803288432104e-07,0.0,137255.40429210264,103.5611877736453,137358.96547987626
nominal,53.0,0.014433854374127954,0.0019922073170532315,26.04,1380.120000000013,0,4.0693290177340174e-06,0.0010549466949427942,8.107880308918124e-07,0.0,137254.06119637564,105.48774695706142,137359.54894333272
nominal,54.0,0.014697136695046388,0.0019924652489898644,26.04,1406.1600000000135,0,4.064263391737351e-06,0.001054936370454247,8.255772998571909e-07,0.0,137252.71792662592,107.4119079003153,137360.12983452622
nominal,55.0,0.014960091274029115,0.0019927228598448847,26.04,1432.200000000014,0,4.0592040715878215e-06,0.0010549260446298106,8.403481586854152e-07,0.0,137251.37448307007,109.33367358881017,137360.70815665886
nominal,56.0,0.015222718519059382,0.0019929801500179847,26.04,1458.2400000000143,0,4.054151049435717e-06,0.001054915717471148,8.551006302939903e-07,0.0,137250.03086592443,111.25304700423281,137361.28391292866
nominal,57.0,0.015485018837612564,0.001993237119908359,26.04,1484.2800000000148,0,4.049104317441097e-06,0.00105490538897992,8.698347375718933e-07,0.0,137248.6870754051,113.17003112455835,137361.85710652964
nominal,58.0,0.015746992636656805,0.001993493769914705,26.04,1510.3200000000152,0,4.044063867773779e-06,0.0010548950591577856,8.845505033796081e-07,0.0,137247.34311172788,115.08462892405488,137362.42774065194
nominal,59.0,0.016008640322653634,0.001993750100435225,26.04,1536.3600000000156,0,4.039029692613329e-06,0.0010548847280064013,8.992479505491612e-07,0.0,137245.99897510838,116.99684337328802,137362.99581848166
nominal,60.0,0.01626996230155861,0.0019940061118676245,26.04,1562.400000000016,0,4.034001784149048e-06,0.0010548743955274217,9.139271018841572e-07,0.0,137244.65466576177,118.90667743912549,137363.56134320088
nominal,61.0,0.01653095897882195,0.001994261804609114,26.04,1588.4400000000164,0,4.028980134579959e-06,0.0010548640617224997,9.285879801598142e-07,0.0,137243.31018390314,120.81413408474184,137364.12431798788
nominal,62.0,0.016791630759389144,0.00199451717905641,26.04,1614.4800000000168,0,4.0239647361147974e-06,0.0010548537265932859,9.432306081229985e-07,0.0,137241.96552974725,122.7192162696229,137364.68474601692
nominal,63.0,0.017051978047701605,0.0019947722356057343,26.04,1640.5200000000173,0,4.018955580971996e-06,0.0010548433901414291,9.578550084922615e-07,0.0,137240.62070350864,124.62192694957052,137365.2426304582
nominal,64.0,0.017312001247697266,0.0019950269746528164,26.04,1666.5600000000177,0,4.013952661379675e-06,0.0010548330523685757,9.724612039578719e-07,0.0,137239.27570540147,126.52226907670692,137365.7979744782
nominal,65.0,0.01757170076281124,0.0019952813965928933,26.04,1692.600000000018,0,4.008955969575631e-06,0.0010548227132763694,9.870492171818545e-07,0.0,137237.93053563964,128.4202455994796,137366.3507812391
nominal,66.0,0.017831076995976435,0.0019955355018207092,26.04,1718.6400000000185,0,4.003965497807319e-06,0.0010548123728664532,1.0016190707980234e-06,0.0,137236.5851944369,130.31585946266568,137366.90105389952
nominal,67.0,0.01809013034962417,0.0019957892907305173,26.04,1744.680000000019,0,3.998981238331848e-06,0.0010548020311404675,1.0161707874120173e-06,0.0,137235.2396820066,132.2091136073765,137367.44879561395
nominal,68.0,0.018348861225684795,0.0019960427637160803,26.04,1770.7200000000194,0,3.994003183415965e-06,0.0010547916881000503,1.0307043896013344e-06,0.0,137233.89399856195,134.10001097106226,137367.99400953297
nominal,69.0,0.01860727002558836,0.0019962959211706696,26.04,1796.7600000000198,0,3.989031325336043e-06,0.0010547813437468377,1.0452198999153689e-06,0.0,137232.54814431578,135.98855448751655,137368.5366988033
nominal,70.0,0.018865357150265154,0.001996548763487069,26.04,1822.8000000000202,0,3.98406565637807e-06,0.0010547709980824641,1.059717340875443e-06,0.0,137231.2021194807,137.87474708688077,137369.07686656757
nominal,71.0,0.019123123000146403,0.001996801291057571,26.04,1848.8400000000206,0,3.979106168837637e-06,0.0010547606511085615,1.0741967349748447e-06,0.0,137229.8559242691,139.7585916956489,137369.61451596476
nominal,72.0,0.019380567975164863,0.001997053504273982,26.04,1874.880000000021,0,3.9741528550199245e-06,0.0010547503028267603,1.0886581046788619e-06,0.0,137228.5095588931,141.64009123667188,137370.14965012972
nominal,73.0,0.019637692474755438,0.0019973054035276193,26.04,1900.9200000000214,0,3.969205707239693e-06,0.0010547399532386884,1.1031014724248166e-06,0.0,137227.1630235644,143.51924862916223,137370.68227219358
nominal,74.0,0.019894496897855808,0.001997556989209313,26.04,1926.9600000000219,0,3.964264717821268e-06,0.001054729602345972,1.1175268606221e-06,0.0,137225.81631849476,145.39606678869853,137371.21238528346
nominal,75.0,0.02015098164290703,0.001997808261709408,26.04,1953.0000000000223,0,3.959329879098534e-06,0.0010547192501502351,1.131934291652208e-06,0.0,137224.4694438953,147.27054862722994,137371.73999252255
nominal,76.0,0.020407147107854184,0.0019980592214177612,26.04,1979.0400000000227,0,3.954401183414912e-06,0.0010547088966531002,1.1463237878687747e-06,0.0,137223.1223999772,149.14269705308075,137372.26509703026
nominal,77.0,0.02066299369014696,0.0019983098687237463,26.04,2005.0800000000231,0,3.94947862312336e-06,0.0010546985418561866,1.1606953715976076e-06,0.0,137221.77518695113,151.0125149709548,137372.78770192206
nominal,78.0,0.020918521786740307,0.0019985602040162513,26.04,2031.1200000000235,0,3.944562190586354e-06,0.0010546881857611127,1.175049065136723e-06,0.0,137220.4278050276,152.88000528194024,137373.30781030952
nominal,79.0,0.021173731794095027,0.00199881022768368,26.04,2057.160000000023,0,3.939651878175875e-06,0.0010546778283694943,1.1893848907563797e-06,0.0,137219.0802544169,154.7451708835137,137373.82542530043
nominal,80.0,0.02142862410817839,0.0019990599401139525,26.04,2083.200000000021,0,3.934747678273401e-06,0.0010546674696829458,1.2037028706991137e-06,0.0,137217.73253532904,156.60801466954507,137374.3405499986
nominal,81.0,0.021683199124464758,0.0019993093416945072,26.04,2109.2400000000193,0,3.929849583269895e-06,0.0010546571097030787,1.2180030271797727e-06,0.0,137216.3846479737,158.46853953030168,137374.85318750402
nominal,82.0,0.021937457237936196,0.001999558432812299,26.04,2135.2800000000175,0,3.92495758556579e-06,0.0010546467484315034,1.2322853823855511e-06,0.0,137215.0365925604,160.32674835245322,137375.36334091285
nominal,83.0,0.02219139884308308,0.001999807213853801,26.04,2161.3200000000156,0,3.920071677570981e-06,0.0010546363858698275,1.2465499584760236e-06,0.0,137213.68836929827,162.18264401907572,137375.87101331732
nominal,84.0,0.022445024333904703,0.0020000556852050066,26.04,2187.3600000000138,0,3.915191851704811e-06,0.0010546260220196568,1.2607967775831798e-06,0.0,137212.33997839628,164.03622940965636,137376.37620780594
nominal,85.0,0.022698334103909926,0.002000303847251427,26.04,2213.400000000012,0,3.910318100396056e-06,0.0010546156568825957,1.2750258618114597e-06,0.0,137210.9914200631,165.887507400098,137376.8789274632
nominal,86.0,0.022951328546117727,0.0020005517003780955,26.04,2239.44000000001,0,3.905450416082923e-06,0.0010546052904602465,1.2892372332377858e-06,0.0,137209.64269450732,167.7364808627232,137377.37917537
nominal,87.0,0.023204008053057855,0.0020007992449695635,26.04,2265.480000000008,0,3.900588791213027e-06,0.0010545949227542084,1.3034309139115994e-06,0.0,137208.29380193684,169.58315266627918,137377.87695460313
nominal,88.0,0.023456373016771413,0.002001046481409906,26.04,2291.5200000000063,0,3.895733218243389e-06,0.0010545845537660796,1.3176069258548931e-06,0.0,137206.94474255975,171.4275256759419,137378.37226823566
nominal,89.0,0.00882853863650838,0.0019867159117108583,26.04,17.560000000005605,1,4.1771768710230605e-06,0.0010549989551033611,4.95922521539184e-07,0.0,137260.86051553648,64.52210376723453,137325.38261930374
nominal,90.0,0.009098798626963056,0.001986980679517862,26.04,43.6000000000056,1,4.171976992699555e-06,0.0010549886590560718,5.11103744780729e-07,0.0,137259.52094614258,66.4972600038668,137326.01820614646
nominal,91.0,0.00936872218946425,0.001987245117733751,26.04,69.6400000000056,1,4.166783587344614e-06,0.0010549783616374893,5.262660699683743e-07,0.0,137258.18119833633,68.46995750522943,137326.65115584157
nominal,92.0,0.009638309742807825,0.001987509226768811,26.04,95.68000000000559,1,4.161596646900489e-06,0.00105496806284932,5.414095206269989e-07,0.0,137256.84127233963,70.44019933203174,137327.28147167168
nominal,93.0,0.009907561705268322,0.0019877730070328157,26.04,121.72000000000558,1,4.156416163319459e-06,0.0010549577626932686,5.565341202521973e-07,0.0,137255.50116837444,72.40798854117298,137327.9091569156
nominal,94.0,0.010176478494599602,0.00198803645893503,26.04,147.76000000000568,1,4.151242128563823e-06,0.0010549474611710385,5.71639892310316e-07,0.0,137254.16088666223,74.37332818574713,137328.53421484795
nominal,95.0,0.010445060528035488,0.0019882995828842086,26.04,173.8000000000058,1,4.146074534605883e-06,0.0010549371582843296,5.867268602384898e-07,0.0,137252.8204274242,76.33622131504748,137329.15664873924
nominal,96.0,0.01071330822229042,0.001988562379288597,26.04,199.84000000000594,1,4.140913373427938e-06,0.0010549268540348412,6.017950474446786e-07,0.0,137251.47979088148,78.29667097457158,137329.77646185606
nominal,97.0,0.010981221993560107,0.0019888248485559344,26.04,225.88000000000608,1,4.135758637022263e-06,0.001054916548424269,6.168444773077031e-07,0.0,137250.13897725465,80.25468020602584,137330.3936574607
nominal,98.0,0.011248802257522152,0.0019890869910934496,26.04,251.9200000000062,1,4.1306103173911055e-06,0.0010549062414543084,6.318751731772812e-07,0.0,137248.79798676434,82.21025204733014,137331.00823881166
nominal,99.0,0.011516049429336712,0.001989348807307867,26.04,277.9600000000061,1,4.125468406546667e-06,0.0010548959331266505,6.468871583740645e-07,0.0,137247.45681963052,84.1633895326228,137331.62020916314
nominal,100.0,0.011782963923647152,0.001989610297605403,26.04,304.00000000000597,1,4.120332896511092e-06,0.0010548856234429862,6.618804561896745e-07,0.0,137246.1154760732,86.11409569226514,137332.22957176546
nominal,101.0,0.012049546154580665,0.0019898714623917692,26.04,330.0400000000058,1,4.115203779316457e-06,0.0010548753124050032,6.768550898867383e-07,0.0,137244.77395631198,88.06237355284611,137332.8363298648
nominal,102.0,0.012315796535748925,0.001990132302072172,26.04,356.08000000000567,1,4.110081047004756e-06,0.001054865000014387,6.918110826989251e-07,0.0,137243.4322605661,90.0082261371871,137333.44048670333
nominal,103.0,0.012581715480248732,0.0019903928170513126,26.04,382.1200000000055,1,4.104964691627892e-06,0.0010548546862728222,7.067484578309818e-07,0.0,137242.0903890548,91.95165646434664,137334.04204551913
nominal,104.0,0.012847303400662655,0.00199065300773339,26.04,408.16000000000537,1,4.099854705247659e-06,0.00105484437118199,7.216672384587701e-07,0.0,137240.74834199678,93.892667549625,137334.64100954638
nominal,105.0,0.013112560709059662,0.001990912874522099,26.04,434.2000000000052,1,4.094751079935734e-06,0.00105483405474357,7.365674477293008e-07,0.0,137239.40611961056,95.83126240456896,137335.23738201513
nominal,106.0,0.013377487816995765,0.001991172417820632,26.04,460.24000000000507,1,4.089653807773664e-06,0.0010548237369592398,7.51449108760771e-07,0.0,137238.06372211437,97.76744403697636,137335.83116615136
nominal,107.0,0.013642085135514665,0.0019914316380316792,26.04,486.2800000000049,1,4.084562880852851e-06,0.0010548134178306747,7.663122446425998e-07,0.0,137236.72114972625,99.70121545090093,137336.42236517716
nominal,108.0,0.013906353075148372,0.00199169053555743,26.04,512.3200000000048,1,4.079478291274545e-06,0.0010548030973595481,7.811568784354631e-07,0.0,137235.3784026639,101.63257964665675,137337.01098231054
nominal,109.0,0.014170292045917854,0.0019919491107995733,26.04,538.3600000000052,1,4.0744000311498275e-06,0.0010547927755475313,7.959830331713308e-07,0.0,137234.0354811447,103.56153962082308,137337.59702076553
nominal,110.0,0.014433902457333688,0.0019922073641592975,26.04,564.4000000000057,1,4.0693280925995985e-06,0.0010547824523962936,8.107907318535019e-07,0.0,137232.69238538595,105.48809836624899,137338.1804837522
nominal,111.0,0.014697184718396669,0.001992465296037291,26.04,590.4400000000061,1,4.064262467754567e-06,0.0010547721279075021,8.255799974566402e-07,0.0,137231.34911560445,107.41225887205795,137338.7613744765
nominal,112.0,0.014960139237598445,0.0019927229068337454,26.04,616.4800000000065,1,4.059203148755241e-06,0.0010547618020828214,8.403508529268093e-07,0.0,137230.0056720168,109.33402412365233,137339.33969614047
nominal,113.0,0.015222766422922186,0.0019929801969483523,26.04,642.5200000000069,1,4.054150127751907e-06,0.0010547514749239156,8.551033211815099e-07,0.0,137228.66205483951,111.25339710271841,137339.91545194224
nominal,114.0,0.015485066681843166,0.0019932371667803063,26.04,668.5600000000073,1,4.049103396904627e-06,0.0010547411464324444,8.698374251097133e-07,0.0,137227.31826428854,113.17038078723058,137340.48864507576
nominal,115.0,0.015747040421329433,0.001993493816728305,26.04,694.6000000000078,1,4.044062948383221e-06,0.0010547308166100674,8.845531875718982e-07,0.0,137225.97430057978,115.08497815145626,137341.05927873123
nominal,116.0,0.016008688047842428,0.00199375014719055,26.04,720.6400000000082,1,4.039028774367257e-06,0.001054720485458441,8.992506314000859e-07,0.0,137224.63016392873,116.99719216596033,137341.62735609472
nominal,117.0,0.016270009967337625,0.001994006158564747,26.04,746.6800000000086,1,4.034000867046037e-06,0.0010547101529792193,9.139297793978763e-07,0.0,137223.28585455066,118.90702579760998,137342.19288034827
nominal,118.0,0.016531006585265132,0.001994261851248106,26.04,772.720000000009,1,4.028979218618586e-06,0.0010546998191740557,9.285906543404817e-07,0.0,137221.9413726606,120.81448200957894,137342.7558546702
nominal,119.0,0.01679167830657036,0.001994517225637344,26.04,798.7600000000094,1,4.023963821293641e-06,0.0010546894840446006,9.432332789747637e-07,0.0,137220.59671847333,122.71956376135245,137343.31628223468
nominal,120.0,0.017052025535694623,0.0019947722821286834,26.04,824.8000000000098,1,4.018954667289637e-06,0.0010546791475925024,9.578576760192678e-07,0.0,137219.2518922033,124.62227400873167,137343.87416621204
nominal,121.0,0.017312048676575768,0.001995027021117852,26.04,850.8400000000103,1,4.013951748834697e-06,0.0010546688098194076,9.724638681642586e-07,0.0,137217.9068940647,126.52261570383814,137344.42950976858
nominal,122.0,0.017571748132648814,0.0019952814430000882,26.04,876.8800000000107,1,4.008955058166616e-06,0.0010546584707269609,9.87051878071755e-07,0.0,137216.5617242716,128.42059179511867,137344.98231606671
nominal,123.0,0.01783112430684658,0.001995535548170135,26.04,902.9200000000111,1,4.003964587532854e-06,0.0010546481303168045,1.0016217283755665e-06,0.0,137215.2163830376,130.3162052273498,137345.53258826493
nominal,124.0,0.018090177601600286,0.001995789337022246,26.04,928.9600000000115,1,3.998980329190521e-06,0.0010546377885905785,1.016173441681326e-06,0.0,137213.87087057604,132.20945894164208,137346.0803295177
nominal,125.0,0.0183489084188402,0.0019960428099501833,26.04,955.0000000000119,1,3.994002275406365e-06,0.001054627445549921,1.030707040566527e-06,0.0,137212.5251871001,134.1003558754451,137346.62554297558
nominal,126.0,0.018607317159996264,0.001996295967347219,26.04,981.0400000000124,1,3.989030418456762e-06,0.0010546171011964686,1.0452225475805582e-06,0.0,137211.17933282276,135.9888989625518,137347.1682317853
nominal,127.0,0.018865404225998698,0.0019965488096061364,26.04,1007.0800000000128,1,3.9840647506277005e-06,0.0010546067555318556,1.0597199852447372e-06,0.0,137209.83330795655,137.8750911331029,137347.70839908964
nominal,128.0,0.019123170017278625,0.0019968013371192282,26.04,1033.120000000013,1,3.979105264214773e-06,0.0010545964085577144,1.0741993760523467e-06,0.0,137208.48711271392,139.7589353135917,137348.24604802753
nominal,129.0,0.019380614933768713,0.0019970535502783,26.04,1059.1600000000135,1,3.974151951523163e-06,0.0010545860602756748,1.0886607424686692e-06,0.0,137207.14074730687,141.6404344268685,137348.78118173374
nominal,130.0,0.019637739374903772,0.0019973054494746697,26.04,1085.200000000014,1,3.969204804867631e-06,0.0010545757106873647,1.103104106931022e-06,0.0,137205.79421194724,143.51959139214512,137349.31380333938
nominal,131.0,0.019894543739621393,0.001997557035099167,26.04,1111.2400000000143,1,3.964263816572507e-06,0.0010545653597944106,1.117529491848791e-06,0.0,137204.4475068466,145.39640912499948,137349.84391597158
nominal,132.0,0.020151028426362544,0.0019978083075421365,26.04,1137.2800000000148,1,3.959328978971675e-06,0.001054555007598436,1.131936919603467e-06,0.0,137203.10063221623,147.27089053738015,137350.37152275362
nominal,133.0,0.020407193833072206,0.001998059267193436,26.04,1163.3200000000152,1,3.954400284408559e-06,0.0010545446541010638,1.1463264125486787e-06,0.0,137201.75358826725,149.1430385376106,137350.89662680487
nominal,134.0,0.020663040357199992,0.001998309914442438,26.04,1189.3600000000156,1,3.9494777252361185e-06,0.0010545342993039132,1.1606979930102292e-06,0.0,137200.40637521035,151.0128560303942,137351.41923124072
nominal,135.0,0.02091856839570076,0.001998560249678031,26.04,1215.400000000016,1,3.94456129381683e-06,0.0010545239432086025,1.1750516832861296e-06,0.0,137199.05899325604,152.88034591681836,137351.93933917282
nominal,136.0,0.021173778345035213,0.0019988102732886185,26.04,1241.4400000000164,1,3.939650982522677e-06,0.0010545135858167475,1.1893875056466335e-06,0.0,137197.71144261453,154.7455110943591,137352.4569537089
nominal,137.0,0.021428670601170534,0.001999059985662121,26.04,1267.4800000000168,1,3.93474678373514e-06,0.0010545032271299627,1.2037054823342718e-06,0.0,137196.36372349595,156.6083544568855,137352.9720779528
nominal,138.0,0.021683245559581003,0.001999309387185976,26.04,1293.5200000000173,1,3.929848689845182e-06,0.0010544928671498597,1.2180056355638874e-06,0.0,137195.01583610993,158.4688788946645,137353.48471500457
nominal,139.0,0.02193750361524858,0.0019995584782471383,26.04,1319.5600000000177,1,3.92495669325324e-06,0.0010544825058780487,1.232287987522669e-06,0.0,137193.66778066594,160.32708729436482,137353.99486796028
nominal,140.0,0.022191445162663553,0.0019998072592320817,26.04,1345.600000000018,1,3.9200707863692095e-06,0.0010544721433161375,1.2465525603701866e-06,0.0,137192.3195573732,162.18298253906195,137354.50253991224
nominal,141.0,0.022445070595825144,0.0020000557305267994,26.04,1371.6400000000185,1,3.9151909616124336e-06,0.001054461779465732,1.260799376238425e-06,0.0,137190.97116644066,164.03656750824257,137355.0077339489
nominal,142.0,0.022698380308242103,0.002000303892516802,26.04,1397.680000000019,1,3.910317211411693e-06,0.0010544514143284362,1.2750284572318188e-06,0.0,137189.62260807698,165.88784507780863,137355.51045315477
nominal,143.0,0.02295137469293333,0.002000551745587122,26.04,1423.7200000000194,1,3.9054495282051954e-06,0.001054441047905852,1.2892398254272858e-06,0.0,137188.27388249055,167.7368181200822,137356.01070061064
nominal,144.0,0.023204054142428474,0.002000799290122313,26.04,1449.7600000000198,1,3.900587904440558e-06,0.00105443068019958,1.3034335028742617e-06,0.0,137186.92498988967,169.58348950380983,137356.50847939347
nominal,145.0,0.023456419048768565,0.0020010465265064476,26.04,1475.8000000000202,1,3.895732332574801e-06,0.001054420311211217,1.317609511594735e-06,0.0,137185.5759304821,171.4278620941668,137357.00379257626
nominal,146.0,0.023708469803506608,0.0020012934551231227,26.04,1501.8400000000206,1,3.890882805074334e-06,0.00105440994094236,1.3317678735832806e-06,0.0,137184.2267044756,173.26993875276202,137357.49664322834
nominal,147.0,0.02396020679770818,0.0020015400763554567,26.04,1527.880000000021,1,3.886039314414948e-06,0.0010543995693946021,1.3459086108070926e-06,0.0,137182.87731207738,175.1097223376418,137357.98703441498
nominal,148.0,0.024211630421952048,0.0020017863905860906,26.04,1553.9200000000214,1,3.881201853081794e-06,0.001054389196569536,1.360031745206021e-06,0.0,137181.5277534947,176.94721570329503,137358.474969198
nominal,149.0,0.024462741066330795,0.0020020323981971896,26.04,1579.9600000000219,1,3.876370413569383e-06,0.0010543788224687514,1.3741372986926045e-06,0.0,137180.17802893446,178.78242170065707,137358.96045063512
nominal,150.0,0.024713539120451367,0.0020022780995704436,26.04,1606.0000000000223,1,3.871544988381567e-06,0.0010543684470938365,1.3882252931521026e-06,0.0,137178.82813860316,180.61534317711423,137359.4434817803
nominal,151.0,0.024964024973435757,0.0020025234950870664,26.04,1632.0400000000227,1,3.866725570031528e-06,0.0010543580704463775,1.4022957504425338e-06,0.0,137177.47808270727,182.4459829765086,137359.9240656838
nominal,152.0,0.02521419901392154,0.002002768585127798,26.04,1658.0800000000231,1,3.861912151041772e-06,0.001054347692527958,1.4163486923947052e-06,0.0,137176.1278614528,184.27434393914194,137360.40220539196
nominal,153.0,0.02546406163006251,0.0020030133700729043,26.04,1684.1200000000235,1,3.857104723944109e-06,0.0010543373133401605,1.430384140812249e-06,0.0,137174.77747504567,186.10042890178036,137360.87790394743
nominal,154.0,0.025713613209529276,0.0020032578503021772,26.04,1710.160000000024,1,3.852303281279649e-06,0.0010543269328845653,1.4444021174716557e-06,0.0,137173.4269236914,187.92424069765872,137361.35116438908
nominal,155.0,0.025962854139509852,0.0020035020261949367,26.04,1736.2000000000244,1,3.847507815598783e-06,0.0010543165511627509,1.4584026441223068e-06,0.0,137172.07620759547,189.7457821564849,137361.82198975192
nominal,156.0,0.026211784806710298,0.0020037458981300308,26.04,1762.2400000000248,1,3.8427183194611795e-06,0.001054306168176293,1.4723857424865114e-06,0.0,137170.7253269628,191.56505610444447,137362.29038306724
nominal,157.0,0.026460405597355255,0.0020039894664858346,26.04,1788.2800000000252,1,3.837934785435767e-06,0.001054295783926766,1.4863514342595359e-06,0.0,137169.37428199823,193.3820653642046,137362.75634736245
nominal,158.0,0.026708716897188612,0.002004232731640253,26.04,1814.3200000000256,1,3.833157206100724e-06,0.0010542853984157419,1.5002997411096413e-06,0.0,137168.02307290636,195.196812754919,137363.2198856613
nominal,159.0,0.02695671909147404,0.0020044756939707207,26.04,1840.360000000026,1,3.828385574043471e-06,0.0010542750116447914,1.514230684678114e-06,0.0,137166.6716998915,197.0093010922317,137363.68100098375
nominal,160.0,0.027204412564995645,0.002004718353854202,26.04,1866.4000000000265,1,3.82361988186065e-06,0.0010542646236154825,1.5281442865793019e-06,0.0,137165.32016315765,198.819533188282,137364.1396963459
nominal,161.0,0.02745179770205854,0.0020049607116671927,26.04,1892.4400000000269,1,3.818860122158126e-06,0.0010542542343293822,1.5420405684006462e-06,0.0,137163.9684629087,200.62751185170853,137364.5959747604
nominal,162.0,0.027698874886489432,0.002005202767785719,26.04,1918.4800000000273,1,3.8141062875509624e-06,0.0010542438437880547,1.5559195517027151e-06,0.0,137162.61659934814,202.43323988765349,137365.04983923578
nominal,163.0,0.02794564450163723,0.0020054445225853395,26.04,1944.5200000000277,1,3.80935837066342e-06,0.0010542334519930625,1.5697812580192376e-06,0.0,137161.26457267924,204.23672009776712,137365.50129277701
nominal,164.0,0.02819210693037365,0.0020056859764411455,26.04,1970.5600000000281,1,3.8046163641289375e-06,0.0010542230589459661,1.583625708857137e-06,0.0,137159.9123831051,206.03795528021234,137365.95033838533
nominal,165.0,0.028438262555093793,0.0020059271297277604,26.04,1996.6000000000286,1,3.799880260590127e-06,0.0010542126646483243,1.5974529256965647e-06,0.0,137158.5600308285,207.83694822966868,137366.39697905816
nominal,166.0,0.02868411175771674,0.002006167982819343,26.04,2022.640000000029,1,3.795150052698757e-06,0.001054202269101694,1.611262929990932e-06,0.0,137157.20751605195,209.63370173733676,137366.8412177893
nominal,167.0,0.028929654919686132,0.002006408536089585,26.04,2048.6800000000294,1,3.7904257331157447e-06,0.0010541918723076295,1.6250557431669442e-06,0.0,137155.8548389777,211.42821859094252,137367.28305756868
nominal,168.0,0.029174892421970817,0.0020066487899117126,26.04,2074.7200000000275,1,3.7857072945111425e-06,0.0010541814742676845,1.6388313866246358e-06,0.0,137154.50199980798,213.220501574742,137367.72250138273
nominal,169.0,0.029419824645065366,0.002006888744658489,26.04,2100.7600000000257,1,3.780994729564127e-06,0.0010541710749834095,1.6525898817373995e-06,0.0,137153.14899874438,215.01055346952487,137368.1595522139
nominal,170.0,0.029664451968990712,0.0020071284007022114,26.04,2126.800000000024,1,3.776288030962989e-06,0.001054160674456353,1.6663312498520232e-06,0.0,137151.79583598842,216.79837705261951,137368.59421304104
nominal,171.0,0.02990877477329472,0.0020073677584147155,26.04,2152.840000000022,1,3.77158719140512e-06,0.0010541502726880622,1.6800555122887211e-06,0.0,137150.44251174148,218.5839750978969,137369.02648683937
nominal,172.0,0.030152793437052784,0.0020076068181673723,26.04,2178.88000000002,1,3.7668922035970033e-06,0.0010541398696800827,1.6937626903411675e-06,0.0,137149.0890262045,220.36735037577492,137369.4563765803
nominal,173.0,0.030396508338868422,0.002007845580331092,26.04,2204.9200000000183,1,3.7622030602542008e-06,0.0010541294654339579,1.7074528052765298e-06,0.0,137147.73537957843,222.14850565322283,137369.88388523165
nominal,174.0,0.030639919856873844,0.0020080840452763224,26.04,2230.9600000000164,1,3.7575197541013415e-06,0.001054119059951228,1.7211258783355008e-06,0.0,137146.3815720636,223.92744369376555,137370.30901575738
nominal,175.0,0.030883028368730563,0.00200832221337305,26.04,2257.0000000000146,1,3.752842277872112e-06,0.0010541086532334335,1.7347819307323339e-06,0.0,137145.0276038604,225.70416725748788,137370.7317711179
nominal,176.0,0.03112583425162995,0.0020085600849908012,26.04,2283.0400000000127,1,3.7481706243092442e-06,0.0010540982452821113,1.7484209836548721e-06,0.0,137143.67347516882,227.47867910103858,137371.15215426986
nominal,177.0,0.011593125041946607,0.0019894243166013064,26.04,9.080000000011399,2,4.123985450055006e-06,0.0010548421273347596,6.5121670075117e-07,0.0,137240.45640578182,84.72668555243902,137325.18309133427
nominal,178.0,0.011859943590162432,0.00198968571290255,26.04,35.120000000011395,2,4.11885178604931e-06,0.0010548318172600153,6.662046090191853e-07,0.0,137239.11501134298,86.67669050386017,137325.7917018468
nominal,179.0,0.012126429994437984,0.0019899467838096333,26.04,61.16000000001139,2,4.113724512586559e-06,0.0010548215058314393,6.811738598777293e-07,0.0,137237.77344076356,88.62426802910556,137326.39770879265
nominal,180.0,0.012392584668236256,0.001990207529727617,26.04,87.20000000001139,2,4.1086036217116096e-06,0.0010548111930507164,6.961244765521192e-07,0.0,137236.43169426275,90.56942114990999,137327.00111541263
nominal,181.0,0.012658408024505557,0.0019904679510610573,26.04,113.24000000001138,2,4.1034891054792186e-06,0.00105480087891953,7.110564822387611e-07,0.0,137235.08977205967,92.51215288424667,137327.6019249439
nominal,182.0,0.012923900475680145,0.001990728048214007,26.04,139.28000000001143,2,4.098380955954035e-06,0.0010547905634395616,7.259699001051853e-07,0.0,137233.74767437295,94.45246624633204,137328.2001406193
nominal,183.0,0.013189062433680862,0.0019909878215900166,26.04,165.32000000001156,2,4.093279165210586e-06,0.0010547802466124895,7.408647532900822e-07,0.0,137232.40540142107,96.39036424663028,137328.79576566775
nominal,184.0,0.01345389430991578,0.0019912472715921327,26.04,191.3600000000117,2,4.0881837253332645e-06,0.0010547699284399912,7.557410649033387e-07,0.0,137231.06295342222,98.32584989185806,137329.38880331407
nominal,185.0,0.013718396515280847,0.0019915063986229013,26.04,217.40000000001183,2,4.083094628416316e-06,0.0010547596089237412,7.705988580260743e-07,0.0,137229.72033059428,100.25892618498928,137329.97925677928
nominal,186.0,0.013982569460160502,0.001991765203084368,26.04,243.44000000001196,2,4.078011866563829e-06,0.0010547492880654125,7.854381557106754e-07,0.0,137228.3775331549,102.18959612525948,137330.56712928016
nominal,187.0,0.014246413554428334,0.0019920236853780754,26.04,269.48000000001196,2,4.072935431889722e-06,0.0010547389658666756,8.00258980980833e-07,0.0,137227.03456132146,104.11786270817088,137331.1524240296
nominal,188.0,0.014509929207447706,0.001992281845905069,26.04,295.5200000000118,2,4.067865316517725e-06,0.001054728642329199,8.15061356831577e-07,0.0,137225.69141531098,106.04372892549661,137331.73514423647
nominal,189.0,0.014773116828072386,0.0019925396850658935,26.04,321.56000000001166,2,4.062801512581378e-06,0.0010547183174546492,8.29845306229312e-07,0.0,137224.34809534028,107.9671977652856,137332.31529310558
nominal,190.0,0.015035976824647197,0.0019927972032605956,26.04,347.6000000000115,2,4.057744012224012e-06,0.001054707991244691,8.446108521118543e-07,0.0,137223.00460162602,109.88827221186723,137332.8928738379
nominal,191.0,0.015298509605008642,0.001993054400888724,26.04,373.64000000001136,2,4.052692807598738e-06,0.0010546976637009866,8.59358017388466e-07,0.0,137221.66093438448,111.80695524585587,137333.46788963032
nominal,192.0,0.015560715576485534,0.001993311278349329,26.04,399.6800000000112,2,4.047647890868435e-06,0.0010546873348251961,8.740868249398909e-07,0.0,137220.31709383155,113.72324984415548,137334.04034367573
nominal,193.0,0.015822595145899624,0.001993567836040966,26.04,425.72000000001105,2,4.042609254205737e-06,0.001054677004618978,8.887972976183902e-07,0.0,137218.97308018306,115.63715897996433,137334.610239163
nominal,194.0,0.01608414871956625,0.0019938240743616925,26.04,451.7600000000109,2,4.037576889793022e-06,0.0010546666730839882,9.03489458247778e-07,0.0,137217.62889365447,117.5486856227795,137335.17757927722
nominal,195.0,0.01634537670329495,0.0019940799937090714,26.04,477.80000000001075,2,4.032550789822402e-06,0.0010546563402218806,9.181633296234565e-07,0.0,137216.2845344609,119.45783273840162,137335.74236719927
nominal,196.0,0.01660627950239009,0.0019943355944801707,26.04,503.8400000000106,2,4.027530946495707e-06,0.0010546460060343078,9.328189345124516e-07,0.0,137214.94000281743,121.36460328893936,137336.30460610637
nominal,197.0,0.016866857521651523,0.0019945908770715643,26.04,529.8800000000108,2,4.022517352024471e-06,0.0010546356705229195,9.474562956534483e-07,0.0,137213.59529893866,123.26900023281411,137336.86429917146
nominal,198.0,0.01712711116537518,0.0019948458418793313,26.04,555.9200000000112,2,4.01750999862993e-06,0.0010546253336893635,9.620754357568256e-07,0.0,137212.250423039,125.17102652476447,137337.42144956373
nominal,199.0,0.0173870408373537,0.0019951004892990593,26.04,581.9600000000116,2,4.012508878542997e-06,0.0010546149955352859,9.766763775046915e-07,0.0,137210.90537533254,127.07068511585089,137337.97606044842
nominal,200.0,0.017646646940877097,0.001995354819725842,26.04,608.0000000000118,2,4.007513984004261e-06,0.0010546046560623305,9.912591435509194e-07,0.0,137209.5601560333,128.96797895346032,137338.52813498673
