current_a,inlet_temperature_c,ntu,slice_xi,local_o2_concentration_mol_m3,reference_o2_concentration_mol_m3,oxygen_activity,kinetic_factor
7.3,10.0,1.0,0.0,9.016634855723051,8.425239632182178,1.070193282251807,1.070193282251807
7.3,10.0,1.0,0.5,8.719632583814525,8.425239632182178,1.0349417897275994,1.0349417897275994
7.3,10.0,1.0,1.0,8.52570231757664,8.425239632182178,1.011924015194858,1.011924015194858
7.3,10.0,3.0,0.0,9.016444263187305,8.425239632182178,1.0701706606357975,1.0701706606357975
7.3,10.0,3.0,0.5,8.497122738311774,8.425239632182178,1.0085318767498341,1.0085318767498341
7.3,10.0,3.0,1.0,8.347193328192827,8.425239632182178,0.9907366072187151,0.9907366072187151
7.3,10.0,5.0,0.0,9.016253736099461,8.425239632182178,1.0701480467878641,1.0701480467878641
7.3,10.0,5.0,0.5,8.418074943572323,8.425239632182178,0.9991496160438585,0.9991496160438585
7.3,10.0,5.0,1.0,8.323600338215023,8.425239632182178,0.9879363319734052,0.9879363319734052
7.3,20.0,1.0,0.0,8.70911343726227,8.425239632182178,1.0336932618504724,1.0336932618504724
7.3,20.0,1.0,0.5,8.568573987986065,8.425239632182178,1.0170124960311382,1.0170124960311382
7.3,20.0,1.0,1.0,8.474639814325823,8.425239632182178,1.0058633563317236,1.0058633563317236
7.3,20.0,3.0,0.0,8.709025070766495,8.425239632182178,1.0336827735439515,1.0336827735439515
7.3,20.0,3.0,0.5,8.460718346710724,8.425239632182178,1.0042110036126481,1.0042110036126481
7.3,20.0,3.0,1.0,8.386605088257605,8.425239632182178,0.9954144278844012,0.9954144278844012
7.3,20.0,5.0,0.0,8.70893673267343,8.425239632182178,1.0336722886085763,1.0336722886085763
7.3,20.0,5.0,0.5,8.4217102364159,8.425239632182178,0.9995810925361935,0.9995810925361935
7.3,20.0,5.0,1.0,8.374827659538157,8.425239632182178,0.9940165532560687,0.9940165532560687
14.5,10.0,1.0,0.0,9.016614645658187,8.320461276867908,1.083667641207067,1.083667641207067
14.5,10.0,1.0,0.5,8.668705688751993,8.320461276867908,1.0418539790398706,1.0418539790398706
14.5,10.0,1.0,1.0,8.444581950690788,8.320461276867908,1.0149175231628027,1.0149175231628027
14.5,10.0,3.0,0.0,9.0163874686109,8.320461276867908,1.0836403377872532,1.0836403377872532
14.5,10.0,3.0,0.5,8.407623261591997,8.320461276867908,1.0104756192984652,1.0104756192984652
14.5,10.0,3.0,1.0,8.236330673967009,8.320461276867908,0.9898887092792806,0.9898887092792806
14.5,10.0,5.0,0.0,9.016160371416953,8.320461276867908,1.0836130439646645,1.0836130439646645
14.5,10.0,5.0,0.5,8.315464274551688,8.320461276867908,0.9993994320567163,0.9993994320567163
14.5,10.0,5.0,1.0,8.208925178839014,8.320461276867908,0.9865949621880964,0.9865949621880964
14.5,20.0,1.0,0.0,8.709093974820037,8.320461276867908,1.0467080712258807,1.0467080712258807
14.5,20.0,1.0,0.5,8.517672230755185,8.320461276867908,1.0237019255693853,1.0237019255693853
14.5,20.0,1.0,1.0,8.391430519625276,8.320461276867908,1.0085294841711088,1.0085294841711088
14.5,20.0,3.0,0.0,8.708971475646017,8.320461276867908,1.0466933485837167,1.0466933485837167
14.5,20.0,3.0,0.5,8.370493153634543,8.320461276867908,1.0060131133481423,1.0060131133481423
14.5,20.0,3.0,1.0,8.27201968979831,8.320461276867908,0.994178016643828,0.994178016643828
14.5,20.0,5.0,0.0,8.708849016805363,8.320461276867908,1.046678630789044,1.046678630789044
14.5,20.0,5.0,0.5,8.317606533953846,8.320461276867908,0.9996569008833682,0.9996569008833682
14.5,20.0,5.0,1.0,8.256114997021395,8.320461276867908,0.9922665008939583,0.9922665008939583
14.5,30.0,1.0,0.0,8.421858562118627,8.320461276867908,1.0121864980650315,1.0121864980650315
14.5,30.0,1.0,0.5,8.372617287884745,8.320461276867908,1.006268403791727,1.006268403791727
14.5,30.0,1.0,1.0,8.339406724917653,8.320461276867908,1.0022769708817005,1.0022769708817005
14.5,30.0,3.0,0.0,8.421827654920792,8.320461276867908,1.012182783463544,1.012182783463544
14.5,30.0,3.0,0.5,8.333868436099971,8.320461276867908,1.0016113480714508,1.0016113480714508
14.5,30.0,3.0,1.0,8.30744065121207,8.320461276867908,0.9984351077154777,0.9984351077154777
14.5,30.0,5.0,0.0,8.42179675725697,8.320461276867908,1.012179070007908,1.012179070007908
14.5,30.0,5.0,0.5,8.319699994896615,8.320461276867908,0.9999085048357343,0.9999085048357343
14.5,30.0,5.0,1.0,8.303132033895773,8.320461276867908,0.997917273766983,0.997917273766983
26.04,10.0,1.0,0.0,9.016582641706563,8.157854521584571,1.1052639658932277,1.1052639658932277
26.04,10.0,1.0,0.5,8.589401069023369,8.157854521584571,1.0528995149762703,1.0528995149762703
26.04,10.0,1.0,1.0,8.319684867181676,8.157854521584571,1.0198373659604891,1.0198373659604891
26.04,10.0,3.0,0.0,9.01629682907591,8.157854521584571,1.1052289306238567,1.1052289306238567
26.04,10.0,3.0,0.5,8.26898037153619,8.157854521584571,1.0136219455320752,1.0136219455320752
26.04,10.0,3.0,1.0,8.066370697413715,8.157854521584571,0.9887857985296499,0.9887857985296499
26.04,10.0,5.0,0.0,9.016011120624656,8.157854521584571,1.1051939081249267,1.1051939081249267
26.04,10.0,5.0,0.5,8.157005862963477,8.157854521584571,0.9998959703658787,0.9998959703658787
26.04,10.0,5.0,1.0,8.033258637846092,8.157854521584571,0.9847268808963416,0.9847268808963416
26.04,20.0,1.0,0.0,8.709062917537644,8.157854521584571,1.067567813877368,1.067567813877368
26.04,20.0,1.0,0.5,8.437582727519764,8.157854521584571,1.0342894329869539,1.0342894329869539
26.04,20.0,1.0,1.0,8.261647036768872,8.157854521584571,1.0127230161937406,1.0127230161937406
26.04,20.0,3.0,0.0,8.708885712418018,8.157854521584571,1.0675460918523973,1.0675460918523973
26.04,20.0,3.0,0.5,8.229922696355533,8.157854521584571,1.0088342069082354,1.0088342069082354
26.04,20.0,3.0,1.0,8.094746926638376,8.157854521584571,0.9922641921623852,0.9922641921623852
26.04,20.0,5.0,0.0,8.70870856786908,8.157854521584571,1.0675243772522571,1.0675243772522571
26.04,20.0,5.0,0.5,8.156057387748909,8.157854521584571,0.9997797050890148,0.9997797050890148
26.04,20.0,5.0,1.0,8.072669472296795,8.157854521584571,0.9895579102247547,0.9895579102247547
26.04,30.0,1.0,0.0,8.421828914346374,8.157854521584571,1.0323583108847263,1.0323583108847263
26.04,30.0,1.0,0.5,8.29366424934705,8.157854521584571,1.0166477261151377,1.0166477261151377
26.04,30.0,1.0,1.0,8.208709295042093,8.157854521584571,1.0062338416703762,1.0062338416703762
26.04,30.0,3.0,0.0,8.421746848617373,8.157854521584571,1.032348251165129,1.032348251165129
26.04,30.0,3.0,0.5,8.19330407326013,8.157854521584571,1.0043454503364535,1.0043454503364535
26.04,30.0,3.0,1.0,8.126715050092653,8.157854521584571,0.9961828846776407,0.9961828846776407
26.04,30.0,5.0,0.0,8.421664809199935,8.157854521584571,1.0323381946708363,1.0323381946708363
26.04,30.0,5.0,0.5,8.156982511929986,8.157854521584571,0.9998931079670177,0.9998931079670177
26.04,30.0,5.0,1.0,8.115740707947209,8.157854521584571,0.9948376361056777,0.9948376361056777
