current_a,inlet_temperature_c,streamwise_fraction,oxygen_mole_fraction,oxygen_molar_flow_mol_s,total_molar_flow_mol_s
7.3,10.0,0.0,0.2095,0.0011998882619307725,0.005727390271745931
7.3,10.0,0.01,0.2094738927569502,0.0011996991140095393,0.005727201123824697
7.3,10.0,0.02,0.20944778378939524,0.001199509966088306,0.0057270119759034645
7.3,10.0,0.03,0.2094216730971643,0.0011993208181670728,0.005726822827982231
7.3,10.0,0.04,0.20939556068008644,0.0011991316702458395,0.005726633680060998
7.3,10.0,0.05,0.20936944653799083,0.0011989425223246062,0.005726444532139764
7.3,10.0,0.06,0.20934333067070637,0.0011987533744033728,0.0057262553842185315
7.3,10.0,0.07,0.20931721307806225,0.0011985642264821395,0.005726066236297298
7.3,10.0,0.08,0.20929109375988747,0.0011983750785609063,0.005725877088376064
7.3,10.0,0.09,0.2092649727160109,0.001198185930639673,0.005725687940454831
7.3,10.0,0.1,0.20923884994626163,0.0011979967827184398,0.0057254987925335985
7.3,10.0,0.11,0.20921272545046857,0.0011978076347972065,0.005725309644612365
7.3,10.0,0.12,0.20918659922846067,0.0011976184868759733,0.005725120496691131
7.3,10.0,0.13,0.20916047128006673,0.00119742933895474,0.005724931348769898
7.3,10.0,0.14,0.2091343416051157,0.0011972401910335067,0.0057247422008486655
7.3,10.0,0.15,0.20910821020343648,0.0011970510431122735,0.005724553052927432
7.3,10.0,0.16,0.20908207707485785,0.0011968618951910402,0.005724363905006198
7.3,10.0,0.17,0.20905594221920856,0.0011966727472698068,0.005724174757084965
7.3,10.0,0.18,0.20902980563631754,0.0011964835993485735,0.005723985609163732
7.3,10.0,0.19,0.20900366732601344,0.0011962944514273403,0.005723796461242499
7.3,10.0,0.2,0.20897752728812508,0.001196105303506107,0.005723607313321265
7.3,10.0,0.21,0.20895138552248113,0.0011959161555848738,0.005723418165400032
7.3,10.0,0.22,0.2089252420289103,0.0011957270076636405,0.005723229017478799
7.3,10.0,0.23,0.20889909680724125,0.0011955378597424072,0.005723039869557566
7.3,10.0,0.24,0.20887294985730268,0.001195348711821174,0.005722850721636332
7.3,10.0,0.25,0.20884680117892312,0.0011951595638999407,0.005722661573715099
7.3,10.0,0.26,0.20882065077193132,0.0011949704159787075,0.005722472425793866
7.3,10.0,0.27,0.2087944986361557,0.001194781268057474,0.005722283277872633
7.3,10.0,0.28,0.20876834477142497,0.0011945921201362408,0.005722094129951399
7.3,10.0,0.29,0.20874218917756762,0.0011944029722150075,0.005721904982030165
7.3,10.0,0.3,0.20871603185441212,0.0011942138242937743,0.005721715834108933
7.3,10.0,0.31,0.208689872801787,0.001194024676372541,0.0057215266861877
7.3,10.0,0.32,0.20866371201952078,0.0011938355284513077,0.005721337538266466
7.3,10.0,0.33,0.20863754950744182,0.0011936463805300745,0.005721148390345232
7.3,10.0,0.34,0.20861138526537856,0.0011934572326088412,0.0057209592424239996
7.3,10.0,0.35000000000000003,0.20858521929315943,0.001193268084687608,0.005720770094502767
7.3,10.0,0.36,0.20855905159061283,0.0011930789367663747,0.005720580946581533
7.3,10.0,0.37,0.2085328821575671,0.0011928897888451415,0.005720391798660299
7.3,10.0,0.38,0.20850671099385049,0.001192700640923908,0.0057202026507390666
7.3,10.0,0.39,0.20848053809929146,0.0011925114930026748,0.005720013502817833
7.3,10.0,0.4,0.20845436347371818,0.0011923223450814415,0.0057198243548966
7.3,10.0,0.41000000000000003,0.208428187116959,0.0011921331971602082,0.005719635206975366
7.3,10.0,0.42,0.20840200902884212,0.001191944049238975,0.0057194460590541335
7.3,10.0,0.43,0.20837582920919578,0.0011917549013177417,0.0057192569111329
7.3,10.0,0.44,0.20834964765784814,0.0011915657533965085,0.005719067763211667
7.3,10.0,0.45,0.20832346437462743,0.0011913766054752752,0.005718878615290433
7.3,10.0,0.46,0.20829727935936174,0.001191187457554042,0.0057186894673692005
7.3,10.0,0.47000000000000003,0.2082710926118793,0.0011909983096328087,0.005718500319447967
7.3,10.0,0.48,0.20824490413200808,0.0011908091617115755,0.005718311171526734
7.3,10.0,0.49,0.20821871391957622,0.001190620013790342,0.0057181220236055
7.3,10.0,0.5,0.20819252197441188,0.0011904308658691088,0.005717932875684267
7.3,10.0,0.51,0.20816632829634296,0.0011902417179478755,0.005717743727763034
7.3,10.0,0.52,0.20814013288519753,0.0011900525700266422,0.005717554579841801
7.3,10.0,0.53,0.20811393574080364,0.001189863422105409,0.005717365431920567
7.3,10.0,0.54,0.2080877368629892,0.0011896742741841757,0.005717176283999334
7.3,10.0,0.55,0.20806153625158214,0.0011894851262629425,0.005716987136078101
7.3,10.0,0.56,0.2080353339064104,0.0011892959783417092,0.005716797988156868
7.3,10.0,0.5700000000000001,0.20800912982730194,0.001189106830420476,0.005716608840235634
7.3,10.0,0.58,0.20798292401408458,0.0011889176824992427,0.005716419692314401
7.3,10.0,0.59,0.20795671646658617,0.0011887285345780095,0.005716230544393168
7.3,10.0,0.6,0.20793050718463454,0.001188539386656776,0.005716041396471934
7.3,10.0,0.61,0.20790429616805756,0.0011883502387355427,0.005715852248550701
7.3,10.0,0.62,0.207878083416683,0.0011881610908143095,0.005715663100629468
7.3,10.0,0.63,0.20785186893033858,0.0011879719428930762,0.005715473952708235
7.3,10.0,0.64,0.20782565270885212,0.001187782794971843,0.005715284804787001
7.3,10.0,0.65,0.20779943475205126,0.0011875936470506097,0.005715095656865768
7.3,10.0,0.66,0.20777321505976376,0.0011874044991293765,0.005714906508944535
7.3,10.0,0.67,0.20774699363181723,0.0011872153512081432,0.005714717361023302
7.3,10.0,0.68,0.20772077046803938,0.00118702620328691,0.005714528213102068
7.3,10.0,0.6900000000000001,0.2076945455682578,0.0011868370553656767,0.005714339065180835
7.3,10.0,0.7000000000000001,0.20766831893230014,0.0011866479074444435,0.005714149917259602
7.3,10.0,0.71,0.20764209055999394,0.00118645875952321,0.005713960769338368
7.3,10.0,0.72,0.20761586045116676,0.0011862696116019767,0.005713771621417135
7.3,10.0,0.73,0.20758962860564617,0.0011860804636807435,0.005713582473495902
7.3,10.0,0.74,0.20756339502325968,0.0011858913157595102,0.0057133933255746686
7.3,10.0,0.75,0.2075371597038348,0.001185702167838277,0.005713204177653435
7.3,10.0,0.76,0.2075109226471989,0.0011855130199170437,0.005713015029732202
7.3,10.0,0.77,0.20748468385317953,0.0011853238719958105,0.005712825881810969
7.3,10.0,0.78,0.2074584433216041,0.0011851347240745772,0.0057126367338897355
7.3,10.0,0.79,0.20743220105229998,0.001184945576153344,0.005712447585968502
7.3,10.0,0.8,0.20740595704509454,0.0011847564282321107,0.005712258438047269
7.3,10.0,0.81,0.20737971129981514,0.0011845672803108775,0.005712069290126036
7.3,10.0,0.8200000000000001,0.20735346381628914,0.001184378132389644,0.0057118801422048025
7.3,10.0,0.8300000000000001,0.20732721459434386,0.0011841889844684107,0.005711690994283569
7.3,10.0,0.84,0.20730096363380654,0.0011839998365471775,0.005711501846362336
7.3,10.0,0.85,0.20727471093450447,0.0011838106886259442,0.005711312698441102
7.3,10.0,0.86,0.2072484564962649,0.001183621540704711,0.0057111235505198695
7.3,10.0,0.87,0.207222200318915,0.0011834323927834777,0.005710934402598636
7.3,10.0,0.88,0.207195942402282,0.0011832432448622445,0.005710745254677403
7.3,10.0,0.89,0.2071696827461931,0.0011830540969410112,0.005710556106756169
7.3,10.0,0.9,0.2071434213504754,0.001182864949019778,0.0057103669588349365
7.3,10.0,0.91,0.20711715821495605,0.0011826758010985447,0.005710177810913703
7.3,10.0,0.92,0.2070908933394621,0.0011824866531773112,0.005709988662992469
7.3,10.0,0.93,0.2070646267238207,0.001182297505256078,0.005709799515071236
7.3,10.0,0.9400000000000001,0.2070383583678589,0.0011821083573348447,0.0057096103671500035
7.3,10.0,0.9500000000000001,0.20701208827140372,0.0011819192094136115,0.00570942121922877
7.3,10.0,0.96,0.20698581643428215,0.0011817300614923782,0.005709232071307536
7.3,10.0,0.97,0.2069595428563212,0.001181540913571145,0.005709042923386303
7.3,10.0,0.98,0.20693326753734784,0.0011813517656499117,0.0057088537754650705
7.3,10.0,0.99,0.20690699047718902,0.0011811626177286785,0.005708664627543837
7.3,10.0,1.0,0.20688071167567165,0.0011809734698074452,0.005708475479622603
7.3,20.0,0.0,0.2095,0.0024144729991822855,0.011524930783686327
7.3,20.0,0.01,0.20948702604913322,0.0024142838512610522,0.011524741635765093
7.3,20.0,0.02,0.20947405167239377,0.002414094703339819,0.01152455248784386
7.3,20.0,0.03,0.20946107686976073,0.0024139055554185857,0.011524363339922626
7.3,20.0,0.04,0.2094481016412131,0.0024137164074973525,0.011524174192001392
7.3,20.0,0.05,0.2094351259867299,0.0024135272595761192,0.01152398504408016
7.3,20.0,0.06,0.20942214990629016,0.002413338111654886,0.011523795896158926
7.3,20.0,0.07,0.20940917339987292,0.0024131489637336527,0.011523606748237693
7.3,20.0,0.08,0.20939619646745716,0.0024129598158124195,0.01152341760031646
7.3,20.0,0.09,0.209383219109022,0.002412770667891186,0.011523228452395227
7.3,20.0,0.1,0.20937024132454637,0.002412581519969953,0.011523039304473993
7.3,20.0,0.11,0.2093572631140093,0.0024123923720487193,0.01152285015655276
7.3,20.0,0.12,0.20934428447738984,0.002412203224127486,0.011522661008631526
7.3,20.0,0.13,0.209331305414667,0.0024120140762062528,0.011522471860710294
7.3,20.0,0.14,0.20931832592581978,0.0024118249282850195,0.01152228271278906
7.3,20.0,0.15,0.20930534601082723,0.0024116357803637863,0.011522093564867827
7.3,20.0,0.16,0.20929236566966833,0.002411446632442553,0.011521904416946593
7.3,20.0,0.17,0.2092793849023221,0.0024112574845213198,0.01152171526902536
7.3,20.0,0.18,0.2092664037087675,0.0024110683366000865,0.011521526121104127
7.3,20.0,0.19,0.20925342208898365,0.0024108791886788532,0.011521336973182894
7.3,20.0,0.2,0.20924044004294948,0.00241069004075762,0.01152114782526166
7.3,20.0,0.21,0.20922745757064395,0.0024105008928363867,0.011520958677340428
7.3,20.0,0.22,0.20921447467204618,0.0024103117449151535,0.011520769529419194
7.3,20.0,0.23,0.20920149134713512,0.0024101225969939202,0.01152058038149796
7.3,20.0,0.24,0.20918850759588975,0.002409933449072687,0.011520391233576727
7.3,20.0,0.25,0.2091755234182891,0.0024097443011514537,0.011520202085655493
7.3,20.0,0.26,0.20916253881431213,0.0024095551532302205,0.011520012937734261
7.3,20.0,0.27,0.2091495537839379,0.002409366005308987,0.011519823789813028
7.3,20.0,0.28,0.20913656832714536,0.002409176857387754,0.011519634641891794
7.3,20.0,0.29,0.2091235824439135,0.0024089877094665207,0.011519445493970562
7.3,20.0,0.3,0.20911059613422134,0.0024087985615452875,0.011519256346049328
7.3,20.0,0.31,0.2090976093980479,0.002408609413624054,0.011519067198128095
7.3,20.0,0.32,0.20908462223537208,0.002408420265702821,0.011518878050206861
7.3,20.0,0.33,0.20907163464617293,0.0024082311177815873,0.011518688902285627
7.3,20.0,0.34,0.2090586466304294,0.002408041969860354,0.011518499754364395
7.3,20.0,0.35000000000000003,0.20904565818812054,0.0024078528219391208,0.011518310606443162
7.3,20.0,0.36,0.20903266931922532,0.0024076636740178875,0.011518121458521928
7.3,20.0,0.37,0.2090196800237227,0.0024074745260966542,0.011517932310600694
7.3,20.0,0.38,0.20900669030159166,0.002407285378175421,0.01151774316267946
7.3,20.0,0.39,0.20899370015281118,0.0024070962302541877,0.011517554014758229
7.3,20.0,0.4,0.20898070957736026,0.0024069070823329545,0.011517364866836995
7.3,20.0,0.41000000000000003,0.20896771857521787,0.0024067179344117212,0.011517175718915761
7.3,20.0,0.42,0.20895472714636293,0.002406528786490488,0.01151698657099453
7.3,20.0,0.43,0.20894173529077453,0.0024063396385692547,0.011516797423073296
7.3,20.0,0.44,0.20892874300843156,0.0024061504906480215,0.011516608275152062
7.3,20.0,0.45,0.20891575029931303,0.0024059613427267882,0.011516419127230828
7.3,20.0,0.46,0.2089027571633979,0.002405772194805555,0.011516229979309595
7.3,20.0,0.47000000000000003,0.20888976360066508,0.0024055830468843217,0.011516040831388363
7.3,20.0,0.48,0.20887676961109364,0.0024053938989630885,0.011515851683467129
7.3,20.0,0.49,0.2088637751946625,0.002405204751041855,0.011515662535545895
7.3,20.0,0.5,0.20885078035135063,0.002405015603120622,0.011515473387624663
7.3,20.0,0.51,0.20883778508113698,0.0024048264551993887,0.01151528423970343
7.3,20.0,0.52,0.20882478938400054,0.0024046373072781554,0.011515095091782196
7.3,20.0,0.53,0.20881179325992025,0.002404448159356922,0.011514905943860962
7.3,20.0,0.54,0.20879879670887508,0.002404259011435689,0.011514716795939729
7.3,20.0,0.55,0.20878579973084394,0.0024040698635144553,0.011514527648018497
7.3,20.0,0.56,0.2087728023258059,0.002403880715593222,0.011514338500097263
7.3,20.0,0.5700000000000001,0.20875980449373982,0.0024036915676719887,0.01151414935217603
7.3,20.0,0.58,0.2087468062346247,0.0024035024197507555,0.011513960204254796
7.3,20.0,0.59,0.20873380754843945,0.0024033132718295222,0.011513771056333562
7.3,20.0,0.6,0.20872080843516305,0.002403124123908289,0.01151358190841233
7.3,20.0,0.61,0.20870780889477447,0.0024029349759870557,0.011513392760491096
7.3,20.0,0.62,0.20869480892725265,0.0024027458280658225,0.011513203612569863
7.3,20.0,0.63,0.2086818085325765,0.0024025566801445892,0.01151301446464863
7.3,20.0,0.64,0.20866880771072502,0.002402367532223356,0.011512825316727397
7.3,20.0,0.65,0.2086558064616771,0.0024021783843021227,0.011512636168806163
7.3,20.0,0.66,0.20864280478541175,0.0024019892363808895,0.01151244702088493
7.3,20.0,0.67,0.20862980268190787,0.002401800088459656,0.011512257872963696
7.3,20.0,0.68,0.20861680015114437,0.002401610940538423,0.011512068725042464
7.3,20.0,0.6900000000000001,0.20860379719310024,0.0024014217926171897,0.01151187957712123
7.3,20.0,0.7000000000000001,0.20859079380775442,0.0024012326446959564,0.011511690429199996
7.3,20.0,0.71,0.2085777899950858,0.002401043496774723,0.011511501281278765
7.3,20.0,0.72,0.20856478575507337,0.00240085434885349,0.01151131213335753
7.3,20.0,0.73,0.20855178108769604,0.0024006652009322567,0.011511122985436297
7.3,20.0,0.74,0.20853877599293275,0.0024004760530110234,0.011510933837515063
7.3,20.0,0.75,0.2085257704707624,0.00240028690508979,0.01151074468959383
7.3,20.0,0.76,0.20851276452116388,0.0024000977571685565,0.011510555541672598
7.3,20.0,0.77,0.20849975814411628,0.0023999086092473232,0.011510366393751364
7.3,20.0,0.78,0.2084867513395984,0.00239971946132609,0.01151017724583013
7.3,20.0,0.79,0.2084737441075892,0.0023995303134048567,0.011509988097908897
7.3,20.0,0.8,0.2084607364480676,0.0023993411654836235,0.011509798949987663
7.3,20.0,0.81,0.2084477283610125,0.0023991520175623902,0.011509609802066431
7.3,20.0,0.8200000000000001,0.20843471984640285,0.002398962869641157,0.011509420654145197
7.3,20.0,0.8300000000000001,0.2084217109042176,0.0023987737217199237,0.011509231506223964
7.3,20.0,0.84,0.20840870153443555,0.0023985845737986905,0.011509042358302732
7.3,20.0,0.85,0.2083956917370358,0.002398395425877457,0.011508853210381498
7.3,20.0,0.86,0.2083826815119971,0.002398206277956224,0.011508664062460264
7.3,20.0,0.87,0.20836967085929844,0.0023980171300349907,0.01150847491453903
7.3,20.0,0.88,0.20835665977891873,0.0023978279821137575,0.011508285766617797
7.3,20.0,0.89,0.20834364827083687,0.002397638834192524,0.011508096618696565
7.3,20.0,0.9,0.2083306363350318,0.002397449686271291,0.011507907470775331
7.3,20.0,0.91,0.20831762397148237,0.0023972605383500577,0.011507718322854098
7.3,20.0,0.92,0.20830461118016752,0.0023970713904288244,0.011507529174932866
7.3,20.0,0.93,0.20829159796106617,0.002396882242507591,0.011507340027011632
7.3,20.0,0.9400000000000001,0.20827858431415722,0.002396693094586358,0.011507150879090398
7.3,20.0,0.9500000000000001,0.20826557023941958,0.0023965039466651247,0.011506961731169165
7.3,20.0,0.96,0.20825255573683213,0.0023963147987438914,0.011506772583247931
7.3,20.0,0.97,0.20823954080637372,0.002396125650822658,0.011506583435326699
7.3,20.0,0.98,0.20822652544802334,0.0023959365029014245,0.011506394287405465
7.3,20.0,0.99,0.2082135096617599,0.0023957473549801912,0.011506205139484232
7.3,20.0,1.0,0.20820049344756222,0.002395558207058958,0.011506015991562998
14.5,10.0,0.0,0.20950000000000002,0.0021413201424741414,0.01022109853209614
14.5,10.0,0.01,0.20947094191578258,0.002140944437699089,0.010220722827321088
14.5,10.0,0.02,0.20944188169518746,0.0021405687329240364,0.010220347122546035
14.5,10.0,0.03,0.20941281933797906,0.0021401930281489843,0.010219971417770982
14.5,10.0,0.04,0.20938375484392155,0.002139817323373932,0.010219595712995931
14.5,10.0,0.05,0.20935468821277944,0.0021394416185988793,0.010219220008220878
14.5,10.0,0.06,0.20932561944431693,0.002139065913823827,0.010218844303445825
14.5,10.0,0.07,0.20929654853829832,0.0021386902090487748,0.010218468598670774
14.5,10.0,0.08,0.20926747549448776,0.0021383145042737223,0.010218092893895721
14.5,10.0,0.09,0.20923840031264945,0.0021379387994986698,0.010217717189120668
14.5,10.0,0.1,0.20920932299254755,0.0021375630947236173,0.010217341484345617
14.5,10.0,0.11,0.2091802435339462,0.0021371873899485652,0.010216965779570564
14.5,10.0,0.12,0.20915116193660943,0.0021368116851735127,0.010216590074795511
14.5,10.0,0.13,0.20912207820030126,0.0021364359803984602,0.01021621437002046
14.5,10.0,0.14,0.2090929923247858,0.0021360602756234077,0.010215838665245407
14.5,10.0,0.15,0.20906390430982696,0.0021356845708483557,0.010215462960470354
14.5,10.0,0.16,0.2090348141551886,0.002135308866073303,0.010215087255695303
14.5,10.0,0.17,0.20900572186063474,0.0021349331612982507,0.01021471155092025
14.5,10.0,0.18,0.2089766274259292,0.002134557456523198,0.010214335846145197
14.5,10.0,0.19,0.20894753085083584,0.002134181751748146,0.010213960141370146
14.5,10.0,0.2,0.20891843213511843,0.0021338060469730936,0.010213584436595093
14.5,10.0,0.21,0.20888933127854073,0.002133430342198041,0.01021320873182004
14.5,10.0,0.22,0.20886022828086648,0.0021330546374229886,0.010212833027044987
14.5,10.0,0.23,0.2088311231418594,0.002132678932647936,0.010212457322269934
14.5,10.0,0.24,0.2088020158612831,0.002132303227872884,0.010212081617494883
14.5,10.0,0.25,0.20877290643890123,0.0021319275230978316,0.01021170591271983
14.5,10.0,0.26,0.2087437948744774,0.002131551818322779,0.010211330207944777
14.5,10.0,0.27,0.20871468116777508,0.0021311761135477266,0.010210954503169726
14.5,10.0,0.28,0.20868556531855795,0.0021308004087726745,0.010210578798394673
14.5,10.0,0.29,0.20865644732658936,0.002130424703997622,0.01021020309361962
14.5,10.0,0.3,0.20862732719163277,0.0021300489992225695,0.010209827388844569
14.5,10.0,0.31,0.20859820491345166,0.002129673294447517,0.010209451684069516
14.5,10.0,0.32,0.20856908049180942,0.002129297589672465,0.010209075979294463
14.5,10.0,0.33,0.2085399539264693,0.0021289218848974125,0.010208700274519412
14.5,10.0,0.34,0.20851082521719466,0.00212854618012236,0.010208324569744359
14.5,10.0,0.35000000000000003,0.20848169436374883,0.0021281704753473075,0.010207948864969306
14.5,10.0,0.36,0.208452561365895,0.0021277947705722554,0.010207573160194255
14.5,10.0,0.37,0.20842342622339635,0.002127419065797203,0.010207197455419202
14.5,10.0,0.38,0.2083942889360161,0.0021270433610221504,0.010206821750644149
14.5,10.0,0.39,0.20836514950351734,0.002126667656247098,0.010206446045869098
14.5,10.0,0.4,0.20833600792566323,0.0021262919514720455,0.010206070341094045
14.5,10.0,0.41000000000000003,0.2083068642022169,0.0021259162466969934,0.010205694636318992
14.5,10.0,0.42,0.20827771833294115,0.002125540541921941,0.01020531893154394
14.5,10.0,0.43,0.2082485703175992,0.0021251648371468884,0.010204943226768888
14.5,10.0,0.44,0.20821942015595393,0.002124789132371836,0.010204567521993835
14.5,10.0,0.45,0.20819026784776828,0.002124413427596784,0.010204191817218784
14.5,10.0,0.46,0.20816111339280513,0.0021240377228217313,0.01020381611244373
14.5,10.0,0.47000000000000003,0.20813195679082733,0.002123662018046679,0.010203440407668678
14.5,10.0,0.48,0.20810279804159773,0.0021232863132716264,0.010203064702893625
14.5,10.0,0.49,0.20807363714487911,0.0021229106084965743,0.010202688998118574
14.5,10.0,0.5,0.20804447410043422,0.002122534903721522,0.01020231329334352
14.5,10.0,0.51,0.20801530890802578,0.0021221591989464693,0.010201937588568468
14.5,10.0,0.52,0.20798614156741646,0.002121783494171417,0.010201561883793415
14.5,10.0,0.53,0.2079569720783689,0.0021214077893963647,0.010201186179018364
14.5,10.0,0.54,0.20792780044064577,0.0021210320846213123,0.01020081047424331
14.5,10.0,0.55,0.2078986266540096,0.0021206563798462598,0.010200434769468258
14.5,10.0,0.56,0.2078694507182229,0.0021202806750712073,0.010200059064693207
14.5,10.0,0.5700000000000001,0.20784027263304827,0.0021199049702961548,0.010199683359918154
14.5,10.0,0.58,0.20781109239824816,0.0021195292655211027,0.0101993076551431
14.5,10.0,0.59,0.20778191001358493,0.00211915356074605,0.01019893195036805
14.5,10.0,0.6,0.20775272547882107,0.0021187778559709977,0.010198556245592997
14.5,10.0,0.61,0.20772353879371888,0.0021184021511959452,0.010198180540817944
14.5,10.0,0.62,0.20769434995804079,0.002118026446420893,0.010197804836042892
14.5,10.0,0.63,0.207665158971549,0.0021176507416458407,0.01019742913126784
14.5,10.0,0.64,0.20763596583400581,0.002117275036870788,0.010197053426492787
14.5,10.0,0.65,0.20760677054517343,0.0021168993320957357,0.010196677721717735
14.5,10.0,0.66,0.20757757310481414,0.0021165236273206836,0.010196302016942682
14.5,10.0,0.67,0.20754837351269,0.002116147922545631,0.01019592631216763
14.5,10.0,0.68,0.20751917176856313,0.0021157722177705786,0.010195550607392578
14.5,10.0,0.6900000000000001,0.20748996787219567,0.002115396512995526,0.010195174902617525
14.5,10.0,0.7000000000000001,0.20746076182334974,0.002115020808220474,0.010194799197842472
14.5,10.0,0.71,0.20743155362178717,0.0021146451034454216,0.010194423493067421
14.5,10.0,0.72,0.20740234326727008,0.002114269398670369,0.010194047788292368
14.5,10.0,0.73,0.20737313075956038,0.0021138936938953166,0.010193672083517315
14.5,10.0,0.74,0.20734391609842,0.0021135179891202645,0.010193296378742264
14.5,10.0,0.75,0.20731469928361082,0.002113142284345212,0.010192920673967211
14.5,10.0,0.76,0.20728548031489463,0.0021127665795701595,0.010192544969192158
14.5,10.0,0.77,0.2072562591920333,0.002112390874795107,0.010192169264417105
14.5,10.0,0.78,0.20722703591478858,0.0021120151700200545,0.010191793559642053
14.5,10.0,0.79,0.2071978104829222,0.0021116394652450025,0.010191417854867001
14.5,10.0,0.8,0.20716858289619586,0.00211126376046995,0.010191042150091948
14.5,10.0,0.81,0.20713935315437124,0.0021108880556948975,0.010190666445316895
14.5,10.0,0.8200000000000001,0.20711012125720993,0.002110512350919845,0.010190290740541844
14.5,10.0,0.8300000000000001,0.20708088720447365,0.002110136646144793,0.010189915035766791
14.5,10.0,0.84,0.20705165099592382,0.0021097609413697404,0.010189539330991738
14.5,10.0,0.85,0.20702241263132198,0.002109385236594688,0.010189163626216687
14.5,10.0,0.86,0.2069931721104297,0.0021090095318196354,0.010188787921441634
14.5,10.0,0.87,0.20696392943300843,0.0021086338270445834,0.010188412216666581
14.5,10.0,0.88,0.2069346845988195,0.002108258122269531,0.01018803651189153
14.5,10.0,0.89,0.20690543760762437,0.0021078824174944784,0.010187660807116477
14.5,10.0,0.9,0.20687618845918437,0.002107506712719426,0.010187285102341424
14.5,10.0,0.91,0.20684693715326083,0.002107131007944374,0.010186909397566373
14.5,10.0,0.92,0.20681768368961503,0.0021067553031693213,0.01018653369279132
14.5,10.0,0.93,0.20678842806800818,0.002106379598394269,0.010186157988016267
14.5,10.0,0.9400000000000001,0.20675917028820148,0.0021060038936192163,0.010185782283241216
14.5,10.0,0.9500000000000001,0.20672991034995622,0.0021056281888441643,0.010185406578466163
14.5,10.0,0.96,0.20670064825303341,0.0021052524840691118,0.01018503087369111
14.5,10.0,0.97,0.20667138399719417,0.0021048767792940593,0.010184655168916059
14.5,10.0,0.98,0.20664211758219964,0.002104501074519007,0.010184279464141006
14.5,10.0,0.99,0.2066128490078108,0.0021041253697439543,0.010183903759365953
14.5,10.0,1.0,0.20658357827378865,0.0021037496649689022,0.010183528054590902
14.5,20.0,0.0,0.2095,0.0037048981946640968,0.017684478256153206
14.5,20.0,0.01,0.20948320555856223,0.0037045224898890443,0.01768410255137815
14.5,20.0,0.02,0.20946641040350203,0.003704146785113992,0.0176837268466031
14.5,20.0,0.03,0.20944961453477395,0.0037037710803389397,0.01768335114182805
14.5,20.0,0.04,0.2094328179523325,0.0037033953755638872,0.017682975437052995
14.5,20.0,0.05,0.20941602065613216,0.0037030196707888347,0.017682599732277943
14.5,20.0,0.06,0.20939922264612743,0.0037026439660137822,0.017682224027502892
14.5,20.0,0.07,0.2093824239222729,0.00370226826123873,0.017681848322727838
14.5,20.0,0.08,0.20936562448452292,0.0037018925564636777,0.017681472617952786
14.5,20.0,0.09,0.20934882433283208,0.003701516851688625,0.017681096913177735
14.5,20.0,0.1,0.20933202346715488,0.0037011411469135727,0.01768072120840268
14.5,20.0,0.11,0.20931522188744572,0.0037007654421385206,0.01768034550362763
14.5,20.0,0.12,0.20929841959365914,0.003700389737363468,0.017679969798852578
14.5,20.0,0.13,0.20928161658574962,0.0037000140325884156,0.017679594094077523
14.5,20.0,0.14,0.20926481286367157,0.003699638327813363,0.017679218389302472
14.5,20.0,0.15,0.20924800842737956,0.003699262623038311,0.01767884268452742
14.5,20.0,0.16,0.20923120327682798,0.0036988869182632586,0.017678466979752366
14.5,20.0,0.17,0.2092143974119713,0.003698511213488206,0.017678091274977315
14.5,20.0,0.18,0.20919759083276396,0.0036981355087131536,0.017677715570202264
14.5,20.0,0.19,0.20918078353916048,0.003697759803938101,0.01767733986542721
14.5,20.0,0.2,0.20916397553111524,0.003697384099163049,0.017676964160652158
14.5,20.0,0.21,0.2091471668085827,0.0036970083943879965,0.017676588455877107
14.5,20.0,0.22,0.20913035737151736,0.003696632689612944,0.017676212751102052
14.5,20.0,0.23,0.20911354721987355,0.0036962569848378916,0.017675837046327
14.5,20.0,0.24,0.2090967363536058,0.0036958812800628395,0.01767546134155195
14.5,20.0,0.25,0.2090799247726685,0.003695505575287787,0.017675085636776895
14.5,20.0,0.26,0.20906311247701606,0.0036951298705127345,0.017674709932001844
14.5,20.0,0.27,0.20904629946660291,0.003694754165737682,0.017674334227226793
14.5,20.0,0.28,0.20902948574138355,0.00369437846096263,0.017673958522451738
14.5,20.0,0.29,0.20901267130131226,0.0036940027561875774,0.017673582817676687
14.5,20.0,0.3,0.2089958561463435,0.003693627051412525,0.017673207112901636
14.5,20.0,0.31,0.20897904027643172,0.0036932513466374725,0.01767283140812658
14.5,20.0,0.32,0.2089622236915313,0.0036928756418624204,0.01767245570335153
14.5,20.0,0.33,0.2089454063915966,0.003692499937087368,0.01767207999857648
14.5,20.0,0.34,0.20892858837658204,0.0036921242323123154,0.017671704293801424
14.5,20.0,0.35000000000000003,0.208911769646442,0.003691748527537263,0.017671328589026373
14.5,20.0,0.36,0.20889495020113094,0.003691372822762211,0.01767095288425132
14.5,20.0,0.37,0.20887813004060315,0.0036909971179871584,0.017670577179476267
14.5,20.0,0.38,0.20886130916481305,0.003690621413212106,0.017670201474701216
14.5,20.0,0.39,0.20884448757371502,0.0036902457084370534,0.01766982576992616
14.5,20.0,0.4,0.20882766526726337,0.003689870003662001,0.01766945006515111
14.5,20.0,0.41000000000000003,0.20881084224541255,0.003689494298886949,0.01766907436037606
14.5,20.0,0.42,0.2087940185081169,0.0036891185941118963,0.017668698655601004
14.5,20.0,0.43,0.20877719405533074,0.003688742889336844,0.017668322950825953
14.5,20.0,0.44,0.20876036888700844,0.0036883671845617913,0.0176679472460509
14.5,20.0,0.45,0.20874354300310446,0.0036879914797867393,0.017667571541275847
14.5,20.0,0.46,0.20872671640357296,0.0036876157750116868,0.017667195836500796
14.5,20.0,0.47000000000000003,0.2087098890883684,0.0036872400702366343,0.017666820131725745
14.5,20.0,0.48,0.20869306105744515,0.0036868643654615818,0.01766644442695069
14.5,20.0,0.49,0.20867623231075746,0.0036864886606865297,0.01766606872217564
14.5,20.0,0.5,0.20865940284825968,0.003686112955911477,0.017665693017400588
14.5,20.0,0.51,0.20864257266990618,0.0036857372511364247,0.017665317312625533
14.5,20.0,0.52,0.20862574177565124,0.0036853615463613722,0.01766494160785048
14.5,20.0,0.53,0.20860891016544925,0.00368498584158632,0.01766456590307543
14.5,20.0,0.54,0.20859207783925446,0.0036846101368112677,0.017664190198300376
14.5,20.0,0.55,0.20857524479702116,0.003684234432036215,0.017663814493525325
14.5,20.0,0.56,0.20855841103870376,0.0036838587272611627,0.01766343878875027
14.5,20.0,0.5700000000000001,0.2085415765642565,0.0036834830224861106,0.01766306308397522
14.5,20.0,0.58,0.20852474137363364,0.003683107317711058,0.017662687379200168
14.5,20.0,0.59,0.2085079054667896,0.0036827316129360056,0.017662311674425113
14.5,20.0,0.6,0.20849106884367852,0.003682355908160953,0.017661935969650062
14.5,20.0,0.61,0.2084742315042548,0.0036819802033859006,0.01766156026487501
14.5,20.0,0.62,0.20845739344847275,0.0036816044986108486,0.017661184560099956
14.5,20.0,0.63,0.20844055467628653,0.003681228793835796,0.017660808855324905
14.5,20.0,0.64,0.2084237151876505,0.0036808530890607436,0.017660433150549854
14.5,20.0,0.65,0.20840687498251892,0.003680477384285691,0.0176600574457748
14.5,20.0,0.66,0.20839003406084608,0.003680101679510639,0.017659681740999748
14.5,20.0,0.67,0.2083731924225862,0.0036797259747355865,0.017659306036224696
14.5,20.0,0.68,0.2083563500676936,0.003679350269960534,0.017658930331449642
14.5,20.0,0.6900000000000001,0.20833950699612247,0.0036789745651854815,0.01765855462667459
14.5,20.0,0.7000000000000001,0.2083226632078271,0.0036785988604104295,0.01765817892189954
14.5,20.0,0.71,0.2083058187027618,0.003678223155635377,0.017657803217124485
14.5,20.0,0.72,0.2082889734808807,0.0036778474508603245,0.017657427512349434
14.5,20.0,0.73,0.2082721275421381,0.003677471746085272,0.017657051807574382
14.5,20.0,0.74,0.20825528088648831,0.00367709604131022,0.017656676102799328
14.5,20.0,0.75,0.20823843351388543,0.0036767203365351674,0.017656300398024277
14.5,20.0,0.76,0.2082215854242838,0.003676344631760115,0.017655924693249225
14.5,20.0,0.77,0.20820473661763758,0.0036759689269850624,0.01765554898847417
14.5,20.0,0.78,0.20818788709390101,0.00367559322221001,0.01765517328369912
14.5,20.0,0.79,0.20817103685302835,0.003675217517434958,0.017654797578924068
14.5,20.0,0.8,0.20815418589497378,0.0036748418126599054,0.017654421874149014
14.5,20.0,0.81,0.2081373342196915,0.003674466107884853,0.017654046169373962
14.5,20.0,0.8200000000000001,0.20812048182713572,0.0036740904031098004,0.01765367046459891
14.5,20.0,0.8300000000000001,0.20810362871726074,0.0036737146983347483,0.017653294759823857
14.5,20.0,0.84,0.2080867748900206,0.003673338993559696,0.017652919055048805
14.5,20.0,0.85,0.20806992034536959,0.0036729632887846433,0.017652543350273754
14.5,20.0,0.86,0.2080530650832619,0.003672587584009591,0.0176521676454987
14.5,20.0,0.87,0.2080362091036517,0.003672211879234539,0.01765179194072365
14.5,20.0,0.88,0.20801935240649316,0.0036718361744594863,0.017651416235948597
14.5,20.0,0.89,0.20800249499174053,0.003671460469684434,0.017651040531173542
14.5,20.0,0.9,0.2079856368593479,0.0036710847649093813,0.01765066482639849
14.5,20.0,0.91,0.2079687780092695,0.0036707090601343292,0.01765028912162344
14.5,20.0,0.92,0.20795191844145947,0.0036703333553592767,0.017649913416848385
14.5,20.0,0.93,0.20793505815587196,0.0036699576505842242,0.017649537712073334
14.5,20.0,0.9400000000000001,0.2079181971524612,0.0036695819458091718,0.01764916200729828
14.5,20.0,0.9500000000000001,0.20790133543118128,0.0036692062410341193,0.01764878630252323
14.5,20.0,0.96,0.2078844729919864,0.003668830536259067,0.017648410597748177
14.5,20.0,0.97,0.20786760983483069,0.0036684548314840147,0.017648034892973122
14.5,20.0,0.98,0.20785074595966824,0.003668079126708962,0.01764765918819807
14.5,20.0,0.99,0.20783388136645325,0.0036677034219339097,0.01764728348342302
14.5,20.0,1.0,0.2078170160551399,0.0036673277171588576,0.017646907778647965
14.5,30.0,0.0,0.2095,0.013731686272239476,0.0655450418722648
14.5,30.0,0.01,0.2094954688208508,0.013731310567464423,0.06554466616748975
14.5,30.0,0.02,0.20949093758975548,0.013730934862689372,0.0655442904627147
14.5,30.0,0.03,0.20948640630671317,0.013730559157914319,0.06554391475793965
14.5,30.0,0.04,0.20948187497172294,0.013730183453139266,0.0655435390531646
14.5,30.0,0.05,0.20947734358478395,0.013729807748364214,0.06554316334838954
14.5,30.0,0.06,0.20947281214589525,0.013729432043589162,0.06554278764361449
14.5,30.0,0.07,0.20946828065505596,0.013729056338814109,0.06554241193883943
14.5,30.0,0.08,0.2094637491122652,0.013728680634039056,0.06554203623406438
14.5,30.0,0.09,0.20945921751752206,0.013728304929264004,0.06554166052928934
14.5,30.0,0.1,0.20945468587082566,0.013727929224488952,0.06554128482451428
14.5,30.0,0.11,0.2094501541721751,0.013727553519713899,0.06554090911973923
14.5,30.0,0.12,0.20944562242156953,0.013727177814938847,0.06554053341496417
14.5,30.0,0.13,0.209441090619008,0.013726802110163795,0.06554015771018912
14.5,30.0,0.14,0.2094365587644896,0.013726426405388742,0.06553978200541406
14.5,30.0,0.15,0.2094320268580135,0.01372605070061369,0.06553940630063902
14.5,30.0,0.16,0.20942749489957876,0.013725674995838637,0.06553903059586397
14.5,30.0,0.17,0.20942296288918452,0.013725299291063585,0.06553865489108891
14.5,30.0,0.18,0.20941843082682987,0.013724923586288533,0.06553827918631386
14.5,30.0,0.19,0.20941389871251392,0.01372454788151348,0.0655379034815388
14.5,30.0,0.2,0.20940936654623576,0.013724172176738427,0.06553752777676375
14.5,30.0,0.21,0.20940483432799448,0.013723796471963375,0.06553715207198871
14.5,30.0,0.22,0.20940030205778926,0.013723420767188323,0.06553677636721365
14.5,30.0,0.23,0.20939576973561913,0.01372304506241327,0.0655364006624386
14.5,30.0,0.24,0.20939123736148324,0.013722669357638217,0.06553602495766354
14.5,30.0,0.25,0.20938670493538072,0.013722293652863166,0.06553564925288849
14.5,30.0,0.26,0.2093821724573106,0.013721917948088113,0.06553527354811343
14.5,30.0,0.27,0.20937763992727204,0.01372154224331306,0.06553489784333838
14.5,30.0,0.28,0.2093731073452641,0.01372116653853801,0.06553452213856334
14.5,30.0,0.29,0.20936857471128595,0.013720790833762956,0.06553414643378828
14.5,30.0,0.3,0.20936404202533665,0.013720415128987903,0.06553377072901323
14.5,30.0,0.31,0.20935950928741537,0.013720039424212852,0.06553339502423818
14.5,30.0,0.32,0.20935497649752113,0.0137196637194378,0.06553301931946312
14.5,30.0,0.33,0.20935044365565303,0.013719288014662746,0.06553264361468808
14.5,30.0,0.34,0.20934591076181028,0.013718912309887695,0.06553226790991303
14.5,30.0,0.35000000000000003,0.2093413778159919,0.013718536605112642,0.06553189220513797
14.5,30.0,0.36,0.20933684481819703,0.01371816090033759,0.06553151650036292
14.5,30.0,0.37,0.20933231176842476,0.013717785195562536,0.06553114079558786
14.5,30.0,0.38,0.20932777866667424,0.013717409490787485,0.0655307650908128
14.5,30.0,0.39,0.20932324551294448,0.013717033786012432,0.06553038938603775
14.5,30.0,0.4,0.20931871230723464,0.01371665808123738,0.06553001368126271
14.5,30.0,0.41000000000000003,0.20931417904954389,0.013716282376462328,0.06552963797648766
14.5,30.0,0.42,0.20930964573987124,0.013715906671687275,0.0655292622717126
14.5,30.0,0.43,0.20930511237821586,0.013715530966912222,0.06552888656693755
14.5,30.0,0.44,0.20930057896457682,0.013715155262137171,0.06552851086216249
14.5,30.0,0.45,0.2092960454989532,0.013714779557362118,0.06552813515738745
14.5,30.0,0.46,0.20929151198134416,0.013714403852587065,0.0655277594526124
14.5,30.0,0.47000000000000003,0.20928697841174881,0.013714028147812014,0.06552738374783734
14.5,30.0,0.48,0.20928244479016622,0.013713652443036961,0.06552700804306229
14.5,30.0,0.49,0.2092779111165955,0.013713276738261908,0.06552663233828723
14.5,30.0,0.5,0.20927337739103577,0.013712901033486855,0.06552625663351218
14.5,30.0,0.51,0.20926884361348616,0.013712525328711804,0.06552588092873712
14.5,30.0,0.52,0.20926430978394567,0.013712149623936751,0.06552550522396208
14.5,30.0,0.53,0.20925977590241351,0.013711773919161698,0.06552512951918703
14.5,30.0,0.54,0.2092552419688888,0.013711398214386647,0.06552475381441197
14.5,30.0,0.55,0.20925070798337056,0.013711022509611594,0.06552437810963692
14.5,30.0,0.56,0.20924617394585796,0.013710646804836541,0.06552400240486186
14.5,30.0,0.5700000000000001,0.20924163985635005,0.01371027110006149,0.06552362670008682
14.5,30.0,0.58,0.209237105714846,0.013709895395286437,0.06552325099531177
14.5,30.0,0.59,0.2092325715213449,0.013709519690511384,0.06552287529053671
14.5,30.0,0.6,0.20922803727584582,0.013709143985736333,0.06552249958576166
14.5,30.0,0.61,0.20922350297834788,0.01370876828096128,0.0655221238809866
14.5,30.0,0.62,0.2092189686288502,0.013708392576186227,0.06552174817621155
14.5,30.0,0.63,0.20921443422735186,0.013708016871411174,0.0655213724714365
14.5,30.0,0.64,0.209209899773852,0.013707641166636123,0.06552099676666145
14.5,30.0,0.65,0.20920536526834968,0.01370726546186107,0.0655206210618864
14.5,30.0,0.66,0.20920083071084405,0.013706889757086017,0.06552024535711135
14.5,30.0,0.67,0.20919629610133425,0.013706514052310966,0.06551986965233629
14.5,30.0,0.68,0.20919176143981927,0.013706138347535913,0.06551949394756124
14.5,30.0,0.6900000000000001,0.2091872267262983,0.01370576264276086,0.06551911824278618
14.5,30.0,0.7000000000000001,0.2091826919607704,0.013705386937985809,0.06551874253801114
14.5,30.0,0.71,0.20917815714323473,0.013705011233210756,0.06551836683323609
14.5,30.0,0.72,0.20917362227369035,0.013704635528435703,0.06551799112846103
14.5,30.0,0.73,0.2091690873521364,0.013704259823660652,0.06551761542368598
14.5,30.0,0.74,0.20916455237857196,0.013703884118885599,0.06551723971891092
14.5,30.0,0.75,0.20916001735299614,0.013703508414110546,0.06551686401413587
14.5,30.0,0.76,0.20915548227540798,0.013703132709335493,0.06551648830936083
14.5,30.0,0.77,0.20915094714580673,0.013702757004560442,0.06551611260458577
14.5,30.0,0.78,0.2091464119641914,0.013702381299785389,0.06551573689981072
14.5,30.0,0.79,0.20914187673056112,0.013702005595010336,0.06551536119503566
14.5,30.0,0.8,0.209137341444915,0.013701629890235285,0.06551498549026061
14.5,30.0,0.81,0.2091328061072521,0.013701254185460232,0.06551460978548555
14.5,30.0,0.8200000000000001,0.20912827071757156,0.013700878480685179,0.0655142340807105
14.5,30.0,0.8300000000000001,0.20912373527587247,0.013700502775910128,0.06551385837593546
14.5,30.0,0.84,0.20911919978215399,0.013700127071135075,0.0655134826711604
14.5,30.0,0.85,0.20911466423641514,0.013699751366360022,0.06551310696638535
14.5,30.0,0.86,0.2091101286386551,0.01369937566158497,0.0655127312616103
14.5,30.0,0.87,0.20910559298887293,0.013698999956809918,0.06551235555683524
14.5,30.0,0.88,0.2091010572870677,0.013698624252034865,0.0655119798520602
14.5,30.0,0.89,0.20909652153323863,0.013698248547259814,0.06551160414728514
14.5,30.0,0.9,0.20909198572738474,0.01369787284248476,0.06551122844251009
14.5,30.0,0.91,0.20908744986950514,0.013697497137709708,0.06551085273773503
14.5,30.0,0.92,0.20908291395959896,0.013697121432934655,0.06551047703295998
14.5,30.0,0.93,0.2090783779976653,0.013696745728159604,0.06551010132818492
14.5,30.0,0.9400000000000001,0.20907384198370324,0.01369637002338455,0.06550972562340987
14.5,30.0,0.9500000000000001,0.20906930591771186,0.013695994318609498,0.06550934991863483
14.5,30.0,0.96,0.20906476979969038,0.013695618613834446,0.06550897421385977
14.5,30.0,0.97,0.2090602336296378,0.013695242909059394,0.06550859850908472
14.5,30.0,0.98,0.20905569740755325,0.01369486720428434,0.06550822280430967
14.5,30.0,0.99,0.20905116113343586,0.01369449149950929,0.06550784709953461
14.5,30.0,1.0,0.20904662480728467,0.013694115794734237,0.06550747139475957
26.04,10.0,0.0,0.2095,0.003366917551530293,0.016071205496564645
26.04,10.0,0.01,0.20946681121561184,0.003366242837575647,0.016070530782609997
26.04,10.0,0.02,0.20943361964427448,0.0033655681236210012,0.016069856068655353
26.04,10.0,0.03,0.2094004252856369,0.0033648934096663554,0.016069181354700708
26.04,10.0,0.04,0.20936722813934805,0.0033642186957117096,0.01606850664074606
26.04,10.0,0.05,0.20933402820505664,0.0033635439817570638,0.016067831926791416
26.04,10.0,0.06,0.20930082548241152,0.003362869267802418,0.016067157212836768
26.04,10.0,0.07,0.20926761997106133,0.003362194553847772,0.016066482498882123
26.04,10.0,0.08,0.20923441167065476,0.0033615198398931263,0.01606580778492748
26.04,10.0,0.09,0.20920120058084046,0.0033608451259384805,0.01606513307097283
26.04,10.0,0.1,0.20916798670126682,0.0033601704119838346,0.016064458357018186
26.04,10.0,0.11,0.20913477003158246,0.003359495698029189,0.016063783643063538
26.04,10.0,0.12,0.20910155057143565,0.003358820984074543,0.016063108929108894
26.04,10.0,0.13,0.20906832832047484,0.003358146270119897,0.01606243421515425
26.04,10.0,0.14,0.20903510327834834,0.0033574715561652513,0.0160617595011996
26.04,10.0,0.15,0.2090018754447043,0.0033567968422106055,0.016061084787244957
26.04,10.0,0.16,0.20896864481919095,0.0033561221282559597,0.016060410073290312
26.04,10.0,0.17,0.20893541140145644,0.003355447414301314,0.016059735359335664
26.04,10.0,0.18,0.20890217519114876,0.003354772700346668,0.01605906064538102
26.04,10.0,0.19,0.2088689361879159,0.003354097986392022,0.016058385931426375
26.04,10.0,0.2,0.20883569439140592,0.0033534232724373764,0.016057711217471727
26.04,10.0,0.21,0.2088024498012666,0.003352748558482731,0.016057036503517082
26.04,10.0,0.22,0.2087692024171458,0.003352073844528085,0.016056361789562434
26.04,10.0,0.23,0.2087359522386912,0.0033513991305734393,0.01605568707560779
26.04,10.0,0.24,0.2087026992655506,0.0033507244166187935,0.016055012361653145
26.04,10.0,0.25,0.20866944349737163,0.0033500497026641477,0.016054337647698497
26.04,10.0,0.26,0.20863618493380182,0.003349374988709502,0.016053662933743853
26.04,10.0,0.27,0.20860292357448873,0.003348700274754856,0.01605298821978921
26.04,10.0,0.28,0.20856965941907987,0.0033480255608002102,0.01605231350583456
26.04,10.0,0.29,0.20853639246722255,0.0033473508468455644,0.016051638791879916
26.04,10.0,0.3,0.2085031227185642,0.0033466761328909186,0.01605096407792527
26.04,10.0,0.31,0.20846985017275213,0.0033460014189362727,0.016050289363970623
26.04,10.0,0.32,0.20843657482943345,0.003345326704981627,0.01604961465001598
26.04,10.0,0.33,0.20840329668825547,0.003344651991026981,0.01604893993606133
26.04,10.0,0.34,0.20837001574886516,0.0033439772770723353,0.016048265222106686
26.04,10.0,0.35000000000000003,0.20833673201090966,0.0033433025631176895,0.016047590508152042
26.04,10.0,0.36,0.20830344547403598,0.0033426278491630436,0.016046915794197394
26.04,10.0,0.37,0.208270156137891,0.003341953135208398,0.01604624108024275
26.04,10.0,0.38,0.2082368640021216,0.003341278421253752,0.0160455663662881
26.04,10.0,0.39,0.2082035690663746,0.003340603707299106,0.016044891652333457
26.04,10.0,0.4,0.20817027133029675,0.0033399289933444603,0.016044216938378812
26.04,10.0,0.41000000000000003,0.2081369707935348,0.0033392542793898145,0.016043542224424164
26.04,10.0,0.42,0.20810366745573528,0.0033385795654351687,0.01604286751046952
26.04,10.0,0.43,0.20807036131654483,0.003337904851480523,0.016042192796514875
26.04,10.0,0.44,0.20803705237561002,0.003337230137525877,0.016041518082560227
26.04,10.0,0.45,0.20800374063257718,0.003336555423571231,0.016040843368605583
26.04,10.0,0.46,0.2079704260870928,0.0033358807096165854,0.016040168654650938
26.04,10.0,0.47000000000000003,0.2079371087388032,0.0033352059956619396,0.01603949394069629
26.04,10.0,0.48,0.20790378858735462,0.0033345312817072937,0.016038819226741646
26.04,10.0,0.49,0.20787046563239336,0.003333856567752648,0.016038144512786998
26.04,10.0,0.5,0.2078371398735655,0.003333181853798002,0.016037469798832353
26.04,10.0,0.51,0.20780381131051714,0.0033325071398433563,0.01603679508487771
26.04,10.0,0.52,0.2077704799428944,0.0033318324258887104,0.01603612037092306
26.04,10.0,0.53,0.2077371457703432,0.0033311577119340646,0.016035445656968416
26.04,10.0,0.54,0.2077038087925095,0.0033304829979794188,0.016034770943013768
26.04,10.0,0.55,0.20767046900903907,0.003329808284024773,0.016034096229059124
26.04,10.0,0.56,0.2076371264195778,0.003329133570070127,0.01603342151510448
26.04,10.0,0.5700000000000001,0.20760378102377142,0.0033284588561154813,0.01603274680114983
26.04,10.0,0.58,0.20757043282126558,0.0033277841421608355,0.016032072087195186
26.04,10.0,0.59,0.2075370818117059,0.0033271094282061897,0.016031397373240542
26.04,10.0,0.6,0.20750372799473804,0.003326434714251544,0.016030722659285894
26.04,10.0,0.61,0.20747037137000737,0.003325760000296898,0.01603004794533125
26.04,10.0,0.62,0.2074370119371594,0.003325085286342252,0.016029373231376605
26.04,10.0,0.63,0.20740364969583958,0.003324410572387607,0.016028698517421957
26.04,10.0,0.64,0.2073702846456931,0.003323735858432961,0.016028023803467312
26.04,10.0,0.65,0.20733691678636532,0.003323061144478315,0.016027349089512664
26.04,10.0,0.66,0.20730354611750137,0.0033223864305236693,0.01602667437555802
26.04,10.0,0.67,0.20727017263874642,0.0033217117165690235,0.016025999661603375
26.04,10.0,0.68,0.20723679634974565,0.0033210370026143777,0.016025324947648727
26.04,10.0,0.6900000000000001,0.20720341725014396,0.003320362288659732,0.016024650233694083
26.04,10.0,0.7000000000000001,0.20717003533958636,0.003319687574705086,0.01602397551973944
26.04,10.0,0.71,0.2071366506177178,0.00331901286075044,0.01602330080578479
26.04,10.0,0.72,0.20710326308418306,0.0033183381467957944,0.016022626091830146
26.04,10.0,0.73,0.20706987273862693,0.0033176634328411485,0.0160219513778755
26.04,10.0,0.74,0.20703647958069424,0.0033169887188865027,0.016021276663920853
26.04,10.0,0.75,0.2070030836100295,0.003316314004931857,0.01602060194996621
26.04,10.0,0.76,0.20696968482627748,0.003315639290977211,0.01601992723601156
26.04,10.0,0.77,0.20693628322908256,0.0033149645770225653,0.016019252522056916
26.04,10.0,0.78,0.20690287881808933,0.0033142898630679194,0.01601857780810227
26.04,10.0,0.79,0.20686947159294225,0.0033136151491132736,0.016017903094147624
26.04,10.0,0.8,0.20683606155328557,0.0033129404351586278,0.01601722838019298
26.04,10.0,0.81,0.20680264869876375,0.003312265721203982,0.01601655366623833
26.04,10.0,0.8200000000000001,0.20676923302902087,0.003311591007249336,0.016015878952283687
26.04,10.0,0.8300000000000001,0.2067358145437012,0.0033109162932946903,0.016015204238329042
26.04,10.0,0.84,0.2067023932424489,0.0033102415793400445,0.016014529524374394
26.04,10.0,0.85,0.206668969124908,0.0033095668653853987,0.01601385481041975
26.04,10.0,0.86,0.2066355421907225,0.003308892151430753,0.016013180096465105
26.04,10.0,0.87,0.20660211243953638,0.003308217437476107,0.016012505382510457
26.04,10.0,0.88,0.20656867987099348,0.003307542723521461,0.016011830668555813
26.04,10.0,0.89,0.20653524448473765,0.0033068680095668154,0.016011155954601168
26.04,10.0,0.9,0.2065018062804127,0.0033061932956121695,0.01601048124064652
26.04,10.0,0.91,0.2064683652576623,0.0033055185816575237,0.016009806526691876
26.04,10.0,0.92,0.2064349214161301,0.003304843867702878,0.016009131812737228
26.04,10.0,0.93,0.20640147475545964,0.003304169153748232,0.016008457098782583
26.04,10.0,0.9400000000000001,0.20636802527529452,0.0033034944397935862,0.01600778238482794
26.04,10.0,0.9500000000000001,0.20633457297527819,0.0033028197258389404,0.01600710767087329
26.04,10.0,0.96,0.20630111785505403,0.0033021450118842946,0.016006432956918646
26.04,10.0,0.97,0.20626765991426543,0.0033014702979296488,0.016005758242963998
26.04,10.0,0.98,0.20623419915255564,0.003300795583975003,0.016005083529009353
26.04,10.0,0.99,0.20620073556956786,0.003300120870020357,0.01600440881505471
26.04,10.0,1.0,0.20616726916494538,0.0032994461560657113,0.01600373410110006
26.04,20.0,0.0,0.2095,0.004922614301024263,0.02349696563734732
26.04,20.0,0.01,0.20947730018823454,0.004921939587069618,0.023496290923392674
26.04,20.0,0.02,0.20945459907274674,0.004921264873114972,0.023495616209438026
26.04,20.0,0.03,0.20943189665342432,0.004920590159160326,0.023494941495483382
26.04,20.0,0.04,0.20940919293015486,0.00491991544520568,0.023494266781528737
26.04,20.0,0.05,0.20938648790282616,0.004919240731251035,0.02349359206757409
26.04,20.0,0.06,0.2093637815713257,0.004918566017296388,0.023492917353619445
26.04,20.0,0.07,0.20934107393554124,0.004917891303341743,0.023492242639664797
26.04,20.0,0.08,0.2093183649953603,0.004917216589387097,0.023491567925710152
26.04,20.0,0.09,0.20929565475067055,0.004916541875432451,0.023490893211755508
26.04,20.0,0.1,0.20927294320135956,0.004915867161477805,0.02349021849780086
26.04,20.0,0.11,0.2092502303473149,0.00491519244752316,0.023489543783846215
26.04,20.0,0.12,0.20922751618842417,0.004914517733568513,0.023488869069891567
26.04,20.0,0.13,0.20920480072457487,0.004913843019613868,0.023488194355936923
26.04,20.0,0.14,0.20918208395565452,0.004913168305659222,0.023487519641982278
26.04,20.0,0.15,0.20915936588155076,0.004912493591704576,0.023486844928027634
26.04,20.0,0.16,0.209136646502151,0.00491181887774993,0.023486170214072986
26.04,20.0,0.17,0.20911392581734278,0.004911144163795285,0.02348549550011834
26.04,20.0,0.18,0.2090912038270136,0.0049104694498406385,0.023484820786163693
26.04,20.0,0.19,0.2090684805310509,0.004909794735885993,0.02348414607220905
26.04,20.0,0.2,0.20904575592934213,0.004909120021931347,0.023483471358254404
26.04,20.0,0.21,0.20902303002177483,0.004908445307976701,0.023482796644299756
26.04,20.0,0.22,0.2090003028082363,0.004907770594022055,0.02348212193034511
26.04,20.0,0.23,0.20897757428861413,0.00490709588006741,0.023481447216390464
26.04,20.0,0.24,0.20895484446279555,0.0049064211661127635,0.02348077250243582
26.04,20.0,0.25,0.2089321133306681,0.004905746452158118,0.023480097788481175
26.04,20.0,0.26,0.20890938089211908,0.004905071738203472,0.023479423074526527
26.04,20.0,0.27,0.20888664714703592,0.0049043970242488265,0.023478748360571882
26.04,20.0,0.28,0.20886391209530591,0.00490372231029418,0.023478073646617234
26.04,20.0,0.29,0.20884117573681646,0.004903047596339535,0.02347739893266259
26.04,20.0,0.3,0.2088184380714548,0.004902372882384889,0.023476724218707945
26.04,20.0,0.31,0.20879569909910842,0.004901698168430243,0.0234760495047533
26.04,20.0,0.32,0.20877295881966448,0.004901023454475597,0.023475374790798652
26.04,20.0,0.33,0.20875021723301035,0.0049003487405209515,0.023474700076844008
26.04,20.0,0.34,0.20872747433903327,0.004899674026566305,0.02347402536288936
26.04,20.0,0.35000000000000003,0.20870473013762053,0.00489899931261166,0.023473350648934715
26.04,20.0,0.36,0.20868198462865936,0.004898324598657014,0.02347267593498007
26.04,20.0,0.37,0.20865923781203707,0.004897649884702368,0.023472001221025423
26.04,20.0,0.38,0.20863648968764079,0.004896975170747722,0.02347132650707078
26.04,20.0,0.39,0.2086137402553578,0.004896300456793077,0.02347065179311613
26.04,20.0,0.4,0.20859098951507526,0.00489562574283843,0.023469977079161486
26.04,20.0,0.41000000000000003,0.20856823746668043,0.004894951028883785,0.02346930236520684
26.04,20.0,0.42,0.2085454841100604,0.0048942763149291395,0.023468627651252197
26.04,20.0,0.43,0.20852272944510242,0.004893601600974493,0.02346795293729755
26.04,20.0,0.44,0.20849997347169358,0.004892926887019848,0.023467278223342904
26.04,20.0,0.45,0.20847721618972104,0.004892252173065202,0.023466603509388256
26.04,20.0,0.46,0.2084544575990719,0.004891577459110556,0.023465928795433612
26.04,20.0,0.47000000000000003,0.20843169769963327,0.00489090274515591,0.023465254081478967
26.04,20.0,0.48,0.20840893649129236,0.004890228031201265,0.02346457936752432
26.04,20.0,0.49,0.20838617397393608,0.004889553317246618,0.023463904653569675
26.04,20.0,0.5,0.20836341014745163,0.004888878603291973,0.023463229939615027
26.04,20.0,0.51,0.208340645011726,0.004888203889337327,0.023462555225660382
26.04,20.0,0.52,0.2083178785666463,0.004887529175382681,0.023461880511705738
26.04,20.0,0.53,0.20829511081209953,0.004886854461428035,0.02346120579775109
26.04,20.0,0.54,0.2082723417479727,0.00488617974747339,0.023460531083796445
26.04,20.0,0.55,0.20824957137415284,0.004885505033518743,0.023459856369841797
26.04,20.0,0.56,0.20822679969052693,0.004884830319564098,0.023459181655887153
26.04,20.0,0.5700000000000001,0.20820402669698193,0.004884155605609452,0.023458506941932508
26.04,20.0,0.58,0.20818125239340488,0.004883480891654806,0.023457832227977864
26.04,20.0,0.59,0.20815847677968266,0.00488280617770016,0.023457157514023216
26.04,20.0,0.6,0.20813569985570227,0.004882131463745515,0.02345648280006857
26.04,20.0,0.61,0.2081129216213506,0.0048814567497908684,0.023455808086113923
26.04,20.0,0.62,0.20809014207651458,0.004880782035836223,0.02345513337215928
26.04,20.0,0.63,0.2080673612210811,0.004880107321881577,0.023454458658204634
26.04,20.0,0.64,0.20804457905493712,0.004879432607926931,0.023453783944249986
26.04,20.0,0.65,0.2080217955779694,0.004878757893972285,0.02345310923029534
26.04,20.0,0.66,0.20799901079006497,0.00487808318001764,0.023452434516340694
26.04,20.0,0.67,0.20797622469111046,0.0048774084660629935,0.02345175980238605
26.04,20.0,0.68,0.20795343728099291,0.004876733752108348,0.023451085088431405
26.04,20.0,0.6900000000000001,0.20793064855959903,0.004876059038153702,0.023450410374476757
26.04,20.0,0.7000000000000001,0.2079078585268157,0.0048753843241990565,0.023449735660522112
26.04,20.0,0.71,0.20788506718252966,0.00487470961024441,0.023449060946567464
26.04,20.0,0.72,0.20786227452662775,0.004874034896289765,0.02344838623261282
26.04,20.0,0.73,0.2078394805589967,0.0048733601823351185,0.023447711518658175
26.04,20.0,0.74,0.2078166852795233,0.004872685468380473,0.02344703680470353
26.04,20.0,0.75,0.20779388868809429,0.004872010754425827,0.023446362090748882
26.04,20.0,0.76,0.2077710907845964,0.0048713360404711815,0.023445687376794238
26.04,20.0,0.77,0.20774829156891636,0.004870661326516535,0.02344501266283959
26.04,20.0,0.78,0.20772549104094087,0.00486998661256189,0.023444337948884945
26.04,20.0,0.79,0.2077026892005566,0.004869311898607244,0.0234436632349303
26.04,20.0,0.8,0.20767988604765034,0.004868637184652598,0.023442988520975653
26.04,20.0,0.81,0.20765708158210858,0.004867962470697952,0.02344231380702101
26.04,20.0,0.8200000000000001,0.20763427580381816,0.0048672877567433066,0.02344163909306636
26.04,20.0,0.8300000000000001,0.2076114687126656,0.00486661304278866,0.023440964379111716
26.04,20.0,0.84,0.20758866030853756,0.004865938328834015,0.02344028966515707
26.04,20.0,0.85,0.20756585059132068,0.0048652636148793695,0.023439614951202427
26.04,20.0,0.86,0.20754303956090156,0.004864588900924723,0.02343894023724778
26.04,20.0,0.87,0.20752022721716679,0.004863914186970078,0.023438265523293134
26.04,20.0,0.88,0.20749741356000292,0.004863239473015432,0.023437590809338486
26.04,20.0,0.89,0.20747459858929657,0.004862564759060786,0.023436916095383842
26.04,20.0,0.9,0.2074517823049342,0.00486189004510614,0.023436241381429197
26.04,20.0,0.91,0.20742896470680247,0.004861215331151495,0.02343556666747455
26.04,20.0,0.92,0.20740614579478778,0.004860540617196848,0.023434891953519905
26.04,20.0,0.93,0.20738332556877678,0.004859865903242203,0.023434217239565257
26.04,20.0,0.9400000000000001,0.2073605040286558,0.004859191189287557,0.023433542525610612
26.04,20.0,0.9500000000000001,0.2073376811743115,0.004858516475332911,0.023432867811655968
26.04,20.0,0.96,0.20731485700563024,0.004857841761378265,0.02343219309770132
26.04,20.0,0.97,0.20729203152249853,0.00485716704742362,0.023431518383746675
26.04,20.0,0.98,0.20726920472480279,0.004856492333468973,0.023430843669792027
26.04,20.0,0.99,0.20724637661242948,0.004855817619514328,0.023430168955837383
26.04,20.0,1.0,0.20722354718526498,0.004855142905559682,0.023429494241882738
26.04,30.0,0.0,0.2095,0.009939956013581613,0.04744609075695281
26.04,30.0,0.01,0.2094887584212421,0.009939281299626967,0.047445416042998165
26.04,30.0,0.02,0.2094775165227502,0.009938606585672322,0.04744474132904351
26.04,30.0,0.03,0.20946627430451054,0.009937931871717676,0.04744406661508887
26.04,30.0,0.04,0.20945503176650954,0.00993725715776303,0.047443391901134224
26.04,30.0,0.05,0.20944378890873352,0.009936582443808383,0.04744271718717958
26.04,30.0,0.06,0.2094325457311689,0.009935907729853739,0.047442042473224935
26.04,30.0,0.07,0.209421302233802,0.009935233015899093,0.047441367759270284
26.04,30.0,0.08,0.20941005841661917,0.009934558301944446,0.04744069304531564
26.04,30.0,0.09,0.20939881427960674,0.0099338835879898,0.047440018331360995
26.04,30.0,0.1,0.20938756982275114,0.009933208874035156,0.04743934361740635
26.04,30.0,0.11,0.20937632504603865,0.00993253416008051,0.047438668903451706
26.04,30.0,0.12,0.20936507994945563,0.009931859446125863,0.047437994189497054
26.04,30.0,0.13,0.20935383453298848,0.009931184732171217,0.04743731947554241
26.04,30.0,0.14,0.2093425887966235,0.009930510018216572,0.047436644761587765
26.04,30.0,0.15,0.20933134274034707,0.009929835304261926,0.04743597004763312
26.04,30.0,0.16,0.2093200963641455,0.00992916059030728,0.047435295333678476
26.04,30.0,0.17,0.2093088496680052,0.009928485876352634,0.047434620619723825
26.04,30.0,0.18,0.20929760265191247,0.009927811162397989,0.04743394590576919
26.04,30.0,0.19,0.20928635531585368,0.009927136448443343,0.047433271191814536
26.04,30.0,0.2,0.20927510765981513,0.009926461734488697,0.04743259647785989
26.04,30.0,0.21,0.2092638596837832,0.00992578702053405,0.047431921763905247
26.04,30.0,0.22,0.2092526113877443,0.009925112306579406,0.0474312470499506
26.04,30.0,0.23,0.20924136277168462,0.00992443759262476,0.04743057233599596
26.04,30.0,0.24,0.20923011383559065,0.009923762878670113,0.047429897622041306
26.04,30.0,0.25,0.20921886457944866,0.009923088164715467,0.04742922290808666
26.04,30.0,0.26,0.209207615003245,0.009922413450760822,0.04742854819413202
26.04,30.0,0.27,0.20919636510696601,0.009921738736806176,0.04742787348017737
26.04,30.0,0.28,0.20918511489059802,0.00992106402285153,0.04742719876622273
26.04,30.0,0.29,0.2091738643541274,0.009920389308896884,0.047426524052268076
26.04,30.0,0.3,0.2091626134975405,0.00991971459494224,0.04742584933831343
26.04,30.0,0.31,0.20915136232082357,0.009919039880987593,0.04742517462435879
26.04,30.0,0.32,0.20914011082396303,0.009918365167032947,0.04742449991040414
26.04,30.0,0.33,0.20912885900694517,0.0099176904530783,0.0474238251964495
26.04,30.0,0.34,0.2091176068697564,0.009917015739123656,0.04742315048249485
26.04,30.0,0.35000000000000003,0.20910635441238293,0.00991634102516901,0.0474224757685402
26.04,30.0,0.36,0.20909510163481118,0.009915666311214363,0.04742180105458556
26.04,30.0,0.37,0.20908384853702747,0.009914991597259717,0.04742112634063091
26.04,30.0,0.38,0.20907259511901813,0.009914316883305073,0.04742045162667627
26.04,30.0,0.39,0.2090613413807695,0.009913642169350426,0.04741977691272162
26.04,30.0,0.4,0.20905008732226787,0.00991296745539578,0.04741910219876697
26.04,30.0,0.41000000000000003,0.2090388329434996,0.009912292741441134,0.04741842748481233
26.04,30.0,0.42,0.20902757824445103,0.00991161802748649,0.047417752770857684
26.04,30.0,0.43,0.20901632322510846,0.009910943313531843,0.04741707805690304
26.04,30.0,0.44,0.20900506788545825,0.009910268599577197,0.04741640334294839
26.04,30.0,0.45,0.20899381222548666,0.009909593885622552,0.04741572862899375
26.04,30.0,0.46,0.2089825562451801,0.009908919171667906,0.0474150539150391
26.04,30.0,0.47000000000000003,0.20897129994452485,0.00990824445771326,0.047414379201084454
26.04,30.0,0.48,0.2089600433235072,0.009907569743758613,0.04741370448712981
26.04,30.0,0.49,0.2089487863821136,0.009906895029803969,0.047413029773175165
26.04,30.0,0.5,0.2089375291203302,0.009906220315849323,0.04741235505922052
26.04,30.0,0.51,0.20892627153814347,0.009905545601894676,0.04741168034526587
26.04,30.0,0.52,0.20891501363553963,0.00990487088794003,0.047411005631311225
26.04,30.0,0.53,0.20890375541250505,0.009904196173985386,0.04741033091735658
26.04,30.0,0.54,0.20889249686902603,0.00990352146003074,0.047409656203401936
26.04,30.0,0.55,0.2088812380050889,0.009902846746076093,0.04740898148944729
26.04,30.0,0.56,0.20886997882067998,0.009902172032121447,0.04740830677549264
26.04,30.0,0.5700000000000001,0.2088587193157856,0.009901497318166802,0.047407632061537995
26.04,30.0,0.58,0.20884745949039202,0.009900822604212156,0.04740695734758335
26.04,30.0,0.59,0.20883619934448558,0.00990014789025751,0.047406282633628706
26.04,30.0,0.6,0.20882493887805262,0.009899473176302864,0.04740560791967406
26.04,30.0,0.61,0.2088136780910795,0.009898798462348219,0.04740493320571941
26.04,30.0,0.62,0.20880241698355242,0.009898123748393573,0.047404258491764766
26.04,30.0,0.63,0.20879115555545774,0.009897449034438927,0.04740358377781012
26.04,30.0,0.64,0.20877989380678177,0.00989677432048428,0.047402909063855476
26.04,30.0,0.65,0.2087686317375109,0.009896099606529636,0.04740223434990083
26.04,30.0,0.66,0.20875736934763134,0.00989542489257499,0.04740155963594618
26.04,30.0,0.67,0.2087461066371294,0.009894750178620343,0.047400884921991536
26.04,30.0,0.68,0.2087348436059914,0.009894075464665697,0.04740021020803689
26.04,30.0,0.6900000000000001,0.2087235802542037,0.009893400750711052,0.04739953549408225
26.04,30.0,0.7000000000000001,0.20871231658175254,0.009892726036756406,0.0473988607801276
26.04,30.0,0.71,0.2087010525886243,0.00989205132280176,0.04739818606617295
26.04,30.0,0.72,0.2086897882748052,0.009891376608847114,0.047397511352218306
26.04,30.0,0.73,0.2086785236402816,0.00989070189489247,0.04739683663826366
26.04,30.0,0.74,0.2086672586850398,0.009890027180937823,0.04739616192430902
26.04,30.0,0.75,0.20865599340906607,0.009889352466983177,0.04739548721035437
26.04,30.0,0.76,0.20864472781234675,0.00988867775302853,0.04739481249639972
26.04,30.0,0.77,0.20863346189486812,0.009888003039073886,0.047394137782445084
26.04,30.0,0.78,0.20862219565661652,0.00988732832511924,0.04739346306849043
26.04,30.0,0.79,0.20861092909757817,0.009886653611164593,0.04739278835453579
26.04,30.0,0.8,0.20859966221773943,0.009885978897209947,0.04739211364058114
26.04,30.0,0.81,0.2085883950170866,0.009885304183255303,0.0473914389266265
26.04,30.0,0.8200000000000001,0.20857712749560595,0.009884629469300656,0.047390764212671854
26.04,30.0,0.8300000000000001,0.20856585965328378,0.00988395475534601,0.0473900894987172
26.04,30.0,0.84,0.20855459149010644,0.009883280041391366,0.04738941478476256
26.04,30.0,0.85,0.20854332300606013,0.00988260532743672,0.047388740070807914
26.04,30.0,0.86,0.2085320542011312,0.009881930613482073,0.04738806535685327
26.04,30.0,0.87,0.20852078507530591,0.009881255899527427,0.047387390642898625
26.04,30.0,0.88,0.20850951562857067,0.009880581185572782,0.04738671592894397
26.04,30.0,0.89,0.20849824586091162,0.009879906471618136,0.04738604121498933
26.04,30.0,0.9,0.2084869757723151,0.00987923175766349,0.047385366501034684
26.04,30.0,0.91,0.2084757053627674,0.009878557043708843,0.04738469178708004
26.04,30.0,0.92,0.2084644346322549,0.009877882329754199,0.047384017073125395
26.04,30.0,0.93,0.2084531635807638,0.009877207615799553,0.047383342359170744
26.04,30.0,0.9400000000000001,0.20844189220828033,0.009876532901844906,0.0473826676452161
26.04,30.0,0.9500000000000001,0.2084306205147909,0.00987585818789026,0.047381992931261455
26.04,30.0,0.96,0.20841934850028174,0.009875183473935616,0.04738131821730681
26.04,30.0,0.97,0.2084080761647391,0.00987450875998097,0.047380643503352166
26.04,30.0,0.98,0.20839680350814935,0.009873834046026323,0.047379968789397514
26.04,30.0,0.99,0.2083855305304987,0.009873159332071677,0.04737929407544287
26.04,30.0,1.0,0.20837425723177352,0.009872484618117032,0.047378619361488225
