current_a,inlet_temperature_c,streamwise_fraction,air_temperature_c
7.3,10.0,0.0,10.0
7.3,10.0,0.01,10.198789999999974
7.3,10.0,0.02,10.397580000000005
7.3,10.0,0.03,10.596369999999979
7.3,10.0,0.04,10.79516000000001
7.3,10.0,0.05,10.993949999999984
7.3,10.0,0.06,11.192740000000015
7.3,10.0,0.07,11.391529999999989
7.3,10.0,0.08,11.59032000000002
7.3,10.0,0.09,11.789109999999994
7.3,10.0,0.1,11.987900000000025
7.3,10.0,0.11,12.186689999999999
7.3,10.0,0.12,12.38548000000003
7.3,10.0,0.13,12.584270000000004
7.3,10.0,0.14,12.783059999999978
7.3,10.0,0.15,12.981850000000009
7.3,10.0,0.16,13.180639999999983
7.3,10.0,0.17,13.379430000000013
7.3,10.0,0.18,13.578219999999988
7.3,10.0,0.19,13.777010000000018
7.3,10.0,0.2,13.975799999999992
7.3,10.0,0.21,14.174590000000023
7.3,10.0,0.22,14.373379999999997
7.3,10.0,0.23,14.572170000000028
7.3,10.0,0.24,14.770960000000002
7.3,10.0,0.25,14.969749999999976
7.3,10.0,0.26,15.168540000000007
7.3,10.0,0.27,15.367329999999981
7.3,10.0,0.28,15.566120000000012
7.3,10.0,0.29,15.764909999999986
7.3,10.0,0.3,15.963700000000017
7.3,10.0,0.31,16.16248999999999
7.3,10.0,0.32,16.361280000000022
7.3,10.0,0.33,16.560069999999996
7.3,10.0,0.34,16.758860000000027
7.3,10.0,0.35000000000000003,16.95765
7.3,10.0,0.36,17.156440000000032
7.3,10.0,0.37,17.355230000000006
7.3,10.0,0.38,17.55401999999998
7.3,10.0,0.39,17.75281000000001
7.3,10.0,0.4,17.951599999999985
7.3,10.0,0.41000000000000003,18.150390000000016
7.3,10.0,0.42,18.34917999999999
7.3,10.0,0.43,18.54797000000002
7.3,10.0,0.44,18.746759999999995
7.3,10.0,0.45,18.945550000000026
7.3,10.0,0.46,19.14434
7.3,10.0,0.47000000000000003,19.34313000000003
7.3,10.0,0.48,19.541920000000005
7.3,10.0,0.49,19.74070999999998
7.3,10.0,0.5,19.93950000000001
7.3,10.0,0.51,20.138289999999984
7.3,10.0,0.52,20.337080000000014
7.3,10.0,0.53,20.53586999999999
7.3,10.0,0.54,20.73466000000002
7.3,10.0,0.55,20.933449999999993
7.3,10.0,0.56,21.132240000000024
7.3,10.0,0.5700000000000001,21.33103
7.3,10.0,0.58,21.52982000000003
7.3,10.0,0.59,21.728610000000003
7.3,10.0,0.6,21.927400000000034
7.3,10.0,0.61,22.12619000000001
7.3,10.0,0.62,22.324979999999982
7.3,10.0,0.63,22.523770000000013
7.3,10.0,0.64,22.722559999999987
7.3,10.0,0.65,22.921350000000018
7.3,10.0,0.66,23.120139999999992
7.3,10.0,0.67,23.318930000000023
7.3,10.0,0.68,23.517719999999997
7.3,10.0,0.6900000000000001,23.716510000000028
7.3,10.0,0.7000000000000001,23.915300000000002
7.3,10.0,0.71,24.114090000000033
7.3,10.0,0.72,24.312880000000007
7.3,10.0,0.73,24.51166999999998
7.3,10.0,0.74,24.710460000000012
7.3,10.0,0.75,24.909249999999986
7.3,10.0,0.76,25.108040000000017
7.3,10.0,0.77,25.30682999999999
7.3,10.0,0.78,25.50562000000002
7.3,10.0,0.79,25.704409999999996
7.3,10.0,0.8,25.903200000000027
7.3,10.0,0.81,26.10199
7.3,10.0,0.8200000000000001,26.30078000000003
7.3,10.0,0.8300000000000001,26.499570000000006
7.3,10.0,0.84,26.69835999999998
7.3,10.0,0.85,26.89715000000001
7.3,10.0,0.86,27.095939999999985
7.3,10.0,0.87,27.294730000000015
7.3,10.0,0.88,27.49351999999999
7.3,10.0,0.89,27.69231000000002
7.3,10.0,0.9,27.891099999999994
7.3,10.0,0.91,28.089890000000025
7.3,10.0,0.92,28.28868
7.3,10.0,0.93,28.48747000000003
7.3,10.0,0.9400000000000001,28.686260000000004
7.3,10.0,0.9500000000000001,28.885050000000035
7.3,10.0,0.96,29.08384000000001
7.3,10.0,0.97,29.28263000000004
7.3,10.0,0.98,29.481420000000014
7.3,10.0,0.99,29.680209999999988
7.3,10.0,1.0,29.87900000000002
7.3,20.0,0.0,20.0
7.3,20.0,0.01,20.098790000000008
7.3,20.0,0.02,20.197580000000016
7.3,20.0,0.03,20.296370000000024
7.3,20.0,0.04,20.395159999999976
7.3,20.0,0.05,20.493949999999984
7.3,20.0,0.06,20.592739999999992
7.3,20.0,0.07,20.69153
7.3,20.0,0.08,20.79032000000001
7.3,20.0,0.09,20.889110000000016
7.3,20.0,0.1,20.987900000000025
7.3,20.0,0.11,21.086689999999976
7.3,20.0,0.12,21.185479999999984
7.3,20.0,0.13,21.284269999999992
7.3,20.0,0.14,21.38306
7.3,20.0,0.15,21.48185000000001
7.3,20.0,0.16,21.580640000000017
7.3,20.0,0.17,21.679430000000025
7.3,20.0,0.18,21.778219999999976
7.3,20.0,0.19,21.877009999999984
7.3,20.0,0.2,21.975799999999992
7.3,20.0,0.21,22.07459
7.3,20.0,0.22,22.17338000000001
7.3,20.0,0.23,22.272170000000017
7.3,20.0,0.24,22.370960000000025
7.3,20.0,0.25,22.469750000000033
7.3,20.0,0.26,22.568539999999985
7.3,20.0,0.27,22.667329999999993
7.3,20.0,0.28,22.76612
7.3,20.0,0.29,22.86491000000001
7.3,20.0,0.3,22.963700000000017
7.3,20.0,0.31,23.062490000000025
7.3,20.0,0.32,23.161280000000033
7.3,20.0,0.33,23.260069999999985
7.3,20.0,0.34,23.358859999999993
7.3,20.0,0.35000000000000003,23.45765
7.3,20.0,0.36,23.55644000000001
7.3,20.0,0.37,23.655230000000017
7.3,20.0,0.38,23.754020000000025
7.3,20.0,0.39,23.852810000000034
7.3,20.0,0.4,23.951599999999985
7.3,20.0,0.41000000000000003,24.050389999999993
7.3,20.0,0.42,24.14918
7.3,20.0,0.43,24.24797000000001
7.3,20.0,0.44,24.346760000000017
7.3,20.0,0.45,24.445550000000026
7.3,20.0,0.46,24.544340000000034
7.3,20.0,0.47000000000000003,24.643129999999985
7.3,20.0,0.48,24.741919999999993
7.3,20.0,0.49,24.84071
7.3,20.0,0.5,24.93950000000001
7.3,20.0,0.51,25.038290000000018
7.3,20.0,0.52,25.137080000000026
7.3,20.0,0.53,25.235870000000034
7.3,20.0,0.54,25.334659999999985
7.3,20.0,0.55,25.433449999999993
7.3,20.0,0.56,25.53224
7.3,20.0,0.5700000000000001,25.63103000000001
7.3,20.0,0.58,25.729820000000018
7.3,20.0,0.59,25.828610000000026
7.3,20.0,0.6,25.927400000000034
7.3,20.0,0.61,26.026190000000042
7.3,20.0,0.62,26.124979999999994
7.3,20.0,0.63,26.223770000000002
7.3,20.0,0.64,26.32256000000001
7.3,20.0,0.65,26.421350000000018
7.3,20.0,0.66,26.520140000000026
7.3,20.0,0.67,26.618930000000034
7.3,20.0,0.68,26.717720000000043
7.3,20.0,0.6900000000000001,26.816509999999994
7.3,20.0,0.7000000000000001,26.915300000000002
7.3,20.0,0.71,27.01409000000001
7.3,20.0,0.72,27.11288000000002
7.3,20.0,0.73,27.211670000000026
7.3,20.0,0.74,27.310460000000035
7.3,20.0,0.75,27.409250000000043
7.3,20.0,0.76,27.508039999999994
7.3,20.0,0.77,27.606830000000002
7.3,20.0,0.78,27.70562000000001
7.3,20.0,0.79,27.80441000000002
7.3,20.0,0.8,27.903200000000027
7.3,20.0,0.81,28.001990000000035
7.3,20.0,0.8200000000000001,28.100780000000043
7.3,20.0,0.8300000000000001,28.199569999999994
7.3,20.0,0.84,28.298360000000002
7.3,20.0,0.85,28.39715000000001
7.3,20.0,0.86,28.49594000000002
7.3,20.0,0.87,28.594730000000027
7.3,20.0,0.88,28.693520000000035
7.3,20.0,0.89,28.792310000000043
7.3,20.0,0.9,28.891099999999994
7.3,20.0,0.91,28.989890000000003
7.3,20.0,0.92,29.08868000000001
7.3,20.0,0.93,29.18747000000002
7.3,20.0,0.9400000000000001,29.286260000000027
7.3,20.0,0.9500000000000001,29.385050000000035
7.3,20.0,0.96,29.483840000000043
7.3,20.0,0.97,29.582629999999995
7.3,20.0,0.98,29.681420000000003
7.3,20.0,0.99,29.78021000000001
7.3,20.0,1.0,29.87900000000002
14.5,10.0,0.0,10.0
14.5,10.0,0.01,10.236949999999979
14.5,10.0,0.02,10.473900000000015
14.5,10.0,0.03,10.710849999999994
14.5,10.0,0.04,10.947799999999972
14.5,10.0,0.05,11.184750000000008
14.5,10.0,0.06,11.421699999999987
14.5,10.0,0.07,11.658650000000023
14.5,10.0,0.08,11.895600000000002
14.5,10.0,0.09,12.13254999999998
14.5,10.0,0.1,12.369500000000016
14.5,10.0,0.11,12.606449999999995
14.5,10.0,0.12,12.843399999999974
14.5,10.0,0.13,13.08035000000001
14.5,10.0,0.14,13.317299999999989
14.5,10.0,0.15,13.554250000000025
14.5,10.0,0.16,13.791200000000003
14.5,10.0,0.17,14.028149999999982
14.5,10.0,0.18,14.265100000000018
14.5,10.0,0.19,14.502049999999997
14.5,10.0,0.2,14.738999999999976
14.5,10.0,0.21,14.975950000000012
14.5,10.0,0.22,15.21289999999999
14.5,10.0,0.23,15.449850000000026
14.5,10.0,0.24,15.686800000000005
14.5,10.0,0.25,15.923749999999984
14.5,10.0,0.26,16.16070000000002
14.5,10.0,0.27,16.39765
14.5,10.0,0.28,16.634599999999978
14.5,10.0,0.29,16.871550000000013
14.5,10.0,0.3,17.108499999999992
14.5,10.0,0.31,17.345450000000028
14.5,10.0,0.32,17.582400000000007
14.5,10.0,0.33,17.819349999999986
14.5,10.0,0.34,18.05630000000002
14.5,10.0,0.35000000000000003,18.29325
14.5,10.0,0.36,18.53019999999998
14.5,10.0,0.37,18.767150000000015
14.5,10.0,0.38,19.004099999999994
14.5,10.0,0.39,19.241049999999973
14.5,10.0,0.4,19.47800000000001
14.5,10.0,0.41000000000000003,19.714949999999988
14.5,10.0,0.42,19.951900000000023
14.5,10.0,0.43,20.188850000000002
14.5,10.0,0.44,20.42579999999998
14.5,10.0,0.45,20.662750000000017
14.5,10.0,0.46,20.899699999999996
14.5,10.0,0.47000000000000003,21.136649999999975
14.5,10.0,0.48,21.37360000000001
14.5,10.0,0.49,21.61054999999999
14.5,10.0,0.5,21.847500000000025
14.5,10.0,0.51,22.084450000000004
14.5,10.0,0.52,22.321399999999983
14.5,10.0,0.53,22.55835000000002
14.5,10.0,0.54,22.795299999999997
14.5,10.0,0.55,23.032249999999976
14.5,10.0,0.56,23.269200000000012
14.5,10.0,0.5700000000000001,23.50614999999999
14.5,10.0,0.58,23.743100000000027
14.5,10.0,0.59,23.980050000000006
14.5,10.0,0.6,24.216999999999985
14.5,10.0,0.61,24.45395000000002
14.5,10.0,0.62,24.6909
14.5,10.0,0.63,24.927849999999978
14.5,10.0,0.64,25.164800000000014
14.5,10.0,0.65,25.401749999999993
14.5,10.0,0.66,25.63869999999997
14.5,10.0,0.67,25.875650000000007
14.5,10.0,0.68,26.112599999999986
14.5,10.0,0.6900000000000001,26.349550000000022
14.5,10.0,0.7000000000000001,26.5865
14.5,10.0,0.71,26.82344999999998
14.5,10.0,0.72,27.060400000000016
14.5,10.0,0.73,27.297349999999994
14.5,10.0,0.74,27.53430000000003
14.5,10.0,0.75,27.77125000000001
14.5,10.0,0.76,28.008199999999988
14.5,10.0,0.77,28.245150000000024
14.5,10.0,0.78,28.482100000000003
14.5,10.0,0.79,28.71904999999998
14.5,10.0,0.8,28.956000000000017
14.5,10.0,0.81,29.192949999999996
14.5,10.0,0.8200000000000001,29.429899999999975
14.5,10.0,0.8300000000000001,29.66685000000001
14.5,10.0,0.84,29.90379999999999
14.5,10.0,0.85,30.140750000000025
14.5,10.0,0.86,30.377700000000004
14.5,10.0,0.87,30.614649999999983
14.5,10.0,0.88,30.85160000000002
14.5,10.0,0.89,31.088549999999998
14.5,10.0,0.9,31.325499999999977
14.5,10.0,0.91,31.562450000000013
14.5,10.0,0.92,31.79939999999999
14.5,10.0,0.93,32.03635000000003
14.5,10.0,0.9400000000000001,32.273300000000006
14.5,10.0,0.9500000000000001,32.510249999999985
14.5,10.0,0.96,32.74720000000002
14.5,10.0,0.97,32.98415
14.5,10.0,0.98,33.22109999999998
14.5,10.0,0.99,33.458050000000014
14.5,10.0,1.0,33.69499999999999
14.5,20.0,0.0,20.0
14.5,20.0,0.01,20.136950000000013
14.5,20.0,0.02,20.273900000000026
14.5,20.0,0.03,20.410849999999982
14.5,20.0,0.04,20.547799999999995
14.5,20.0,0.05,20.684750000000008
14.5,20.0,0.06,20.82170000000002
14.5,20.0,0.07,20.958649999999977
14.5,20.0,0.08,21.09559999999999
14.5,20.0,0.09,21.232550000000003
14.5,20.0,0.1,21.369500000000016
14.5,20.0,0.11,21.506449999999973
14.5,20.0,0.12,21.643399999999986
14.5,20.0,0.13,21.78035
14.5,20.0,0.14,21.91730000000001
14.5,20.0,0.15,22.054250000000025
14.5,20.0,0.16,22.19119999999998
14.5,20.0,0.17,22.328149999999994
14.5,20.0,0.18,22.465100000000007
14.5,20.0,0.19,22.60205000000002
14.5,20.0,0.2,22.738999999999976
14.5,20.0,0.21,22.87594999999999
14.5,20.0,0.22,23.012900000000002
14.5,20.0,0.23,23.149850000000015
14.5,20.0,0.24,23.28679999999997
14.5,20.0,0.25,23.423749999999984
14.5,20.0,0.26,23.560699999999997
14.5,20.0,0.27,23.69765000000001
14.5,20.0,0.28,23.834600000000023
14.5,20.0,0.29,23.97154999999998
14.5,20.0,0.3,24.108499999999992
14.5,20.0,0.31,24.245450000000005
14.5,20.0,0.32,24.38240000000002
14.5,20.0,0.33,24.519349999999974
14.5,20.0,0.34,24.656299999999987
14.5,20.0,0.35000000000000003,24.79325
14.5,20.0,0.36,24.930200000000013
14.5,20.0,0.37,25.06714999999997
14.5,20.0,0.38,25.204099999999983
14.5,20.0,0.39,25.341049999999996
14.5,20.0,0.4,25.47800000000001
14.5,20.0,0.41000000000000003,25.61495000000002
14.5,20.0,0.42,25.751899999999978
14.5,20.0,0.43,25.88884999999999
14.5,20.0,0.44,26.025800000000004
14.5,20.0,0.45,26.162750000000017
14.5,20.0,0.46,26.299699999999973
14.5,20.0,0.47000000000000003,26.436649999999986
14.5,20.0,0.48,26.5736
14.5,20.0,0.49,26.710550000000012
14.5,20.0,0.5,26.847499999999968
14.5,20.0,0.51,26.98444999999998
14.5,20.0,0.52,27.121399999999994
14.5,20.0,0.53,27.258350000000007
14.5,20.0,0.54,27.39530000000002
14.5,20.0,0.55,27.532249999999976
14.5,20.0,0.56,27.66919999999999
14.5,20.0,0.5700000000000001,27.806150000000002
14.5,20.0,0.58,27.943100000000015
14.5,20.0,0.59,28.08004999999997
14.5,20.0,0.6,28.216999999999985
14.5,20.0,0.61,28.353949999999998
14.5,20.0,0.62,28.49090000000001
14.5,20.0,0.63,28.627849999999967
14.5,20.0,0.64,28.76479999999998
14.5,20.0,0.65,28.901749999999993
14.5,20.0,0.66,29.038700000000006
14.5,20.0,0.67,29.17565000000002
14.5,20.0,0.68,29.312599999999975
14.5,20.0,0.6900000000000001,29.449549999999988
14.5,20.0,0.7000000000000001,29.5865
14.5,20.0,0.71,29.723450000000014
14.5,20.0,0.72,29.86039999999997
14.5,20.0,0.73,29.997349999999983
14.5,20.0,0.74,30.134299999999996
14.5,20.0,0.75,30.27125000000001
14.5,20.0,0.76,30.408199999999965
14.5,20.0,0.77,30.54514999999998
14.5,20.0,0.78,30.68209999999999
14.5,20.0,0.79,30.819050000000004
14.5,20.0,0.8,30.956000000000017
14.5,20.0,0.81,31.092949999999973
14.5,20.0,0.8200000000000001,31.229899999999986
14.5,20.0,0.8300000000000001,31.36685
14.5,20.0,0.84,31.503800000000012
14.5,20.0,0.85,31.64074999999997
14.5,20.0,0.86,31.77769999999998
14.5,20.0,0.87,31.914649999999995
14.5,20.0,0.88,32.05160000000001
14.5,20.0,0.89,32.188549999999964
14.5,20.0,0.9,32.32549999999998
14.5,20.0,0.91,32.46244999999999
14.5,20.0,0.92,32.5994
14.5,20.0,0.93,32.736350000000016
14.5,20.0,0.9400000000000001,32.87329999999997
14.5,20.0,0.9500000000000001,33.010249999999985
14.5,20.0,0.96,33.1472
14.5,20.0,0.97,33.28415000000001
14.5,20.0,0.98,33.42109999999997
14.5,20.0,0.99,33.55804999999998
14.5,20.0,1.0,33.69499999999999
14.5,30.0,0.0,30.0
14.5,30.0,0.01,30.03694999999999
14.5,30.0,0.02,30.07389999999998
14.5,30.0,0.03,30.110850000000028
14.5,30.0,0.04,30.147800000000018
14.5,30.0,0.05,30.184750000000008
14.5,30.0,0.06,30.2217
14.5,30.0,0.07,30.25864999999999
14.5,30.0,0.08,30.29559999999998
14.5,30.0,0.09,30.332550000000026
14.5,30.0,0.1,30.369500000000016
14.5,30.0,0.11,30.406450000000007
14.5,30.0,0.12,30.443399999999997
14.5,30.0,0.13,30.480349999999987
14.5,30.0,0.14,30.517299999999977
14.5,30.0,0.15,30.554250000000025
14.5,30.0,0.16,30.591200000000015
14.5,30.0,0.17,30.628150000000005
14.5,30.0,0.18,30.665099999999995
14.5,30.0,0.19,30.702049999999986
14.5,30.0,0.2,30.738999999999976
14.5,30.0,0.21,30.775950000000023
14.5,30.0,0.22,30.812900000000013
14.5,30.0,0.23,30.849850000000004
14.5,30.0,0.24,30.886799999999994
14.5,30.0,0.25,30.923749999999984
14.5,30.0,0.26,30.960699999999974
14.5,30.0,0.27,30.99765000000002
14.5,30.0,0.28,31.03460000000001
14.5,30.0,0.29,31.071550000000002
14.5,30.0,0.3,31.108499999999992
14.5,30.0,0.31,31.145449999999983
14.5,30.0,0.32,31.182399999999973
14.5,30.0,0.33,31.21935000000002
14.5,30.0,0.34,31.25630000000001
14.5,30.0,0.35000000000000003,31.29325
14.5,30.0,0.36,31.33019999999999
14.5,30.0,0.37,31.36714999999998
14.5,30.0,0.38,31.40409999999997
14.5,30.0,0.39,31.44105000000002
14.5,30.0,0.4,31.47800000000001
14.5,30.0,0.41000000000000003,31.51495
14.5,30.0,0.42,31.55189999999999
14.5,30.0,0.43,31.58884999999998
14.5,30.0,0.44,31.62579999999997
14.5,30.0,0.45,31.662750000000017
14.5,30.0,0.46,31.699700000000007
14.5,30.0,0.47000000000000003,31.736649999999997
14.5,30.0,0.48,31.773599999999988
14.5,30.0,0.49,31.810549999999978
14.5,30.0,0.5,31.847499999999968
14.5,30.0,0.51,31.884450000000015
14.5,30.0,0.52,31.921400000000006
14.5,30.0,0.53,31.958349999999996
14.5,30.0,0.54,31.995299999999986
14.5,30.0,0.55,32.032249999999976
14.5,30.0,0.56,32.06920000000002
14.5,30.0,0.5700000000000001,32.106150000000014
14.5,30.0,0.58,32.143100000000004
14.5,30.0,0.59,32.180049999999994
14.5,30.0,0.6,32.216999999999985
14.5,30.0,0.61,32.253949999999975
14.5,30.0,0.62,32.29090000000002
14.5,30.0,0.63,32.32785000000001
14.5,30.0,0.64,32.3648
14.5,30.0,0.65,32.40174999999999
14.5,30.0,0.66,32.43869999999998
14.5,30.0,0.67,32.47564999999997
14.5,30.0,0.68,32.51260000000002
14.5,30.0,0.6900000000000001,32.54955000000001
14.5,30.0,0.7000000000000001,32.5865
14.5,30.0,0.71,32.62344999999999
14.5,30.0,0.72,32.66039999999998
14.5,30.0,0.73,32.69734999999997
14.5,30.0,0.74,32.73430000000002
14.5,30.0,0.75,32.77125000000001
14.5,30.0,0.76,32.8082
14.5,30.0,0.77,32.84514999999999
14.5,30.0,0.78,32.88209999999998
14.5,30.0,0.79,32.91904999999997
14.5,30.0,0.8,32.95600000000002
14.5,30.0,0.81,32.99295000000001
14.5,30.0,0.8200000000000001,33.0299
14.5,30.0,0.8300000000000001,33.06684999999999
14.5,30.0,0.84,33.10379999999998
14.5,30.0,0.85,33.14074999999997
14.5,30.0,0.86,33.177700000000016
14.5,30.0,0.87,33.214650000000006
14.5,30.0,0.88,33.251599999999996
14.5,30.0,0.89,33.28854999999999
14.5,30.0,0.9,33.32549999999998
14.5,30.0,0.91,33.36244999999997
14.5,30.0,0.92,33.399400000000014
14.5,30.0,0.93,33.436350000000004
14.5,30.0,0.9400000000000001,33.473299999999995
14.5,30.0,0.9500000000000001,33.510249999999985
14.5,30.0,0.96,33.547199999999975
14.5,30.0,0.97,33.584149999999966
14.5,30.0,0.98,33.62110000000001
14.5,30.0,0.99,33.65805
14.5,30.0,1.0,33.69499999999999
26.04,10.0,0.0,10.0
26.04,10.0,0.01,10.289650384804133
26.04,10.0,0.02,10.579300769608267
26.04,10.0,0.03,10.8689511544124
26.04,10.0,0.04,11.158601539216534
26.04,10.0,0.05,11.44825192402061
26.04,10.0,0.06,11.737902308824744
26.04,10.0,0.07,12.027552693628877
26.04,10.0,0.08,12.31720307843301
26.04,10.0,0.09,12.606853463237144
26.04,10.0,0.1,12.896503848041277
26.04,10.0,0.11,13.18615423284541
26.04,10.0,0.12,13.475804617649544
26.04,10.0,0.13,13.765455002453677
26.04,10.0,0.14,14.055105387257754
26.04,10.0,0.15,14.344755772061887
26.04,10.0,0.16,14.63440615686602
26.04,10.0,0.17,14.924056541670154
26.04,10.0,0.18,15.213706926474288
26.04,10.0,0.19,15.503357311278421
26.04,10.0,0.2,15.793007696082555
26.04,10.0,0.21,16.082658080886688
26.04,10.0,0.22,16.372308465690764
26.04,10.0,0.23,16.661958850494898
26.04,10.0,0.24,16.95160923529903
26.04,10.0,0.25,17.241259620103165
26.04,10.0,0.26,17.530910004907298
26.04,10.0,0.27,17.82056038971143
26.04,10.0,0.28,18.110210774515565
26.04,10.0,0.29,18.3998611593197
26.04,10.0,0.3,18.68951154412383
26.04,10.0,0.31,18.97916192892791
26.04,10.0,0.32,19.26881231373204
26.04,10.0,0.33,19.558462698536175
26.04,10.0,0.34,19.84811308334031
26.04,10.0,0.35000000000000003,20.137763468144442
26.04,10.0,0.36,20.427413852948575
26.04,10.0,0.37,20.71706423775271
26.04,10.0,0.38,21.006714622556842
26.04,10.0,0.39,21.29636500736092
26.04,10.0,0.4,21.586015392165052
26.04,10.0,0.41000000000000003,21.875665776969186
26.04,10.0,0.42,22.16531616177332
26.04,10.0,0.43,22.454966546577452
26.04,10.0,0.44,22.744616931381586
26.04,10.0,0.45,23.03426731618572
26.04,10.0,0.46,23.323917700989853
26.04,10.0,0.47000000000000003,23.613568085793986
26.04,10.0,0.48,23.903218470598063
26.04,10.0,0.49,24.192868855402196
26.04,10.0,0.5,24.48251924020633
26.04,10.0,0.51,24.772169625010463
26.04,10.0,0.52,25.061820009814596
26.04,10.0,0.53,25.35147039461873
26.04,10.0,0.54,25.641120779422863
26.04,10.0,0.55,25.930771164226996
26.04,10.0,0.56,26.22042154903113
26.04,10.0,0.5700000000000001,26.510071933835206
26.04,10.0,0.58,26.79972231863934
26.04,10.0,0.59,27.089372703443473
26.04,10.0,0.6,27.379023088247607
26.04,10.0,0.61,27.66867347305174
26.04,10.0,0.62,27.958323857855873
26.04,10.0,0.63,28.247974242660007
26.04,10.0,0.64,28.53762462746414
26.04,10.0,0.65,28.827275012268274
26.04,10.0,0.66,29.11692539707235
26.04,10.0,0.67,29.406575781876484
26.04,10.0,0.68,29.696226166680617
26.04,10.0,0.6900000000000001,29.98587655148475
26.04,10.0,0.7000000000000001,30.275526936288884
26.04,10.0,0.71,30.565177321093017
26.04,10.0,0.72,30.85482770589715
26.04,10.0,0.73,31.144478090701284
26.04,10.0,0.74,31.43412847550536
26.04,10.0,0.75,31.723778860309494
26.04,10.0,0.76,32.01342924511363
26.04,10.0,0.77,32.30307962991776
26.04,10.0,0.78,32.592730014721894
26.04,10.0,0.79,32.88238039952603
26.04,10.0,0.8,33.17203078433016
26.04,10.0,0.81,33.461681169134295
26.04,10.0,0.8200000000000001,33.75133155393843
26.04,10.0,0.8300000000000001,34.040981938742505
26.04,10.0,0.84,34.33063232354664
26.04,10.0,0.85,34.62028270835077
26.04,10.0,0.86,34.909933093154905
26.04,10.0,0.87,35.19958347795904
26.04,10.0,0.88,35.48923386276317
26.04,10.0,0.89,35.778884247567305
26.04,10.0,0.9,36.06853463237144
26.04,10.0,0.91,36.358185017175515
26.04,10.0,0.92,36.64783540197965
26.04,10.0,0.93,36.93748578678378
26.04,10.0,0.9400000000000001,37.227136171587915
26.04,10.0,0.9500000000000001,37.51678655639205
26.04,10.0,0.96,37.80643694119618
26.04,10.0,0.97,38.096087326000315
26.04,10.0,0.98,38.38573771080445
26.04,10.0,0.99,38.67538809560858
26.04,10.0,1.0,38.96503848041266
26.04,20.0,0.0,20.0
26.04,20.0,0.01,20.19811199999998
26.04,20.0,0.02,20.396224000000018
26.04,20.0,0.03,20.594336
26.04,20.0,0.04,20.79244799999998
26.04,20.0,0.05,20.990560000000016
26.04,20.0,0.06,21.188671999999997
26.04,20.0,0.07,21.386783999999977
26.04,20.0,0.08,21.584896000000015
26.04,20.0,0.09,21.783007999999995
26.04,20.0,0.1,21.981119999999976
26.04,20.0,0.11,22.179232000000013
26.04,20.0,0.12,22.377343999999994
26.04,20.0,0.13,22.575455999999974
26.04,20.0,0.14,22.77356800000001
26.04,20.0,0.15,22.971679999999992
26.04,20.0,0.16,23.169791999999973
26.04,20.0,0.17,23.36790400000001
26.04,20.0,0.18,23.56601599999999
26.04,20.0,0.19,23.76412799999997
26.04,20.0,0.2,23.96224000000001
26.04,20.0,0.21,24.16035199999999
26.04,20.0,0.22,24.35846399999997
26.04,20.0,0.23,24.556576000000007
26.04,20.0,0.24,24.754687999999987
26.04,20.0,0.25,24.952799999999968
26.04,20.0,0.26,25.150912000000005
26.04,20.0,0.27,25.349023999999986
26.04,20.0,0.28,25.547136000000023
26.04,20.0,0.29,25.745248000000004
26.04,20.0,0.3,25.943359999999984
26.04,20.0,0.31,26.14147200000002
26.04,20.0,0.32,26.339584000000002
26.04,20.0,0.33,26.537695999999983
26.04,20.0,0.34,26.73580800000002
26.04,20.0,0.35000000000000003,26.93392
26.04,20.0,0.36,27.13203199999998
26.04,20.0,0.37,27.33014400000002
26.04,20.0,0.38,27.528256
26.04,20.0,0.39,27.72636799999998
26.04,20.0,0.4,27.924480000000017
26.04,20.0,0.41000000000000003,28.122591999999997
26.04,20.0,0.42,28.320703999999978
26.04,20.0,0.43,28.518816000000015
26.04,20.0,0.44,28.716927999999996
26.04,20.0,0.45,28.915039999999976
26.04,20.0,0.46,29.113152000000014
26.04,20.0,0.47000000000000003,29.311263999999994
26.04,20.0,0.48,29.509375999999975
26.04,20.0,0.49,29.707488000000012
26.04,20.0,0.5,29.905599999999993
26.04,20.0,0.51,30.103711999999973
26.04,20.0,0.52,30.30182400000001
26.04,20.0,0.53,30.49993599999999
26.04,20.0,0.54,30.69804799999997
26.04,20.0,0.55,30.89616000000001
26.04,20.0,0.56,31.09427199999999
26.04,20.0,0.5700000000000001,31.29238399999997
26.04,20.0,0.58,31.490496000000007
26.04,20.0,0.59,31.688607999999988
26.04,20.0,0.6,31.88671999999997
26.04,20.0,0.61,32.084832000000006
26.04,20.0,0.62,32.282943999999986
26.04,20.0,0.63,32.48105599999997
26.04,20.0,0.64,32.679168000000004
26.04,20.0,0.65,32.877279999999985
26.04,20.0,0.66,33.075391999999965
26.04,20.0,0.67,33.273504
26.04,20.0,0.68,33.47161599999998
26.04,20.0,0.6900000000000001,33.669727999999964
26.04,20.0,0.7000000000000001,33.86784
26.04,20.0,0.71,34.06595199999998
26.04,20.0,0.72,34.26406399999996
26.04,20.0,0.73,34.462176
26.04,20.0,0.74,34.66028799999998
26.04,20.0,0.75,34.85839999999996
26.04,20.0,0.76,35.056512
26.04,20.0,0.77,35.25462399999998
26.04,20.0,0.78,35.45273599999996
26.04,20.0,0.79,35.650847999999996
26.04,20.0,0.8,35.84895999999998
26.04,20.0,0.81,36.04707199999996
26.04,20.0,0.8200000000000001,36.245183999999995
26.04,20.0,0.8300000000000001,36.443295999999975
26.04,20.0,0.84,36.641407999999956
26.04,20.0,0.85,36.83951999999999
26.04,20.0,0.86,37.037631999999974
26.04,20.0,0.87,37.235743999999954
26.04,20.0,0.88,37.43385599999999
26.04,20.0,0.89,37.63196799999997
26.04,20.0,0.9,37.83008000000001
26.04,20.0,0.91,38.02819199999999
26.04,20.0,0.92,38.22630399999997
26.04,20.0,0.93,38.42441600000001
26.04,20.0,0.9400000000000001,38.62252799999999
26.04,20.0,0.9500000000000001,38.82063999999997
26.04,20.0,0.96,39.018752000000006
26.04,20.0,0.97,39.21686399999999
26.04,20.0,0.98,39.41497599999997
26.04,20.0,0.99,39.613088000000005
26.04,20.0,1.0,39.811199999999985
26.04,30.0,0.0,30.0
26.04,30.0,0.01,30.098112000000015
26.04,30.0,0.02,30.196223999999972
26.04,30.0,0.03,30.294335999999987
26.04,30.0,0.04,30.392448
26.04,30.0,0.05,30.490560000000016
26.04,30.0,0.06,30.588671999999974
26.04,30.0,0.07,30.68678399999999
26.04,30.0,0.08,30.784896000000003
26.04,30.0,0.09,30.883008000000018
26.04,30.0,0.1,30.981119999999976
26.04,30.0,0.11,31.07923199999999
26.04,30.0,0.12,31.177344000000005
26.04,30.0,0.13,31.27545600000002
26.04,30.0,0.14,31.373567999999977
26.04,30.0,0.15,31.471679999999992
26.04,30.0,0.16,31.569792000000007
26.04,30.0,0.17,31.66790400000002
26.04,30.0,0.18,31.76601599999998
26.04,30.0,0.19,31.864127999999994
26.04,30.0,0.2,31.96224000000001
26.04,30.0,0.21,32.06035200000002
26.04,30.0,0.22,32.15846399999998
26.04,30.0,0.23,32.256575999999995
26.04,30.0,0.24,32.35468800000001
26.04,30.0,0.25,32.452800000000025
26.04,30.0,0.26,32.55091199999998
26.04,30.0,0.27,32.649024
26.04,30.0,0.28,32.74713600000001
26.04,30.0,0.29,32.84524799999997
26.04,30.0,0.3,32.943359999999984
26.04,30.0,0.31,33.041472
26.04,30.0,0.32,33.13958400000001
26.04,30.0,0.33,33.23769599999997
26.04,30.0,0.34,33.335807999999986
26.04,30.0,0.35000000000000003,33.43392
26.04,30.0,0.36,33.532032000000015
26.04,30.0,0.37,33.63014399999997
26.04,30.0,0.38,33.72825599999999
26.04,30.0,0.39,33.826368
26.04,30.0,0.4,33.92448000000002
26.04,30.0,0.41000000000000003,34.022591999999975
26.04,30.0,0.42,34.12070399999999
26.04,30.0,0.43,34.218816000000004
26.04,30.0,0.44,34.31692800000002
26.04,30.0,0.45,34.415039999999976
26.04,30.0,0.46,34.51315199999999
26.04,30.0,0.47000000000000003,34.611264000000006
26.04,30.0,0.48,34.70937600000002
26.04,30.0,0.49,34.80748799999998
26.04,30.0,0.5,34.90559999999999
26.04,30.0,0.51,35.00371200000001
26.04,30.0,0.52,35.101823999999965
26.04,30.0,0.53,35.19993599999998
26.04,30.0,0.54,35.298047999999994
26.04,30.0,0.55,35.39616000000001
26.04,30.0,0.56,35.49427199999997
26.04,30.0,0.5700000000000001,35.59238399999998
26.04,30.0,0.58,35.690495999999996
26.04,30.0,0.59,35.78860800000001
26.04,30.0,0.6,35.88671999999997
26.04,30.0,0.61,35.98483199999998
26.04,30.0,0.62,36.082944
26.04,30.0,0.63,36.18105600000001
26.04,30.0,0.64,36.27916799999997
26.04,30.0,0.65,36.377279999999985
26.04,30.0,0.66,36.475392
26.04,30.0,0.67,36.573504000000014
26.04,30.0,0.68,36.67161599999997
26.04,30.0,0.6900000000000001,36.769727999999986
26.04,30.0,0.7000000000000001,36.86784
26.04,30.0,0.71,36.965952000000016
26.04,30.0,0.72,37.06406399999997
26.04,30.0,0.73,37.16217599999999
26.04,30.0,0.74,37.260288
26.04,30.0,0.75,37.35839999999996
26.04,30.0,0.76,37.456511999999975
26.04,30.0,0.77,37.55462399999999
26.04,30.0,0.78,37.652736000000004
26.04,30.0,0.79,37.75084799999996
26.04,30.0,0.8,37.84895999999998
26.04,30.0,0.81,37.94707199999999
26.04,30.0,0.8200000000000001,38.045184000000006
26.04,30.0,0.8300000000000001,38.143295999999964
26.04,30.0,0.84,38.24140799999998
26.04,30.0,0.85,38.33951999999999
26.04,30.0,0.86,38.43763200000001
26.04,30.0,0.87,38.535743999999966
26.04,30.0,0.88,38.63385599999998
26.04,30.0,0.89,38.731967999999995
26.04,30.0,0.9,38.83008000000001
26.04,30.0,0.91,38.92819199999997
26.04,30.0,0.92,39.02630399999998
26.04,30.0,0.93,39.124416
26.04,30.0,0.9400000000000001,39.22252800000001
26.04,30.0,0.9500000000000001,39.32063999999997
26.04,30.0,0.96,39.418751999999984
26.04,30.0,0.97,39.516864
26.04,30.0,0.98,39.61497600000001
26.04,30.0,0.99,39.71308799999997
26.04,30.0,1.0,39.811199999999985
