max_dt,time_s,mean_current_density_a_m2,j_xi_0_a_m2,j_xi_05_a_m2,j_xi_1_a_m2
2e-06,0.0,2318.671277220707,2436.64844993533,2302.639975234499,2264.8193124509153
2e-06,9.999999999999991e-05,2294.5501812255347,2410.4134410988445,2278.809909822339,2241.64800696501
2e-06,0.00019999999999999963,2278.988772128745,2393.6195910852957,2263.4178011356043,2226.6418371447576
2e-06,0.0002999999999999994,2260.340701809809,2373.7113978187404,2244.942233413963,2208.563879384262
2e-06,0.0003999999999999991,2240.6268416904754,2352.7527661712666,2225.398492000808,2189.414315968355
2e-06,0.0004999999999999991,2221.846382940507,2332.8318548988323,2206.7737375070355,2171.151492716068
2e-06,0.0006000000000000016,2204.752439781981,2314.7304057687543,2189.8172379750513,2154.515281022929
2e-06,0.000700000000000004,2189.4780667986665,2298.5787493368116,2174.6624595794256,2139.6398131374845
2e-06,0.0008000000000000064,2175.915740333882,2284.2553145429088,2161.2038240241473,2126.4238313637943
2e-06,0.0009000000000000089,2163.8833619803295,2271.5615080015123,2149.26150458178,2114.6926455533453
2e-06,0.0010000000000000113,2153.190487640502,2260.2913693057403,2138.6471896346707,2104.2627979985878
2e-06,0.0011000000000000137,2143.6622140086406,2250.2565410082802,2129.1878226597655,2094.9654524045004
2e-06,0.0012000000000000162,2135.145765072941,2241.2929900758368,2120.732171338687,2086.6529150070596
2e-06,0.0013000000000000186,2127.5103640969137,2233.260666063715,2113.1507295210617,2079.1986004335195
2e-06,0.001400000000000021,2120.6448002253933,2226.0407567719926,2106.333326898904,2072.4947369847528
2e-06,0.0015000000000000234,2114.45447899817,2219.532431209789,2100.186221984146,2066.4495548426476
2e-06,0.0016000000000000259,2108.8586379440844,2213.649786479667,2094.62935475156,2060.984622178598
2e-06,0.0017000000000000283,2103.7879448987624,2208.3192242413415,2089.593975517402,2056.032543081622
2e-06,0.0018000000000000307,2099.1825091386922,2203.477284003667,2085.0206805544826,2051.535048610556
2e-06,0.0019000000000000332,2094.990265863637,2199.068887315918,2080.8578158742207,2047.4414443690223
2e-06,0.0020000000000000304,2091.165674708908,2195.045926530927,2077.060190826858,2043.7073584150894
2e-06,0.002100000000000022,2087.668673141879,2191.3661326452047,2073.5880432518397,2040.2937331987087
2e-06,0.0022000000000000136,2084.463832938492,2187.992165078248,2070.406205110033,2037.166012112573
2e-06,0.002300000000000005,2081.519676980579,2184.8908763521636,2067.4834264297842,2034.293479812173
2e-06,0.0023999999999999968,2078.808122176518,2182.0327141110392,2064.7918238321727,2031.6487236193777
2e-06,0.0024999999999999883,2076.304021642892,2179.3912310219957,2062.3064271316084,2029.207190308924
2e-06,0.00259999999999998,2073.984785271275,2176.9426797053925,2060.004803407722,2026.946818291368
2e-06,0.0026999999999999715,2071.8300625446045,2174.6656750528296,2057.8667426204206,2024.8477297331158
2e-06,0.002799999999999963,2069.8214751719656,2172.540910380293,2055.8739924917054,2022.891970684681
2e-06,0.0028999999999999547,2067.942389975651,2170.5509170024943,2054.0100332034826,2021.0632900374815
2e-06,0.0029999999999999463,2066.1777246625225,2168.6798592405275,2052.2598846291858,2019.3469502178632
2e-06,0.003099999999999938,2064.5137808147188,2166.913358744185,2050.6099404964066,2017.7295641585006
2e-06,0.0031999999999999295,2062.938099737046,2165.238343445928,2049.0478251604973,2016.1989543343589
2e-06,0.003299999999999921,2061.43933782961,2163.64291760339,2047.5622696870034,2014.744030626256
2e-06,0.0033999999999999126,2060.0071589582585,2162.116250280849,2046.1430047310012,2013.3546845446976
2e-06,0.0034999999999999042,2058.632141957313,2160.6484803616036,2044.78066835218,2012.0216979735542
2e-06,0.003599999999999896,2057.3057019595217,2159.230636823801,2043.4667274548171,2010.7366651140605
2e-06,0.0036999999999998874,2056.020024739533,2157.854573585784,2042.19341201946,2009.491926773573
2e-06,0.003799999999999879,2054.768013731326,2156.512918788638,2040.9536617560696,2008.2805165750397
2e-06,0.0038999999999998706,2053.5432498609794,2155.199038982346,2039.7410852717314,2007.0961190966045
2e-06,0.003999999999999882,2052.339964858887,2153.907019338298,2038.5499323490276,2005.9330404189154
2e-06,0.004099999999999895,2051.153029331683,2152.631661811621,2037.3750805205748,2004.7861920961768
2e-06,0.004199999999999909,2049.977957619439,2151.368504160213,2036.212037835406,2003.6510902147975
2e-06,0.004299999999999922,2048.810932412943,2150.1138640023273,2035.0569646131642,2002.523872022675
2e-06,0.004399999999999935,2047.6488533416243,2148.8649137645853,2033.9067181558853,2001.4013336616192
2e-06,0.0044999999999999485,2046.489415377727,2147.619794612832,2032.7589259296424,2000.2809939349606
2e-06,0.004599999999999962,2045.331225099006,2146.377780482678,2031.6120948052717,1999.1611908902712
2e-06,0.004699999999999975,2044.173965836969,2145.139507457059,2030.4657667597157,1998.0412205258926
2e-06,0.004799999999999988,2043.0186268154491,2143.9072894168658,2029.3207352821737,1996.9215303471335
2e-06,0.004900000000000002,2041.8678170010246,2142.6855487387825,2028.1793420123224,1995.8039852180752
2e-06,0.005000000000000015,2040.7261921663437,2141.4814017182107,2027.0458804551645,1994.692229459194
2e-06,0.005100000000000028,2039.601034481693,2140.305453593045,2025.9271437795198,1993.5921781790325
2e-06,0.005200000000000041,2038.5030390486888,2139.172879298864,2024.833167891538,1992.512683427115
2e-06,0.005300000000000055,2037.4473829273554,2138.104895835831,2023.7782408351293,1991.4664383877844
2e-06,0.005400000000000068,2036.4551818275906,2137.130773756389,2022.78227741356,1990.4712075549153
2e-06,0.005500000000000081,2035.5554811405675,2136.2905933943393,2021.8726969801885,1989.5515055283129
2e-06,0.0056000000000000945,2034.7879859725551,2135.6390320138235,2021.0869970232588,1988.7408957284713
2e-06,0.005700000000000108,2034.2068153404507,2135.250578489664,2020.4762913148606,1988.0851482935977
2e-06,0.005800000000000121,2033.8856761304253,2135.2267204740897,2020.1101864170666,1987.6465906401952
2e-06,0.005900000000000134,2033.9250009087955,2135.7058415361525,2020.0835127385428,1987.5101129624495
2e-06,0.006000000000000148,2034.4617864722877,2136.876800737725,2020.5256138104478,1987.7914628542092
2e-06,0.006100000000000161,2035.6831052680845,2138.9974204991677,2021.6131319232643,1988.6486834162815
2e-06,0.006200000000000174,2037.8445149881943,2142.4193042396814,2023.5874937933881,1990.2978105159316
2e-06,0.006300000000000187,2041.2947854228325,2147.6203561855273,2026.7785370576223,1993.0342081209778
2e-06,0.006400000000000201,2046.5083069390048,2155.245678714526,2031.6357722956745,1997.2610737368047
2e-06,0.006500000000000214,2054.125835996781,2166.155392029094,2038.768299621127,2003.5264254670856
2e-06,0.006600000000000227,2065.0020860055156,2181.472991924801,2048.992696827145,2012.5687367997132
2e-06,0.0067000000000002405,2080.253743980044,2202.6181504051556,2063.3840097388866,2025.3682745195622
2e-06,0.006800000000000254,2101.291885373804,2231.2914739249068,2083.3163601667325,2043.1943976509872
2e-06,0.006900000000000267,2129.8067874407457,2269.356582531812,2110.4644531444487,2067.6263295348654
2e-06,0.00700000000000028,2167.6520696567,2318.5470305735853,2146.71514981539,2100.504788105053
2e-06,0.007100000000000294,2216.559065378763,2379.9399488695335,2193.9166077751706,2143.7480123023615
2e-06,0.007200000000000307,2277.6276934836314,2453.2293131682545,2253.3953847581192,2198.9553087010577
2e-06,0.00730000000000032,2350.6265100243613,2536.0216201828066,2325.2436851179937,2266.762699491386
2e-06,0.007400000000000333,2433.309308155233,2623.579568777233,2407.5553392201223,2346.0549232736757
2e-06,0.007500000000000347,2521.1411883542655,2709.424194779187,2496.0144847297047,2433.3649964275874
2e-06,0.00760000000000036,2607.8229632836237,2786.790928764075,2584.300217970397,2522.945979056078
2e-06,0.007700000000000373,2686.643444949077,2850.332888808196,2665.4288775424557,2607.8122707164443
2e-06,0.0078000000000003865,2752.1342328894502,2897.234952381301,2733.5258423122095,2681.467075706564
2e-06,0.0079000000000004,2801.2362567163345,2927.3116958511578,2785.152773523873,2739.494750351357
1e-06,0.0,2318.671277220707,2436.64844993533,2302.639975234499,2264.8193124509153
1e-06,9.999999999999982e-05,2294.5517349761417,2410.415054138259,2278.8114555935854,2241.6495333442485
1e-06,0.00019999999999999955,2278.989452627974,2393.6203053851527,2263.4184770434877,2226.6425022087406
1e-06,0.0003000000000000008,2260.3401120281765,2373.7107699879225,2244.9416488351417,2208.56330684057
1e-06,0.0004000000000000032,2240.626156362453,2352.752038096681,2225.397812513757,2189.4136500230084
1e-06,0.0005000000000000056,2221.845847825541,2332.831286923139,2206.7732068807964,2171.1509725069213
1e-06,0.0006000000000000081,2204.75205565698,2314.729998692032,2189.8168569833915,2154.5149073162816
1e-06,0.0007000000000000105,2189.4777946999643,2298.5784616962706,2174.6621896002544,2139.639548102499
1e-06,0.0008000000000000129,2175.9155454542242,2284.2551092146045,2161.2036305672655,2126.4236412416794
1e-06,0.0009000000000000154,2163.8832196643866,2271.5613586315662,2149.2613632244897,2114.692506456792
1e-06,0.0010000000000000152,2153.1903815560504,2260.2912584088517,2138.647084202696,2104.262694116667
1e-06,0.0011000000000000068,2143.6621335202103,2250.256457191703,2129.1877426213828,2094.9653734440294
1e-06,0.0011999999999999984,2135.145703225023,2241.292925895672,2120.7321098051507,2086.652854233866
1e-06,0.00129999999999999,2127.510316270573,2233.260616588899,2113.150681916296,2079.198553369355
1e-06,0.0013999999999999816,2120.6447632845034,2226.0407186685848,2106.3332901137805,2072.4947005833155
1e-06,0.0014999999999999731,2114.4544507552196,2219.532402165146,2100.1861938481647,2066.449526973512
1e-06,0.0015999999999999647,2108.8586168251677,2213.6497648396726,2094.6293337018287,2060.9846013040183
1e-06,0.0016999999999999563,2103.787929731975,2208.3192087831744,2089.5939603888064,2056.0325280534507
1e-06,0.001799999999999948,2099.1824990207638,2203.4772737897624,2085.020670448353,2051.5350385414067
1e-06,0.0018999999999999395,2094.990260075287,2199.0688816031575,2080.8578100744962,2047.4414385505793
1e-06,0.001999999999999941,2091.165672660394,2195.04592471226,2077.06018874613,2043.7073562655862
1e-06,0.0020999999999999543,2087.668674338048,2191.36613421173,2073.5880443967058,2040.293734229734
1e-06,0.0021999999999999676,2084.4638369564877,2187.992169595334,2070.4062090592593,2037.1660159065543
1e-06,0.002299999999999981,2081.5196834552376,2184.890883445124,2067.483432819427,2034.2934860085954
1e-06,0.002399999999999994,2078.8081307906427,2182.0327234535575,2064.791832346286,2031.6487319051541
1e-06,0.0025000000000000074,2076.3040321203757,2179.391242330129,2062.3064374951377,2029.2072004115767
1e-06,0.0026000000000000207,2073.984797372166,2176.942692731317,2060.0048153817565,2026.9468299746554
1e-06,0.002700000000000034,2071.8300760609286,2174.6656895824617,2057.866755997797,2024.8477427919224
1e-06,0.0028000000000000472,2069.821489925152,2172.540926229046,2055.8740070947415,2022.891984942901
1e-06,0.0029000000000000605,2067.9424058132627,2170.550934013167,2054.010048880243,2021.0633053454374
1e-06,0.003000000000000074,2066.177741456312,2168.679877280436,2052.2599012521277,2019.3469664489262
1e-06,0.003100000000000087,2064.5137984577746,2166.9133777024786,2050.6099579591532,2017.7295812075558
1e-06,0.0032000000000001003,2062.9381181419953,2165.2383632321425,2049.0478433760413,2016.1989721156644
1e-06,0.0033000000000001136,2061.439356926537,2163.64293814473,2047.5622885859298,2014.7440490707716
1e-06,0.003400000000000127,2060.00717869257,2162.1162715206974,2046.1430242588683,2013.35470359925
1e-06,0.00350000000000014,2058.6321622882265,2160.6485022569223,2044.7806884686233,2012.0217175979449
1e-06,0.0036000000000001534,2057.3057228578227,2159.230659343657,2043.4667481308484,2010.736685279886
1e-06,0.0037000000000001667,2056.020046185768,2157.8545967089876,2042.1934332359015,2009.4919474620147
1e-06,0.00380000000000018,2054.7680357141585,2156.5129425015343,2040.9536835019078,2008.280537775787
1e-06,0.0039000000000001932,2053.5432723749595,2155.1990632766633,2039.7411075418422,2007.096140805726
1e-06,0.0040000000000002065,2052.3399879029607,2153.907044209026,2038.549955142965,2005.9330626368767
1e-06,0.00410000000000022,2051.1530529066213,2152.63168725412,2037.3751038400562,2004.786214825382
1e-06,0.004200000000000233,2049.977981725228,2151.368530167508,2036.2120616813697,2003.6511134583825
1e-06,0.004300000000000246,2048.810957045915,2150.113890560369,2035.0569889835917,2002.5238957807544
1e-06,0.00440000000000026,2047.6488784910673,2148.864940848935,2033.906743041949,2001.401357929673
1e-06,0.004500000000000273,2046.489441021602,2147.6198221825794,2032.7589513122512,2000.281018698028
1e-06,0.004600000000000286,2045.3312511978258,2146.3778084724577,2031.6121206486143,1999.161216120041
1e-06,0.004700000000000299,2044.1739923271114,2145.139535767453,2030.465793005584,1998.0412461728786
1e-06,0.004800000000000313,2043.018653599401,2143.9073179027964,2029.3207618400163,1996.9215563335463
1e-06,0.004900000000000326,2041.8678439354271,2142.6855771921905,2028.1793687483498,1995.8040114269738
1e-06,0.005000000000000339,2040.7262190452036,2141.4814298449946,2027.045907176373,1994.6922557207342
1e-06,0.0051000000000003525,2039.601061014062,2140.3054809827095,2025.9271702125372,1993.592204251514
1e-06,0.005200000000000366,2038.503064828469,2139.1729053828767,2024.8331936542513,1992.5127089709304
1e-06,0.005300000000000379,2037.447407391967,2138.104919829425,2023.7782653978122,1991.4664629311283
1e-06,0.005400000000000392,2036.4552042000525,2137.13079457801,2022.7823000442966,1990.4712304451189
1e-06,0.005500000000000406,2035.5555003504996,2136.2906095528483,2021.8727166709932,1989.5515258661753
1e-06,0.005600000000000419,2034.7880005441284,2135.639041450504,2021.0870123847503,1988.7409122752651
1e-06,0.005700000000000432,2034.206823234763,2135.2505783530564,2020.4763004287838,1988.0851593403884
1e-06,0.005800000000000445,2033.8856745224641,2135.2267067983894,2020.1101866281479,1987.646593823805
1e-06,0.005900000000000459,2033.9249858668088,2135.7058087780047,2020.0835003551206,1987.510105002366
1e-06,0.006000000000000472,2034.4617524972155,2136.8767411075905,2020.5255836752835,1987.7914391745671
1e-06,0.006100000000000485,2035.6830446260847,2138.9973229886577,2021.6130767917969,1988.6486376006637
1e-06,0.0062000000000004985,2037.8444167405112,2142.4191532075943,2023.587403430056,1990.2977335152475
1e-06,0.006300000000000512,2041.294634013193,2147.6201293045406,2026.7783969189252,1993.0340870989176
1e-06,0.006400000000000525,2046.5080801426927,2155.2453440227487,2031.635561611928,1997.2608903856935
1e-06,0.006500000000000538,2054.1255019780347,2166.15490379698,2038.7679886265526,2003.5261535650166
1e-06,0.006600000000000552,2065.0015992021013,2181.4722851498605,2048.992242836747,2012.5683387157571
1e-06,0.006700000000000565,2080.253039647815,2202.617134227892,2063.383351820987,2025.36769637505
1e-06,0.006800000000000578,2101.2908731352413,2231.290025647238,2083.3154125276624,2043.1935630535609
1e-06,0.006900000000000591,2129.8053455742574,2269.3545469627284,2110.4630984723567,2067.6251325933904
1e-06,0.007000000000000605,2167.6500448490046,2318.5442345400506,2146.7132365194598,2100.5030884761386
1e-06,0.007100000000000618,2216.5562874104453,2379.93624561719,2193.9139599285704,2143.7456391312007
1e-06,0.007200000000000631,2277.624018460944,2453.2246674954254,2253.3918392566534,2198.952086243626
1e-06,0.0073000000000006445,2350.621901455574,2536.016218873892,2325.239169904711,2266.758510240709
1e-06,0.007400000000000658,2433.3039410685765,2623.5738928053456,2407.5499853398564,2346.0498122466865
1e-06,0.007500000000000671,2521.135519202425,2709.418963774674,2496.0087176953825,2433.359280658346
1e-06,0.007600000000000684,2607.8176844578998,2786.786889198538,2584.2947352604006,2522.940276507257
1e-06,0.007700000000000698,2686.6392924927127,2850.3305470881246,2665.4244599051613,2607.8073682475056
1e-06,0.007800000000000711,2752.1317308612092,2897.2344182214742,2733.5230759975107,2681.4636629557385
1e-06,0.007900000000000648,2801.235551100847,2927.312715340535,2785.151854422576,2739.4931735742425
5e-07,0.0,2318.671277220707,2436.64844993533,2302.639975234499,2264.8193124509153
5e-07,9.999999999999977e-05,2294.5521293952975,2410.415463707728,2278.8118479735176,2241.649920769986
5e-07,0.0002000000000000016,2278.9896179078746,2393.6204787947236,2263.41864121959,2226.6426637741642
5e-07,0.00030000000000000404,2260.339964470373,2373.710612888287,2244.9415025822864,2208.5631636048056
5e-07,0.00040000000000000647,2240.62598570999,2352.751856784867,2225.3976433178773,2189.4134842035623
5e-07,0.0005000000000000076,2221.845714642853,2332.831145553815,2206.773074816439,2171.1508430375466
5e-07,0.0005999999999999992,2204.7519600626506,2314.7298973827924,2189.8167621692132,2154.5148143162587
5e-07,0.0006999999999999908,2189.477726998114,2298.5783901273185,2174.6621224258324,2139.639482158036
5e-07,0.0007999999999999824,2175.915496987005,2284.2550581507935,2161.2035824537365,2126.423593956292
5e-07,0.000899999999999974,2163.883184296703,2271.561321514513,2149.2613280946007,2114.6924718873015
5e-07,0.0009999999999999705,2153.1903552215176,2260.291230884916,2138.647058029479,2104.2626683262756
5e-07,0.0010999999999999838,2143.6621135690352,2250.2564364221694,2129.1877227807854,2094.9653538689026
5e-07,0.001199999999999997,2135.1456879228117,2241.292910023922,2120.732094579735,2086.6528391940083
5e-07,0.0013000000000000103,2127.510304464662,2233.2606043839396,2113.1506701640933,2079.1985417476612
5e-07,0.0014000000000000236,2120.644754191488,2226.040709297612,2106.333281057971,2072.4946916194335
5e-07,0.001500000000000037,2114.4544438283274,2219.5323950498423,2100.1861869463696,2066.449520134643
5e-07,0.0016000000000000502,2108.858611670507,2213.6497595664077,2094.629328562754,2060.984596205618
5e-07,0.0017000000000000634,2103.7879260559916,2208.3192050449993,2089.593956720762,2056.032524407904
5e-07,0.0018000000000000767,2099.1824965971277,2203.4772713515304,2085.0206680262913,2051.5350361260716
5e-07,0.00190000000000009,2094.9902587232937,2199.0688802787045,2080.8578087183837,2047.441437187522
5e-07,0.0020000000000001033,2091.1656722322336,2195.0459243491287,2077.060188308865,2043.7073558088161
5e-07,0.0021000000000001165,2087.6686747089484,2191.366134681474,2073.58804475401,2040.2937345561793
5e-07,0.00220000000000013,2084.4638380199326,2187.9921707889916,2070.406210104756,2037.166016911579
5e-07,0.002300000000000143,2081.5196851199407,2184.890885268215,2067.4834344624974,2034.2934876014401
5e-07,0.0024000000000001563,2078.808132976223,2182.0327258235934,2064.791834506644,2031.6487340071665
5e-07,0.0025000000000001696,2076.304034757302,2179.3912451753913,2062.3064401035285,2029.2072029543049
5e-07,0.002600000000000183,2073.9848004002197,2176.942695989912,2060.0048183781955,2026.9468328986234
5e-07,0.002700000000000196,2071.83007942774,2174.6656932001815,2057.866759330291,2024.8477460450954
5e-07,0.0028000000000002094,2069.821493585321,2172.5409301597256,2055.8740107177755,2022.8919884811003
5e-07,0.0029000000000002227,2067.9424097283504,2170.5509382163073,2054.0100527558434,2021.0633091304228
5e-07,0.003000000000000236,2066.177745593713,2168.6798817224,2052.2599053477816,2019.3469704487502
5e-07,0.0031000000000002493,2064.513802790341,2166.913382355042,2050.6099622478,2017.7295853958017
5e-07,0.0032000000000002625,2062.938122647542,2165.238368072294,2049.0478478357627,2016.1989764699083
5e-07,0.003300000000000276,2061.4393615873046,2163.642943154276,2047.562293198941,2014.7440535737853
5e-07,0.003400000000000289,2060.0071834942005,2162.1162766849543,2046.1430290108947,2013.3547082366692
5e-07,0.0035000000000003023,2058.6321672200334,2160.648507564527,2044.7806933489392,2012.0217223599157
5e-07,0.0036000000000003156,2057.305727912111,2159.2306647865576,2043.4667531318178,2010.7366901588373
5e-07,0.003700000000000329,2056.0200513574337,2157.854602280991,2042.1934383526436,2009.4919524530358
5e-07,0.003800000000000342,2054.7680410001017,2156.512948199119,2040.9536887314316,2008.2805428757651
5e-07,0.0039000000000003554,2053.543277773675,2155.199069097987,2039.7411128826818,2007.096146013337
5e-07,0.004000000000000287,2052.3399934138206,2153.9070501527067,2038.5499605946604,2005.9330679515747
5e-07,0.004100000000000214,2051.1530585296464,2152.63169331897,2037.3751094026754,2004.7862202482067
5e-07,0.00420000000000014,2049.977987460639,2151.368536352149,2036.2120673554484,2003.6511189898874
5e-07,0.004300000000000067,2048.8109628933294,2150.1138968620176,2035.0569947690558,2002.5239014217377
5e-07,0.004399999999999993,2047.6488844483465,2148.864947262386,2033.9067489371907,2001.4013636789298
5e-07,0.00449999999999992,2046.4894470838808,2147.619828698487,2032.7589573129646,2000.2810245529392
5e-07,0.004599999999999846,2045.3312573567518,2146.3778150765634,2031.6121267474598,1999.1612220741076
5e-07,0.004699999999999773,2044.173998568887,2145.1395424386337,2030.4657991896581,1998.041252216057
5e-07,0.0047999999999996995,2043.018659902692,2143.9073246085195,2029.3207680897888,1996.9215624484773
5e-07,0.004899999999999626,2041.8678502681623,2142.6855838856272,2028.1793750338388,1995.8040175879923
5e-07,0.0049999999999995525,2040.7262253616982,2141.481436460473,2027.0459134549276,1994.692261890006
5e-07,0.005099999999999479,2039.6010672487812,2140.3054874280524,2025.9271764225762,1993.5922103743299
5e-07,0.005199999999999406,2038.503070889852,2139.1729115293747,2024.833199709612,1992.512714971289
5e-07,0.005299999999999332,2037.4474131528423,2138.104925499592,2023.7782711789032,1991.4664687018494
5e-07,0.005399999999999259,2036.4552094842647,2137.130799525876,2022.7823053851378,1990.4712358391605
5e-07,0.005499999999999185,2035.5555049146444,2136.2906134393224,2021.872721342267,1989.5515306794766
5e-07,0.005599999999999112,2034.788004051805,2135.639043805741,2021.0870160698742,1988.740916225593
5e-07,0.005699999999999038,2034.2068252208255,2135.250578524808,2020.4763026905744,1988.0851620378473
5e-07,0.005799999999998965,2033.8856743405956,2135.226703877545,2020.1101868593787,1987.6465947285144
5e-07,0.005899999999998891,2033.9249826152356,2135.7058014913478,2020.083497709435,1987.5101033623266
5e-07,0.005999999999998818,2034.461744911492,2136.876727660242,2020.5255769673972,1987.7914339391186
5e-07,0.0060999999999987444,2035.6830309237248,2138.997300836907,2021.6130643530914,1988.6486272930752
5e-07,0.006199999999998671,2037.8443943923974,2142.4191187250576,2023.5873828957442,1990.2977160463483
5e-07,0.0062999999999985975,2041.2945994104612,2147.620077294259,2026.7783649179144,1993.0340594968518
5e-07,0.006399999999998524,2046.5080281101655,2155.2452670138587,2031.6355133125285,1997.2608483970196
5e-07,0.006499999999998451,2054.125425070272,2166.1547910467334,2038.767917075506,2003.5260910728732
5e-07,0.006599999999998377,2065.0014867110344,2181.472121304304,2048.9921380148567,2012.568246902478
5e-07,0.006699999999998304,2080.2528762759666,2202.6168976999325,2063.383199351238,2025.367562550915
5e-07,0.00679999999999823,2101.2906374042846,2231.289687102295,2083.3151920492446,2043.1933691264321
5e-07,0.006899999999998157,2129.805008381811,2269.354069061681,2110.4627819738657,2067.6248533337225
5e-07,0.006999999999998083,2167.6495693128395,2318.5435753387014,2146.7127875755177,2100.502690236265
5e-07,0.00709999999999801,2216.555632320852,2379.9353692753753,2193.9133359909133,2143.745080686084
5e-07,0.007199999999997936,2277.623148709676,2453.2235650219686,2253.3910005845346,2198.9513248979515
5e-07,0.007299999999997863,2350.6208077857505,2536.0149351925493,2325.2380985964433,2266.7575171361814
5e-07,0.007399999999997789,2433.302665578293,2623.5725445427006,2407.5487127693805,2346.0485978495344
5e-07,0.007499999999997716,2521.1341725523966,2709.4177257208316,2496.0073469865615,2433.3579216473013
5e-07,0.0075999999999976425,2607.8164347942525,2786.7859424100684,2584.293435850838,2522.9389229520953
5e-07,0.007699999999997569,2686.6383183480757,2850.330013574293,2665.423421309088,2607.8062112778102
5e-07,0.007799999999997496,2752.1311585954386,2897.2343228611603,2733.522439788909,2681.462869555834
5e-07,0.007899999999997574,2801.2354144742408,2927.3129943865833,2785.1516665040426,2739.4928264426917
5e-07,0.007999999999997674,2833.5084920057107,2942.3109387357645,2819.620217475064,2780.2591433982457
