regime,anode_relative_humidity,lambda_anode_equilibrium,anode_water_transfer_coefficient_m_s,source,converged,coupling_iterations,relative_humidity,cathode_solid_potential_v,final_current_a,final_current_density_a_m2,final_phi_m_bc_v,final_target_phi_m_bc_v,final_membrane_asr_ohm_m2,final_lambda_anode,final_lambda_mean,final_lambda_cathode,final_sigma_m_mean_s_m,final_sigma_m_min_s_m,final_sigma_m_max_s_m,final_anode_water_removal_flux_lambda_m_s,final_current_relative_change,final_potential_change_v
dry_high_load,0.0,0.043,2e-06,existing_v06_zero_rh_reference,True,7,0.3,0.7,0.0029781041174676776,1489.052058733839,-0.0822432435499213,-0.08218745634154462,5.519448152231139e-05,1.7181919810510689,2.2364469599677474,2.771499999999999,0.9406121986928956,0.6363350988597111,1.2547517514247515,3.3503839621021375e-06,0.0020516198934250117,2.7893604188339305e-05
dry_high_load,0.1,1.4614999999999998,2e-06,computed_v06,True,6,0.3,0.7,0.0032628007782502196,1631.40038912511,-0.0767153366631051,-0.07677145324968156,4.7058621391437006e-05,2.1614459215332302,2.4611435487299707,2.771499999999999,1.072535728909421,0.8965776994835769,1.2547517514247515,1.3998918430664608e-06,0.0027907560376256376,2.8058293288224512e-05
dry_high_load,0.3,2.771499999999999,2e-06,computed_v06,True,6,0.3,0.7,0.0034781238324092614,1739.0619162046307,-0.07281999645224067,-0.07283534330109252,4.188197247171629e-05,2.571028184315563,2.6693972493421345,2.771499999999999,1.194805334855619,1.137051034294622,1.2547517514247515,-4.0094363136887256e-07,0.000998821687281362,7.673424425924669e-06
dry_high_load,0.5,3.4854999999999983,2e-06,computed_v06,True,6,0.3,0.7,0.0035831102082519483,1791.5551041259741,-0.07099969682240956,-0.07100738479675739,3.96344966633884e-05,2.79418204157598,2.7830586143643044,2.771499999999999,1.26153802806451,1.2547517514247515,1.268068798264247,-1.3826359168480362e-06,0.0005843448551392943,3.843987173915431e-06
dry_high_load,0.7,5.331499999999997,2e-06,computed_v06,True,5,0.3,0.7,0.003823711705595794,1911.8558527978971,-0.06700388613329367,-0.06698590832087764,3.5037112354912846e-05,3.3707627010135774,3.077266040533417,2.771499999999999,1.4342726587500665,1.2547517514247515,1.606589985731282,-3.921474597972838e-06,0.002140302976725859,8.988906208012848e-06
dry_high_load,0.9,10.037500000000001,2e-06,computed_v06,True,5,0.3,0.7,0.00430853415021603,2154.267075108015,-0.059597202006856344,-0.059597105197101916,2.766467811058836e-05,4.837337490716639,3.8282466584568664,2.771499999999999,1.8751872929525832,1.2547517514247515,2.4676432160004977,-1.0400325018566724e-05,0.00017719638366117725,4.840487721063935e-08
nominal,0.0,0.043,2e-06,existing_v06_zero_rh_reference,True,3,0.5,0.768,0.001978066785327398,989.0333926636989,-0.0392857392554274,-0.03921244319399349,3.9647238894922624e-05,2.2165202202847425,2.844288595111553,3.4854999999999983,1.2974872841692158,0.9289128406422509,1.6739543797044156,4.347040440569484e-06,0.004239822525942546,3.664803071695699e-05
nominal,0.1,1.4614999999999998,2e-06,computed_v06,True,4,0.5,0.768,0.0020760346001557073,1038.0173000778536,-0.03648282154539625,-0.03656376665092452,3.522462163991116e-05,2.6730061399249854,3.07473634983142,3.4854999999999983,1.432787430471339,1.1969241813787352,1.6739543797044156,2.423012279849971e-06,0.004000530002972437,4.047255276413281e-05
nominal,0.3,2.771499999999999,2e-06,computed_v06,True,5,0.5,0.768,0.002148107665837236,1074.053832918618,-0.03449987420750582,-0.03453158258403093,3.215070001677227e-05,3.094995318054167,3.2880014587068196,3.4854999999999983,1.5579993270552552,1.4446818460528652,1.6739543797044156,6.469906361083354e-07,0.0014059134567194294,1.5854188262554025e-05
nominal,0.5,3.4854999999999983,2e-06,computed_v06,True,5,0.5,0.768,0.0021838709751695,1091.93548758475,-0.033539233153547794,-0.03358108359435165,3.075372490057044e-05,3.324971934682657,3.4042972324367047,3.4854999999999983,1.626278730424142,1.579705378452764,1.6739543797044156,-3.210561306346822e-07,0.001771606829637264,2.0925220401930844e-05
nominal,0.7,5.331499999999997,2e-06,computed_v06,True,5,0.5,0.768,0.0022655830726427324,1132.7915363213663,-0.031399122033445664,-0.03146763567859986,2.7778840739566294e-05,3.919579014390883,3.70517287207744,3.4854999999999983,1.8029283927808946,1.6739543797044156,1.9288102112362155,-2.8238419712182273e-06,0.002635850252994886,3.4256822577100055e-05
nominal,0.9,10.037500000000001,2e-06,computed_v06,True,5,0.5,0.768,0.002426533033877864,1213.266516938932,-0.02738914444800062,-0.027520841803290497,2.268326160745415e-05,5.435136019574132,4.472985666114357,3.4854999999999983,2.253725509429395,1.6739543797044156,2.81862180770747,-9.20472796085174e-06,0.00433218985683339,6.584867764494046e-05
wet_low_load,0.0,0.043,2e-06,existing_v06_zero_rh_reference,True,6,0.9,0.83,0.0012035137566728954,601.7568783364477,-0.006730305822155731,-0.006851793636533788,1.1386315442667674e-05,6.491533093852652,8.253088395945325,10.037500000000001,4.473093856085245,3.4388521018874476,5.520754968623695,1.2897066187705304e-05,0.002485444783925606,6.074390718902815e-05
wet_low_load,0.1,1.4614999999999998,2e-06,computed_v06,True,6,0.9,0.83,0.001208133818423323,604.0669092116615,-0.0065164887955165285,-0.006636583534532907,1.0986504033458796e-05,6.957427917378386,8.48749921643976,10.037500000000001,4.610720791727346,3.7123875844138876,5.520754968623695,1.099185583475677e-05,0.002445563606476208,6.0047369508189376e-05
wet_low_load,0.3,2.771499999999999,2e-06,computed_v06,True,6,0.9,0.83,0.0012120635649557109,606.0317824778555,-0.0063352513488525025,-0.00645406087363482,1.0649706929967246e-05,7.387707963932954,8.704003411420185,10.037500000000001,4.737834415774079,3.9650129715455,5.520754968623695,9.232415927865907e-06,0.0024099442490405037,5.9404762391158765e-05
wet_low_load,0.5,3.4854999999999983,2e-06,computed_v06,True,6,0.9,0.83,0.0012140845632183297,607.0422816091649,-0.006242268982421025,-0.006360381392456571,1.0477657957525284e-05,7.622234345898207,8.822014746427916,10.037500000000001,4.807121056953397,4.102707755468126,5.520754968623695,8.273468691796416e-06,0.0023910186067464937,5.905620501777276e-05
wet_low_load,0.7,5.331499999999997,2e-06,computed_v06,True,6,0.9,0.83,0.0012189610265606443,609.4805132803222,-0.006018537001600852,-0.0061348655086773,1.0065728723070188e-05,8.228607220413133,9.127148981497028,10.037500000000001,4.986271019585155,4.4587205043675,5.520754968623695,5.794214440826273e-06,0.0023436552536489487,5.816425353822371e-05
wet_low_load,0.9,10.037500000000001,2e-06,computed_v06,True,5,0.9,0.83,0.0012323003955575088,616.1501977787544,-0.0054109929885496014,-0.005660537161660636,9.18694367390791e-06,9.77395067732021,9.904855641218846,10.037500000000001,5.442877008080933,5.366020278499474,5.520754968623695,-5.270986453595831e-07,0.0049712995473950704,0.00012477208655551665
