regime,anode_water_transfer_coefficient_m_s,source,converged,coupling_iterations,relative_humidity,cathode_solid_potential_v,final_current_a,final_current_density_a_m2,final_phi_m_bc_v,final_target_phi_m_bc_v,final_membrane_asr_ohm_m2,final_lambda_anode,final_lambda_mean,final_lambda_cathode,final_sigma_m_mean_s_m,final_sigma_m_min_s_m,final_sigma_m_max_s_m,final_anode_water_removal_flux_lambda_m_s,final_current_relative_change,final_potential_change_v
dry_high_load,0.0,v05_zero_transfer_reference,True,6,0.3,0.7,0.0034333270496887665,1716.6635248443833,-0.07361194349284306,-0.07364812626434362,4.290189964339102e-05,2.479827290614068,2.6229824854411414,2.771499999999999,1.1675543670429072,1.0835052999233044,1.2547517514247515,0.0,,
dry_high_load,5e-07,computed_v06,True,6,0.3,0.7,0.0033022492365453425,1651.1246182726713,-0.07598448709316598,-0.07604951052780777,4.6059219083879436e-05,2.2309961858966916,2.496469202753057,2.771499999999999,1.0932760748648493,0.9374119482492749,1.2547517514247515,1.0939980929483456e-06,0.003180287612509543,3.251171732089608e-05
dry_high_load,1e-06,computed_v06,True,6,0.3,0.7,0.003185456296292039,1592.7281481460195,-0.0781720121276978,-0.07827979140323606,4.9148243844598306e-05,2.0282481620617823,2.3935349192567625,2.771499999999999,1.0328414499604643,0.8183748271426894,1.2547517514247515,1.9852481620617822e-06,0.004754821822415647,5.388963776913058e-05
dry_high_load,2e-06,existing_v06_reference,True,7,0.3,0.7,0.0029781041174676776,1489.052058733839,-0.0822432435499213,-0.08218745634154462,5.519448152231139e-05,1.7181919810510689,2.2364469599677474,2.771499999999999,0.9406121986928956,0.6363350988597111,1.2547517514247515,3.3503839621021375e-06,0.0020516198934250117,2.7893604188339305e-05
dry_high_load,5e-06,computed_v06,True,8,0.3,0.7,0.0025164444976074406,1258.2222488037203,-0.09233709171803632,-0.09246101819454014,7.348544208501263e-05,1.184408156227642,1.9672600193454257,2.771499999999999,0.7825675586264542,0.32294072589171,1.2547517514247515,5.707040781138211e-06,0.003248585846269509,6.196323825190253e-05
dry_high_load,1e-05,computed_v06,True,11,0.3,0.7,0.0019124192585544626,956.2096292772313,-0.10853388346859741,-0.10875493123354392,0.00011373544869627421,0.7912272168091189,1.7712225896049503,2.771499999999999,0.6674703516399032,0.09209691189491365,1.2547517514247515,7.482272168091189e-06,0.0038234843829336672,0.00011052388247326239
nominal,0.0,v05_zero_transfer_reference,True,5,0.5,0.768,0.002172164577794285,1086.0822888971425,-0.03385202724997784,-0.03388450232143963,3.119883517836158e-05,3.248712276625675,3.3657288739352023,3.4854999999999983,1.6036345325918417,1.5349319203446474,1.6739543797044156,0.0,,
nominal,5e-07,computed_v06,True,5,0.5,0.768,0.0021168964360636553,1058.4482180318278,-0.03535071750132476,-0.035370848504266895,3.341764660914502e-05,2.908364917356491,3.1936609785103407,3.4854999999999983,1.502610283285606,1.3351076801013906,1.6739543797044156,1.4326824586782453e-06,0.0009469638628053276,1.0065501471062666e-05
nominal,1e-06,computed_v06,True,4,0.5,0.768,0.0020681199436711297,1034.059971835565,-0.03670454590184179,-0.03676723330818229,3.555619046245121e-05,2.6333123742453313,3.054686864131241,3.4854999999999983,1.421016005959895,1.1736192361417213,1.6739543797044156,2.590312374245331e-06,0.0031693101217886116,3.134370317024737e-05
nominal,2e-06,existing_v06_reference,True,3,0.5,0.768,0.001978066785327398,989.0333926636989,-0.0392857392554274,-0.03921244319399349,3.9647238894922624e-05,2.2165202202847425,2.844288595111553,3.4854999999999983,1.2974872841692158,0.9289128406422509,1.6739543797044156,4.347040440569484e-06,0.004239822525942546,3.664803071695699e-05
nominal,5e-06,computed_v06,True,5,0.5,0.768,0.0017767515781172455,888.3757890586228,-0.04548624742149231,-0.04547595357226008,5.118999654464827e-05,1.5093679444493948,2.488031979003026,3.4854999999999983,1.0883224244847425,0.5137306380874552,1.6739543797044156,7.331839722246975e-06,0.0009722092061676693,5.146924616117321e-06
nominal,1e-05,computed_v06,True,5,0.5,0.768,0.0015239242205062542,761.9621102531271,-0.05430273592906136,-0.05430238054148767,7.12665102513407e-05,0.9951227593121795,2.230148609413477,3.4854999999999983,0.9369143203929283,0.21180776247165192,1.6739543797044156,9.521227593121796e-06,0.0003829296394888756,1.7769378684445725e-07
wet_low_load,0.0,v05_zero_transfer_reference,True,5,0.9,0.83,0.0012314975697979868,615.7487848989934,-0.00544737460087155,-0.005697205183196011,9.252483030284132e-06,9.645021871207772,9.839966624328639,10.037500000000001,5.404779464065727,5.29032378776657,5.520754968623695,0.0,,
wet_low_load,5e-07,computed_v06,True,6,0.9,0.83,0.0012217156758941355,610.8578379470678,-0.005892542342970121,-0.0060074918032515905,9.834517018626114e-06,8.599411060442804,9.313750680135534,10.037500000000001,5.09582833402593,4.676426308732528,5.520754968623695,4.278205530221402e-06,0.002311022508255465,5.7474730140735265e-05
wet_low_load,1e-06,computed_v06,True,6,0.9,0.83,0.001215219950794343,607.6099753971715,-0.006190098644044458,-0.006307600085683045,1.0381001532372813e-05,7.758660000317588,8.890664187631662,10.037500000000001,4.847426415752474,4.182805784736162,5.520754968623695,7.715660000317587e-06,0.002376912103589549,5.875072081929292e-05
wet_low_load,2e-06,existing_v06_reference,True,6,0.9,0.83,0.0012035137566728954,601.7568783364477,-0.006730305822155731,-0.006851793636533788,1.1386315442667674e-05,6.491533093852652,8.253088395945325,10.037500000000001,4.473093856085245,3.4388521018874476,5.520754968623695,1.2897066187705304e-05,0.002485444783925606,6.074390718902815e-05
wet_low_load,5e-06,computed_v06,True,6,0.9,0.83,0.0011753117998309739,587.655899915487,-0.008053258537736682,-0.008181254843680966,1.3921845836751647e-05,4.363483703302036,7.1826337859242475,10.037500000000001,3.8446101222268148,2.1894348783191604,5.520754968623695,2.160241851651018e-05,0.0026936527268204644,6.399815297214104e-05
wet_low_load,1e-05,computed_v06,True,6,0.9,0.83,0.0011408187704543618,570.4093852271809,-0.009714430952727466,-0.00984490367172376,1.7259364811823286e-05,2.8308804320926058,6.412174155887059,10.037500000000001,3.392258999124619,1.2896151032477245,5.520754968623695,2.7878804320926058e-05,0.002848596597546059,6.52363594981463e-05
