regime,humidity_shape_exponent,hydrogen_feedback_exponent,dry_reference_permeability_barrer,reference_temperature_k,stack_temperature_k,activation_energy_j_mol,dry_permeability_at_stack_temperature_si,cathode_relative_humidity,maximum_humidity_factor,humidity_reference_relative_humidity,min_n2_permeance_mol_m2_s_pa,max_n2_permeance_mol_m2_s_pa,mean_n2_crossover_flux_mol_m2_s,min_n2_crossover_flux_mol_m2_s,max_n2_crossover_flux_mol_m2_s,mean_cell_current_a,min_hydrogen_feedback_factor,purge_count,mean_purge_period_s,max_nitrogen_mole_fraction,min_hydrogen_mole_fraction,final_relative_humidity,h2_balance_error_mol,n2_balance_error_mol,water_balance_error_mol
dry_high_load,1.0,0.0,0.24,308.15,312.9612,19830.0,9.050464505861511e-17,0.5,100.0,0.9,6.998112057250389e-12,1.2505858337686224e-11,9.620278904263845e-07,5.403157276299734e-07,9.654998395782057e-07,45.14917141900943,1.0,19,50.94166666666666,0.0021321410130810715,0.9842718220346174,0.255471375696373,-1.9039327406322748e-13,2.7147405959500326e-19,-3.903127820947816e-18
nominal,1.0,0.0,0.24,308.15,312.9612,19830.0,9.050464505861511e-17,0.5,100.0,0.9,7.151845750141736e-12,1.9729277941166542e-11,1.5108315249556497e-06,5.521853192364371e-07,1.5230025325574842e-06,28.590845289619416,1.0,12,80.44545454545455,0.005283949624486234,0.9716364246400221,0.43366929333076015,4.1663721084272964e-15,8.237395412048071e-19,-2.947674656444965e-18
wet_low_load,1.0,0.0,0.24,308.15,312.9612,19830.0,9.050464505861511e-17,0.5,100.0,0.9,8.617425376780218e-12,6.23342248121228e-11,4.6611705551273255e-06,6.653409411939925e-07,4.812341784943491e-06,16.20762180674857,1.0,7,141.90833333333333,0.028520185115889413,0.924469875486119,0.883323128021883,8.060956416255927e-14,-2.087089182034596e-18,1.1519648082658485e-19
dry_high_load,1.0,1.0,0.24,308.15,312.9612,19830.0,9.050464505861511e-17,0.5,100.0,0.9,6.998112057250389e-12,1.2505858337686224e-11,9.620247798942062e-07,5.403157276299734e-07,9.654998395782057e-07,45.08331067583875,0.9978352619103944,19,51.018888888888895,0.0021353062305473794,0.984268656817151,0.255471375696373,1.3964523981613297e-16,-2.670271366219182e-19,-1.3552527156068805e-18
nominal,1.0,1.0,0.24,308.15,312.9612,19830.0,9.050464505861511e-17,0.5,100.0,0.9,7.151845750141736e-12,1.9729277941166542e-11,1.5107984320489702e-06,5.521853192364371e-07,1.5230025325574842e-06,28.490102135203387,0.9945703229264408,12,80.74545454545454,0.005304362158836766,0.9716160121056716,0.43366929333076015,-5.922129106550322e-15,-3.6507120026660345e-19,-6.166399856011306e-19
wet_low_load,1.0,1.0,0.24,308.15,312.9612,19830.0,9.050464505861511e-17,0.5,100.0,0.9,8.617425376780218e-12,6.23342248121228e-11,4.659398189797304e-06,6.653409411939925e-07,4.812341784943491e-06,15.906278674915272,0.9695333514396304,6,144.812,0.029034413257886527,0.9239556473441218,0.883323128021883,9.150666335777657e-16,-7.724940478959219e-19,-2.913793338554793e-19
dry_high_load,2.0,0.0,0.24,308.15,312.9612,19830.0,9.050464505861511e-17,0.5,100.0,0.9,2.692463225766291e-12,4.0738745844670014e-12,3.139893019501248e-07,2.0788181370140177e-07,3.145317227158822e-07,45.14917142138732,1.0,19,50.94166666666666,0.0006959356857733939,0.9857080273619251,0.255471375696373,-1.9376254073444343e-13,2.4352197233561135e-20,-2.358139725155972e-18
nominal,2.0,0.0,0.24,308.15,312.9612,19830.0,9.050464505861511e-17,0.5,100.0,0.9,2.7273232680565054e-12,6.249006225500697e-12,4.805494250818899e-07,2.1057331520368685e-07,4.8244801128442e-07,28.590845290592004,1.0,12,80.44545454545455,0.0016813544814566345,0.9752390197830516,0.43366929333076015,5.508831238398848e-15,-8.237395412048071e-20,-1.7279472123987727e-18
wet_low_load,2.0,0.0,0.24,308.15,312.9612,19830.0,9.050464505861511e-17,0.5,100.0,0.9,3.071310306072684e-12,2.7474187829746045e-11,2.0905043956368655e-06,2.3713213638581255e-07,2.1211639446582287e-06,16.207621807017045,1.0,7,141.90833333333333,0.012826743328745286,0.9401633172732631,0.883323128021883,7.893360444433117e-14,3.2441361879839703e-19,-5.89534931288993e-19
dry_high_load,2.0,1.0,0.24,308.15,312.9612,19830.0,9.050464505861511e-17,0.5,100.0,0.9,2.692463225766291e-12,4.0738745844670014e-12,3.1398919357907816e-07,2.0788181370140177e-07,3.145317227158822e-07,45.12769545679322,0.9992941387859628,19,50.96722222222222,0.0006962642988881691,0.9857076987488103,0.255471375696373,6.29704621779581e-16,3.3881317890172014e-20,-4.87890977618477e-18
nominal,2.0,1.0,0.24,308.15,312.9612,19830.0,9.050464505861511e-17,0.5,100.0,0.9,2.7273232680565054e-12,6.249006225500697e-12,4.805483805613237e-07,2.1057331520368685e-07,4.8244801128442e-07,28.558888710471663,0.9982768795536285,12,80.54,0.0016833514713717784,0.9752370227931366,0.43366929333076015,-3.688672631230183e-15,1.5966571055743561e-19,-2.5139937874507634e-18
wet_low_load,2.0,1.0,0.24,308.15,312.9612,19830.0,9.050464505861511e-17,0.5,100.0,0.9,3.071310306072684e-12,2.7474187829746045e-11,2.090382546514944e-06,2.3713213638581255e-07,2.1211639446582287e-06,16.073279187672348,0.9864573142417105,6,143.182,0.012906044921506286,0.9400840156805023,0.883323128021883,6.255846535241361e-16,8.470329472543003e-20,-1.5585406229479126e-19
dry_high_load,4.0,0.0,0.24,308.15,312.9612,19830.0,9.050464505861511e-17,0.5,100.0,0.9,1.8731397464926222e-12,2.0881462001800915e-12,1.6110354980706664e-07,1.4462284353252291e-07,1.6122135887441613e-07,45.14917142193265,1.0,19,50.94166666666666,0.00035703397192492713,0.9860469290757735,0.255471375696373,-1.85043820544184e-13,4.7645603283054394e-21,-1.8973538018496328e-18
nominal,4.0,0.0,0.24,308.15,312.9612,19830.0,9.050464505861511e-17,0.5,100.0,0.9,1.8773672165568472e-12,2.5262835886919584e-12,1.9468964324963944e-07,1.4494924135883655e-07,1.9504611127836959e-07,28.590845290843248,1.0,12,80.44545454545455,0.0006811289450543425,0.9762392453194539,0.43366929333076015,5.2345280887600154e-15,-7.125664668776802e-20,-1.2874900798265365e-19
wet_low_load,4.0,0.0,0.24,308.15,312.9612,19830.0,9.050464505861511e-17,0.5,100.0,0.9,1.9233759780236137e-12,9.022895586477913e-12,6.929894555168078e-07,1.4850152192049378e-07,6.966367344312554e-07,16.207621807152645,1.0,7,141.90833333333333,0.00425836194512978,0.9487316986568787,0.883323128021883,7.778998799279346e-14,-3.1297867401046398e-19,-4.811147140404426e-19
dry_high_load,4.0,1.0,0.24,308.15,312.9612,19830.0,9.050464505861511e-17,0.5,100.0,0.9,1.8731397464926222e-12,2.0881462001800915e-12,1.6110353538449697e-07,1.4462284353252291e-07,1.6122135887441613e-07,45.13815411910064,0.9996379629800531,19,50.95444444444444,0.0003571147512458325,0.9860468482964526,0.255471375696373,-3.250221272677045e-15,-4.50515648820881e-20,-4.092863201132779e-18
nominal,4.0,1.0,0.24,308.15,312.9612,19830.0,9.050464505861511e-17,0.5,100.0,0.9,1.8773672165568472e-12,2.5262835886919584e-12,1.946895739354102e-07,1.4494924135883655e-07,1.9504611127836959e-07,28.577905652720666,0.9993024329399469,12,80.48363636363636,0.0006814674733815125,0.9762389067911269,0.43366929333076015,-5.876375774871434e-17,-5.346895479542771e-20,-2.0803129184565616e-18
wet_low_load,4.0,1.0,0.24,308.15,312.9612,19830.0,9.050464505861511e-17,0.5,100.0,0.9,1.9233759780236137e-12,9.022895586477913e-12,6.929780964715467e-07,1.4850152192049378e-07,6.966367344312554e-07,16.16336690034429,0.9955172491983869,7,142.33166666666668,0.004272016958092771,0.9487180436439157,0.883323128021883,-2.1033522146218786e-16,1.232432938255007e-19,3.8624702394796095e-19
