regime,anode_gas_volume_ml,anode_gas_volume_m3,stop_time_s,equilibrium_relative_humidity,final_relative_humidity,absolute_rh_error_to_equilibrium,final_water_flux_lambda_m_s,final_liquid_water_mol,t50_s,t90_s,t95_s,t99_s
dry_high_load,5.0,4.9999999999999996e-06,3750.0,0.2554713756963732,0.2554346684381531,3.670725822008114e-05,3.3051866385993166e-10,0.0,260.0,950.0,1250.0,1940.0
dry_high_load,10.0,9.999999999999999e-06,7500.0,0.2554713756963732,0.25543447028129534,3.6905415077836956e-05,3.323029033545928e-10,0.0,520.0,1900.0,2490.0,3870.0
dry_high_load,20.0,1.9999999999999998e-05,15000.0,0.2554713756963732,0.25543437093125176,3.7004765121417815e-05,3.331974687688452e-10,0.0,1030.0,3790.0,4980.0,7740.0
dry_high_load,40.0,3.9999999999999996e-05,30000.0,0.2554713756963732,0.2554343211855012,3.7054510871992186e-05,3.336453883305042e-10,0.0,2060.0,7580.0,9960.0,15480.0
dry_high_load,80.0,7.999999999999999e-05,60000.0,0.2554713756963732,0.2554342962954814,3.707940089175965e-05,3.3386950248340594e-10,0.0,4120.0,15160.0,19920.0,30960.0
nominal,5.0,4.9999999999999996e-06,3750.0,0.4336692933307609,0.4307872285835312,0.0028820647472296845,1.3949867300498633e-08,0.0,360.0,1590.0,2150.0,3430.0
nominal,10.0,9.999999999999999e-06,7500.0,0.4336692933307609,0.43078203450227254,0.002887258828488337,1.3975007868341825e-08,0.0,730.0,3180.0,4290.0,6860.0
nominal,20.0,1.9999999999999998e-05,15000.0,0.4336692933307609,0.4307794355920359,0.0028898577387249658,1.3987587201599946e-08,0.0,1450.0,6360.0,8570.0,13710.0
nominal,40.0,3.9999999999999996e-05,30000.0,0.4336692933307609,0.43077813586052704,0.0028911574702338294,1.399387820602395e-08,0.0,2890.0,12720.0,17150.0,27420.0
nominal,80.0,7.999999999999999e-05,60000.0,0.4336692933307609,0.43077748587786097,0.0028918074528999083,1.3997024274115635e-08,0.0,5770.0,25440.0,34290.0,54830.0
wet_low_load,5.0,4.9999999999999996e-06,3750.0,0.8833231280218832,0.883323128021788,9.514611321037592e-14,3.0044258639110033e-18,0.0,180.0,400.0,490.0,680.0
wet_low_load,10.0,9.999999999999999e-06,7500.0,0.8833231280218832,0.8833231280217821,1.0103029524088925e-13,3.1907731123069494e-18,0.0,350.0,800.0,970.0,1360.0
wet_low_load,20.0,1.9999999999999998e-05,15000.0,0.8833231280218832,0.8833231280217776,1.0558220964185239e-13,3.3347687133401804e-18,0.0,690.0,1590.0,1930.0,2720.0
wet_low_load,40.0,3.9999999999999996e-05,30000.0,0.8833231280218832,0.8833231280217693,1.1390888232654106e-13,3.598195959936268e-18,0.0,1370.0,3180.0,3860.0,5430.0
wet_low_load,80.0,7.999999999999999e-05,60000.0,0.8833231280218832,0.8833231280217653,1.1790568521519162e-13,3.7244038690771586e-18,0.0,2730.0,6360.0,7720.0,10860.0
