regime,reference_flux_mol_m2_s,n2_permeance_mol_m2_s_pa,cathode_n2_partial_pressure_pa,hydrogen_feedback_exponent,mean_n2_crossover_flux_mol_m2_s,min_n2_crossover_flux_mol_m2_s,max_n2_crossover_flux_mol_m2_s,flux_reduction_fraction,mean_cell_current_a,min_hydrogen_feedback_factor,purge_count,mean_purge_period_s,max_nitrogen_mole_fraction,min_hydrogen_mole_fraction,final_nitrogen_mole_fraction,cumulative_n2_crossover_mol,cumulative_n2_purged_mol,h2_balance_error_mol,n2_balance_error_mol,water_balance_error_mol
dry_high_load,1e-06,1.2951894048960451e-11,77208.78477076966,0.0,9.97349791126579e-07,9.960695343189338e-07,1e-06,0.002650208873420934,45.14917141855492,1.0,19,50.94166666666666,0.0022098414623581727,0.9841941215853403,0.0017413022381632865,2.6258960267246536e-05,2.4421029795369143e-05,-1.905112352595939e-13,-1.1159659080075407e-19,-8.944667923005412e-19
nominal,1e-06,1.2951894048960451e-11,77208.78477076966,0.0,9.95977208643999e-07,9.938057659268548e-07,1e-06,0.004022791356001032,28.590845289895384,1.0,12,80.44545454545455,0.003482609032391976,0.9734377652321164,0.0023462178102925143,2.6222821904162436e-05,2.3746407923470308e-05,6.442979830212359e-15,-1.5500702934753696e-19,-3.4558944247975454e-19
wet_low_load,1e-06,1.2951894048960451e-11,77208.78477076966,0.0,9.933876367340338e-07,9.89148864750764e-07,1e-06,0.006612363265966148,16.207621807108282,1.0,7,141.90833333333333,0.006100877232672627,0.9468891833693358,0.002762033708023653,2.6154641746610948e-05,2.323933743867883e-05,8.061715357776666e-14,-1.24090326772755e-19,-1.5585406229479126e-19
dry_high_load,1e-06,1.2951894048960451e-11,77208.78477076966,1.0,9.97346325742169e-07,9.96063275464549e-07,1e-06,0.002653674257831029,45.08087994995163,0.9977561318830387,19,51.022222222222226,0.002213360403127222,0.9841906026445713,0.0017060952485186888,2.6258869028052083e-05,2.4458099249862982e-05,-1.8906317483802226e-15,-2.5008647767683218e-19,-2.032879073410321e-18
nominal,1e-06,1.2951894048960451e-11,77208.78477076966,1.0,9.959678708691397e-07,9.937902131755652e-07,1e-06,0.0040321291308602625,28.52449935403475,0.9964261638819123,12,80.64181818181818,0.0034913533180420827,0.9734290209464661,0.0022940450175962454,2.6222576052344752e-05,2.380123003366296e-05,-2.3089169465251302e-15,-3.091670257478196e-19,-1.8634724839594607e-18
wet_low_load,1e-06,1.2951894048960451e-11,77208.78477076966,1.0,9.933539935558677e-07,9.89099143187905e-07,1e-06,0.006646006444132269,16.144073341912158,0.9935688391311924,7,142.51666666666665,0.0061288323861059995,0.9468612282159025,0.0026766194452648097,2.615375596422388e-05,2.3328605721919397e-05,1.358505322124337e-15,1.6601845766184287e-19,4.404571325722362e-19
dry_high_load,2e-06,2.5903788097920902e-11,77208.78477076966,0.0,1.98942557305564e-06,1.984322251099468e-06,2e-06,0.005287213472179864,45.149171414564826,1.0,19,50.94166666666666,0.0044072817788141285,0.9819966812688843,0.0034734887501854336,5.2379062533820835e-05,4.871282316550607e-05,-1.8932576860419825e-13,-3.8370592510619805e-19,-3.713392440762853e-18
nominal,2e-06,2.5903788097920902e-11,77208.78477076966,0.0,1.983969151991052e-06,1.9753323089662323e-06,2e-06,0.008015424004474081,28.59084528875252,1.0,12,80.44545454545455,0.006934507365075558,0.9699858668994327,0.004673462742791066,5.2235401859089507e-05,4.7302599617234624e-05,3.886647947926036e-15,-6.539094352803199e-19,-2.4326786245143506e-18
wet_low_load,2e-06,2.5903788097920902e-11,77208.78477076966,0.0,1.9737073788090708e-06,1.9569257056964837e-06,2e-06,0.013146310595464561,16.207621807000095,1.0,7,141.90833333333333,0.012108916504762274,0.9408811440972462,0.005482924315100747,5.1965222332654e-05,4.617803992809284e-05,7.808207205806106e-14,-1.2790197503539935e-19,3.3203691532368573e-19
dry_high_load,2e-06,2.5903788097920902e-11,77208.78477076966,1.0,1.9893976769077745e-06,1.9842723325751873e-06,2e-06,0.005301161546112709,45.01274769734615,0.9955177443619806,19,51.10166666666667,0.004421314724735431,0.981982648322963,0.003333319929160081,5.2378328063482615e-05,4.88600357555474e-05,-1.454999315475547e-15,2.244637310223896e-19,-2.358139725155972e-18
nominal,2e-06,2.5903788097920902e-11,77208.78477076966,1.0,1.983893838993401e-06,1.975208369334379e-06,2e-06,0.008053080503299337,28.458337335272013,0.9928660010718523,12,80.84,0.0069693489028885905,0.9699510253616198,0.004465050471724226,5.223341896298775e-05,4.7520594192769266e-05,-5.464378949326942e-16,-9.147955830346444e-20,-3.57109090562413e-18
wet_low_load,2e-06,2.5903788097920902e-11,77208.78477076966,1.0,1.97347286178755e-06,1.9566818685583393e-06,2e-06,0.013263569106224948,16.0808198090808,0.9872218360152952,6,143.11,0.012177463270165948,0.9408125973318425,0.01215931663878245,5.195904779569124e-05,3.912498712670812e-05,3.2786273695961654e-16,-9.808641529204798e-19,6.098637220230962e-20
dry_high_load,5e-06,6.475947024480226e-11,77208.78477076966,0.0,4.934400131733481e-06,4.902832478171045e-06,5e-06,0.013119973653303862,45.1491714027161,1.0,19,50.94166666666666,0.010926176995595656,0.9754777860521028,0.008616070797896598,0.00012991652292374206,0.00012082232966983767,-1.8785233785179045e-13,2.927345865710862e-18,-3.144186300207963e-18
nominal,5e-06,6.475947024480226e-11,77208.78477076966,0.0,4.90092166068681e-06,4.847841535472848e-06,5e-06,0.01981566786263811,28.59084528537701,1.0,12,80.44545454545455,0.017109732588716793,0.9598106416757914,0.01154369814280828,0.00012903507706708863,0.00011685079675673777,6.887285880496918e-15,-1.6093625997831706e-19,-3.3542504711270293e-18
wet_low_load,5e-06,6.475947024480226e-11,77208.78477076966,0.0,4.838546427600153e-06,4.7368080026370595e-06,5e-06,0.03229071447996956,16.207621806684053,1.0,7,141.90833333333333,0.029595098165351212,0.9233949624366572,0.013407223713589742,0.00012739281596486026,0.00011324159944056527,7.87746604058448e-14,1.6567964448294115e-18,6.030874584450618e-19
dry_high_load,5e-06,6.475947024480226e-11,77208.78477076966,1.0,4.933951587780254e-06,4.9020610763838955e-06,5e-06,0.013209682443949267,44.80922438962693,0.9888352854698013,19,51.342777777777776,0.011012918658884548,0.975391044388814,0.007746241394099138,0.00012990471332800075,0.00012172861799617937,1.941155569618047e-15,1.8770250111155296e-18,-2.9002408113987244e-18
nominal,5e-06,6.475947024480226e-11,77208.78477076966,1.0,4.899721622002318e-06,4.8459388767670955e-06,5e-06,0.02005567559953647,28.26084276434815,0.9822670496695185,12,81.43636363636364,0.01732368047366808,0.9595966937908402,0.010249606889511834,0.00012900348156427146,0.00011818510413723111,1.1299555041643927e-15,6.522153693858113e-19,-1.836367429647323e-18
wet_low_load,5e-06,6.475947024480226e-11,77208.78477076966,1.0,4.836346165543687e-06,4.731844585885404e-06,5e-06,0.03273076689126264,15.894675822037419,0.9683593567782819,6,144.928,0.030153218501351498,0.922836842100657,0.028704152664576526,0.0001273348858440217,9.703788415447282e-05,-1.2501935250930352e-15,-4.2690460541616737e-19,3.049318610115481e-19
