regime,n2_crossover_flux_mol_m2_s,n2_crossover_rate_mol_s,purge_count,first_purge_time_s,mean_purge_period_s,max_nitrogen_mole_fraction,min_hydrogen_mole_fraction,final_nitrogen_mole_fraction,final_nitrogen_mol,cumulative_n2_crossover_mol,cumulative_n2_purged_mol,min_total_pressure_pa,max_total_pressure_pa,h2_balance_error_mol,n2_balance_error_mol,water_balance_error_mol
dry_high_load,0.0,0.0,19,50.949999999999996,50.94166666666666,0.0,0.9864039630476985,0.0,0.0,0.0,0.0,134718.32336111713,137325.00000000003,-1.0776969594505914e-16,0.0,-2.7647155398380363e-18
nominal,0.0,0.0,12,80.45,80.44545454545455,0.0,0.9769203742645083,0.0,0.0,0.0,0.0,134822.79288851458,137475.4891901925,-5.856860135766695e-14,0.0,-3.842141448745506e-18
wet_low_load,0.0,0.0,7,141.91,141.90833333333333,0.0,0.9529900606020084,0.0,0.0,0.0,0.0,134900.91184345976,142000.75819018282,-2.133688191408023e-14,0.0,-1.0164395367051604e-19
dry_high_load,2.5e-07,6.5821842298641126e-09,19,50.949999999999996,50.94166666666666,0.0005540187306433208,0.9858499443170553,0.0004364710157203143,4.60691637730765e-07,6.582184229867313e-06,6.121492592133113e-06,134718.3313725524,137325.00000000003,-4.54421439713415e-13,3.435247996708222e-18,-2.791820594150174e-18
nominal,2.5e-07,6.5821842298641126e-09,12,80.45,80.44545454545455,0.0008745232766932852,0.976045850987815,0.000588945853187948,6.216275992396224e-07,6.582184229867313e-06,5.9605566306266805e-06,134822.80089994986,137475.51488148634,6.510720781949253e-14,1.0102985478375667e-18,8.74138001566438e-19
wet_low_load,2.5e-07,6.5821842298641126e-09,7,141.91,141.90833333333333,0.0015369883232081518,0.9514530722788003,0.0006957242420205058,7.34331327674697e-07,6.582184229867313e-06,5.847852902192555e-06,134900.919854895,142000.86951912276,2.7725564899494515e-13,6.098637220230962e-20,7.657177843178875e-19
dry_high_load,5e-07,1.3164368459728225e-08,19,50.949999999999996,50.94166666666666,0.0011080373349220815,0.9852959257127765,0.0008729419050595842,9.213831420673565e-07,1.3164368459734626e-05,1.2242985317660427e-05,134718.33938398765,137325.00000000003,-5.098738271869241e-13,6.842967422630679e-18,-2.791820594150174e-18
nominal,5e-07,1.3164368459728225e-08,12,80.45,80.44545454545455,0.0017490463553023726,0.9751713279092059,0.001177891508220032,1.2432549893273282e-06,1.3164368459734626e-05,1.1921113470405272e-05,134822.80891138507,137475.54057278016,2.572822597329827e-13,2.025891051595473e-18,-2.7850443305721395e-18
wet_low_load,5e-07,1.3164368459728225e-08,7,141.91,141.90833333333333,0.003073976308664756,0.9499160842933437,0.0013914481415055059,1.4686622938059293e-06,1.3164368459734626e-05,1.169570616592857e-05,134900.92786633025,142000.98084806267,-6.269767691136074e-14,1.2620790914089075e-19,3.3203691532368573e-19
dry_high_load,1e-06,2.632873691945645e-08,19,50.949999999999996,50.94166666666666,0.0022160741643863047,0.9841878888833122,0.0017458833045953695,1.8427657505584198e-06,2.6328736919469253e-05,2.44859711688971e-05,134718.35540685814,137325.00000000003,1.0029520616794407e-14,1.373400396501804e-17,-1.599198204416119e-18
nominal,1e-06,2.632873691945645e-08,12,80.45,80.44545454545455,0.003498091918268541,0.9734222823462398,0.002355782223817203,2.486509142047617e-06,2.6328736919469253e-05,2.3842227777417587e-05,134822.8249342556,137475.59195536782,-2.9799643655459285e-13,4.048817487875556e-18,-1.0232158002831948e-18
wet_low_load,1e-06,2.632873691945645e-08,7,141.91,141.90833333333333,0.006147951266324277,0.9468421093356841,0.0027828949128699794,2.9373231414390475e-06,2.6328736919469253e-05,2.3391413778029967e-05,134900.94388920075,142001.20350594248,8.644192132922779e-14,2.380162581784584e-19,4.946672411965114e-19
dry_high_load,2e-06,5.26574738389129e-08,19,50.949999999999996,50.94166666666666,0.004432146306944215,0.9819718167407543,0.003491764587098586,3.685529366814876e-06,5.2657473838938505e-05,4.897194447209613e-05,134718.38745259919,137325.00000000003,3.3064588393638683e-13,2.750061869850537e-17,-4.689174395999807e-18
nominal,2e-06,5.26574738389129e-08,12,80.45,80.44545454545455,0.006996180667197012,0.9699241935973113,0.004711561277147701,4.9730149376720825e-06,5.2657473838938505e-05,4.7684458901258315e-05,134822.8569799966,137475.6947205431,-7.156233071403673e-14,8.107799371118163e-18,-9.690056916589196e-19
wet_low_load,2e-06,5.26574738389129e-08,7,141.91,141.90833333333333,0.012295897128635346,0.9406941634733732,0.005565784345183825,5.874640498195287e-06,5.2657473838938505e-05,4.6782833340742746e-05,134900.97593494182,142001.6488217022,1.7017203618463483e-13,4.726443845678996e-19,2.236166980751353e-19
dry_high_load,5e-06,1.3164368459728227e-07,19,50.949999999999996,50.94166666666666,0.01108035060371153,0.975323612443987,0.008729396302119045,9.213807409839735e-06,0.00013164368459708285,0.00012242987718747442,134718.4835898223,137325.00000000003,-1.9176175404533868e-13,-2.313026750385208e-16,-4.526544070126981e-18
nominal,5e-06,1.3164368459728227e-07,12,80.45,80.44545454545455,0.017490427898038903,0.9594299463664693,0.011778879414316008,1.2432512246108988e-05,0.00013164368459708285,0.00011921117235123576,134822.9531172197,137476.00301606904,-2.2448883030268263e-13,-2.6189750509334614e-16,-2.3242584072658e-18
wet_low_load,5e-06,1.3164368459728227e-07,7,141.91,141.90833333333333,0.03073970229164355,0.9222503583103648,0.013914419758948263,1.4686557860535718e-05,0.00013164368459708285,0.0001169571267368121,134901.0720721649,142002.98476898123,2.3619973164856756e-13,-2.649620702965122e-16,-3.7269449679189215e-19
