regime,hydrogen_feedback_exponent,anode_transfer_coefficient_m_s,mean_n2_crossover_flux_mol_m2_s,max_nitrogen_mole_fraction,min_hydrogen_mole_fraction,mean_cell_current_a,purge_count,mean_purge_period_s,final_relative_humidity,h2_balance_error_mol,n2_balance_error_mol,water_balance_error_mol
dry_high_load,0.0,1e-06,1.5110028060028537e-06,0.0033477865857498056,0.9830561764619488,45.14917141655298,19,50.94166666666666,0.255471375696373,-1.8934203163678553e-13,1.545835128739098e-19,-2.846030702774449e-18
nominal,0.0,1e-06,1.6904696538801986e-06,0.005909735269873412,0.971010638994635,28.590845289144145,12,80.44545454545455,0.43366929333076015,4.4048965863741074e-15,2.693564772268675e-19,-7.250602028496811e-19
wet_low_load,0.0,1e-06,3.5023949262584447e-06,0.021456256417090196,0.9315338041849183,16.20762180686862,7,141.90833333333333,0.883323128021883,7.891126987957797e-14,-7.945169045245337e-19,-1.0164395367051604e-19
dry_high_load,1.0,1e-06,1.5113763137879158e-06,0.003356764624022505,0.983047198423676,45.045606430416434,19,51.06333333333333,0.255471375696373,-3.8224631793148944e-15,-1.7448878713438587e-19,-1.8431436932253575e-18
nominal,1.0,1e-06,1.6911038676348494e-06,0.005937712896740739,0.9709826613677676,28.47799206439689,12,80.78181818181818,0.43366929333076015,5.611830444784971e-16,-1.4230153513872246e-19,-1.3484764520288461e-18
wet_low_load,1.0,1e-06,3.503649850267959e-06,0.02174330856214205,0.9312467520398664,15.981696119442237,6,144.07000000000002,0.883323128021883,-1.721713049906981e-16,1.0503208545953324e-19,1.1519648082658485e-19
dry_high_load,0.0,2e-06,1.4771596047847085e-06,0.003272893256174574,0.9831310697915239,45.14917141672616,19,50.94166666666666,0.255471375696373,-1.890011584737561e-13,-3.066259269060567e-19,-3.2255014631443757e-18
nominal,0.0,2e-06,1.7013552658568797e-06,0.005947989848658106,0.9709723844158502,28.59084528916407,12,80.44545454545455,0.43366929333076015,5.236262812235992e-15,6.039344913923161e-19,-3.0018847650692404e-18
wet_low_load,0.0,2e-06,4.03611915583756e-06,0.024711739122137602,0.9282783214798709,16.207621806809946,7,141.90833333333333,0.883323128021883,7.963898637775024e-14,1.9651164376299768e-19,2.236166980751353e-19
dry_high_load,1.0,2e-06,1.4774958535622263e-06,0.003281434255353469,0.983122528792345,45.04793434699084,19,51.06055555555556,0.255471375696373,8.905636644795933e-16,-1.6008922703106276e-19,-2.1955093992831465e-18
nominal,1.0,2e-06,1.701862177425241e-06,0.005976014400164309,0.9709443598643439,28.47727352144546,12,80.78454545454545,0.43366929333076015,-2.0578157233774874e-16,1.0842021724855044e-19,-3.57109090562413e-18
wet_low_load,1.0,2e-06,4.034740955463503e-06,0.025084143531005895,0.9279059170710026,15.947090430229647,6,144.408,0.883323128021883,-2.7972416050126014e-17,-1.2061749168901237e-18,2.778268066994105e-19
dry_high_load,0.0,4e-06,1.4336794874434992e-06,0.003176669929067533,0.983227293118631,45.149171416946665,19,50.94166666666666,0.255471375696373,-1.876758297381098e-13,5.128784495624789e-19,-4.30970363562988e-18
nominal,0.0,4e-06,1.713748597107951e-06,0.0059915553963975484,0.9709288188681108,28.590845289190614,12,80.44545454545455,0.43366929333076015,5.485846152342155e-15,4.404571325722362e-20,-2.757939276260002e-18
wet_low_load,0.0,4e-06,4.327511578485333e-06,0.0264874643036421,0.9265025962983664,16.207621806776785,7,141.90833333333333,0.883323128021883,8.007396828935143e-14,-3.4558944247975454e-19,-6.437450399132683e-19
dry_high_load,1.0,4e-06,1.4338510385492395e-06,0.0031842082439371418,0.9832197548037613,45.050932508903905,19,51.056666666666665,0.255471375696373,-7.279333386067677e-16,2.5961559833344305e-19,-1.5449880957918438e-18
nominal,1.0,4e-06,1.7141039903756414e-06,0.006019204641025165,0.9709011696234832,28.47645814607137,12,80.78545454545454,0.43366929333076015,1.7770073607037418e-15,9.402065714522734e-20,-2.622414004699314e-18
wet_low_load,1.0,4e-06,4.324354026695312e-06,0.026912267678142292,0.9260777929238662,15.928175863834062,6,144.59400000000002,0.883323128021883,-3.8012128167341785e-16,-1.5924219408380846e-19,2.236166980751353e-19
