time_s,stack_temperature_c,motupally_diffusivity_m2_s,motupally_ratio_to_v07,dry_n2_permeability_si,dry_n2_permeability_ratio_to_v07,water_saturation_pressure_pa,water_saturation_pressure_ratio_to_v07,inverse_temperature_ratio_to_v07
0.0,20.0,4.052558993342751e-11,0.5909484114354818,2.2379860483317518e-17,0.27577114844896494,2338.339978450019,0.3199543046443817,1.0675804195804197
1.0,20.12625089931032,4.0670818258745205e-11,0.5930661461379972,2.2576774304197626e-17,0.2781975778080782,2356.6880552708612,0.3224648660746599,1.0671208426878318
2.0,20.26598666067798,4.0832018744220735e-11,0.5954167885585241,2.279654081253702e-17,0.2809056046271261,2377.1427194210573,0.32526367116939575,1.066612639487586
3.0,20.404847542227685,4.099268996266149e-11,0.5977597131515268,2.301684024669138e-17,0.28362019831302915,2397.623091478561,0.32806599386879226,1.0661080974143367
4.0,20.542779494182298,4.115276094599328e-11,0.6000938850530889,2.3237564293501477e-17,0.28634002419954424,2418.1191794661927,0.33087046697383643,1.0656074028752192
5.0,20.679787840635186,4.1312229219519755e-11,0.6024192681769284,2.3458697671354557e-17,0.28906489398219554,2438.629659899448,0.3336769093925708,1.0651105264036103
6.0,20.815878741808888,4.1471093387679375e-11,0.60473584217282,2.368022653003093e-17,0.29179463699454855,2459.1533463085602,0.3364851587807199,1.0646174356680178
7.0,20.951058329513785,4.162935213425972e-11,0.607043587847616,2.3902137087744666e-17,0.2945290834134297,2479.6890623592435,0.33929505418084305,1.064128098612128
8.0,21.085332694650447,4.1787004206755986e-11,0.6093424869371598,2.4124415612978306e-17,0.297268064035088,2500.2356400797803,0.3421064357797471,1.0636424834973264
9.0,21.218707887297057,4.1944048415316144e-11,0.6116325220909039,2.4347048426308445e-17,0.3000114102976906,2520.7919199459857,0.344919144920112,1.06316055889956
10.0,21.351189916981184,4.210048363190789e-11,0.6139136768597627,2.4570021902482685e-17,0.30275895430691546,2541.3567509897002,0.3477330241153359,1.0626822937055795
11.0,21.48278475295217,4.225630878949313e-11,0.6161859356840749,2.4793322472451786e-17,0.3055105288609924,2561.928990903497,0.3505479170638623,1.0622076571092254
12.0,21.613498324452053,4.2411522881208514e-11,0.6184492838816528,2.501693662535524e-17,0.3082659674751694,2582.507506141317,0.35336366866294966,1.0617366186077675
13.0,21.743336520984258,4.2566124959550584e-11,0.6207037076359017,2.5240850910458152e-17,0.31102510440558007,2603.091172014996,0.3561801250218794,1.061269147998297
14.0,21.872305192580825,4.2720114135566576e-11,0.6229491939840189,2.546505193904122e-17,0.3137877746725319,2623.678872786832,0.3589971334746219,1.0608052153741707
15.0,22.00041015006775,4.2873489578050983e-11,0.6251857308052785,2.5689526386243714e-17,0.3165538140832165,2644.269501758186,0.36181454259195944,1.060344791121505
16.0,22.1276571653284,4.3026250512746933e-11,0.6274133068093852,2.591426099285943e-17,0.3193230592538394,2664.861961354173,0.36463220219307485,1.0598878459157188
17.0,22.25405197156533,4.3178396221553695e-11,0.6296319115249187,2.6139242567086055e-17,0.32209534763117675,2685.4551632045377,0.3674499633566171,1.05943435071813
18.0,22.37960026356012,4.3329926041739466e-11,0.6318415352878544,2.6364457986228344e-17,0.3248705175135619,2706.0480282207063,0.3702676784312451,1.058984276772594
19.0,22.50430769793178,4.348083936516e-11,0.6340421692301687,2.658989419835557e-17,0.3276484080713092,2726.63948666917,0.3730852010456679,1.0585375956021945
20.0,22.62817989339311,4.3631135637482835e-11,0.6362338052685276,2.6815538223913645e-17,0.330428859366579,2747.2284782411375,0.37590238611817584,1.0580942790059773
21.0,22.751222431005488,4.378081435741744e-11,0.6384164360930598,2.7041377157291274e-17,0.33321171237267627,2767.813952118604,0.37871908986568037,1.0576542990557345
22.0,22.873440854431806,4.3929875075950776e-11,0.64059005515621,2.7267398168341917e-17,0.33599680899280465,2788.3948670368295,0.3815351698122632,1.0572176280928283
23.0,22.99484067018801,4.407831739558936e-11,0.6427546566616864,2.749358850386122e-17,0.3387839920782717,2808.970191343369,0.3843504847972532,1.056784238725064
24.0,23.115427347892535,4.422614096960654e-11,0.6449102355534847,2.7719935489020332e-17,0.34157310544615077,2829.5389030535903,0.3871648949828229,1.056354103823604
25.0,23.235206320514237,4.437334550129618e-11,0.6470567875050047,2.7946426528755235e-17,0.3443639938964006,2850.099989902822,0.38997826186112405,1.0559271965199246
26.0,23.354182984618888,4.4519930743232027e-11,0.6491943089082507,2.817304910911359e-17,0.3471565032284618,2870.6524493952097,0.39279044826097237,1.0555034902028173
27.0,23.472362700613587,4.4665896496533026e-11,0.6513227968631184,2.8399790798557704e-17,0.349950480257312,2891.1952888492237,0.39560131835407447,1.055082958515429
28.0,23.589750792989832,4.481124261013502e-11,0.6534422491667744,2.8626639249226116e-17,0.35274577282901187,2911.7275254399947,0.3984107376608207,1.0546655753523448
29.0,23.706352550564816,4.495596898006823e-11,0.6555526643031203,2.885358219815232e-17,0.35554222983572226,2932.2481862384575,0.401218573055641,1.05425131485671
30.0,23.822173226721247,4.510007554874042e-11,0.6576540414323403,2.908060746844257e-17,0.3583397012302177,2952.7563082474135,0.40402469277193953,1.0538401514173925
31.0,23.937218039645302,4.524356230422707e-11,0.6597463803805496,2.930770297041238e-17,0.3611380380398904,2973.2509384344958,0.40682896640660504,1.0534320596661833
32.0,24.051492172563144,4.5386429279566605e-11,0.6618296816295179,2.9534856702681886e-17,0.3639370923802482,2993.731133762157,0.4096312649241142,1.0530270144750362
33.0,24.165000773975862,4.552867655206246e-11,0.6639039463064923,2.9762056753231826e-17,0.36673671746792574,3014.1959612147302,0.4124314606602345,1.0526249909533447
34.0,24.27774895789281,4.5670304242591255e-11,0.6659691761741081,2.998929130041939e-17,0.369536767633203,3034.6444978225795,0.41522942732532847,1.0522259644452554
35.0,24.38974180406325,4.58113125149163e-11,0.6680253736203794,3.0216548613954755e-17,0.3723370983320378,3055.075830683413,0.41802504000727003,1.0518299105270186
36.0,24.50098435820661,4.595170157500848e-11,0.6700725416487949,3.0443817055838904e-17,0.3751375661576222,3075.489056980842,0.4208181751739842,1.0514368050043752
37.0,24.611481632241066,4.6091471670372167e-11,0.6721106838684897,3.0671085081263085e-17,0.3779380288514658,3095.883284000185,0.42360871067560907,1.0510466239099785
38.0,24.721238604510688,4.6230623089378167e-11,0.674139804484517,3.089834123947082e-17,0.38073834531401757,3116.257629141633,0.42639652574629766,1.0506593435008493
39.0,24.83026022001087,4.636915616060206e-11,0.6761599082882007,3.1125574174581865e-17,0.38353837561481924,3136.611219930761,0.42918150100565594,1.0502749402558684
40.0,24.93855139061253,4.6507071252169446e-11,0.6781710006475866,3.135277262638032e-17,0.3863379810022161,3156.9431940265194,0.43196351845983644,1.0498933908732997
41.0,25.046116995284535,4.664436877110679e-11,0.6801730874979777,3.157992543106543e-17,0.38913702391260924,3177.252699226686,0.43474246150228407,1.0495146722683482
42.0,25.15296188031482,4.678104916269868e-11,0.6821661753325606,3.1807021521967334e-17,0.39193536797927453,3197.538893470877,0.4375182149141482,1.0491387615707497
43.0,25.25909085952975,4.691711290985117e-11,0.6841502711931219,3.203404993022663e-17,0.394732878040737,3217.8009448411135,0.4402906648643603,1.0487656361223943
44.0,25.364508714512397,4.705256053246154e-11,0.6861253826608588,3.226099978544029e-17,0.39752942014872955,3238.038031560109,0.4430596989093995,1.0483952734749784
45.0,25.469220194819002,4.718739258679358e-11,0.688091517847268,3.2487860316272125e-17,0.40032486157571573,3258.2493419871817,0.4458252059927331,1.0480276513876914
46.0,25.573230018194124,4.732160966485987e-11,0.6900486853851392,3.2714620851029825e-17,0.40311907082199977,3278.4340746119597,0.44858707644395573,1.0476627478249307
47.0,25.676542870784317,4.7455212393809295e-11,0.6919968944196234,3.294127081820903e-17,0.40591191762243095,3298.5914380458644,0.45134520197762346,1.0473005409540468
48.0,25.77916340735044,4.758820143532149e-11,0.6939361545994027,3.3167799747004327e-17,0.4087032729527003,3318.720651011467,0.45409947569179787,1.0469410091431197
49.0,25.881096251478425,4.772057748500676e-11,0.6958664760679395,3.3394197267787565e-17,0.4114930090352345,3338.820942329727,0.4568497920662998,1.046584130958764
50.0,25.98234599578865,4.7852341271812657e-11,0.6977878694548237,3.362045311255529e-17,0.41428099934470924,3358.891550905178,0.45959604696068196,1.0462298851639604
51.0,26.08291720214396,4.7983493557436006e-11,0.6997003458671984,3.384655711534414e-17,0.417067118613168,3378.9317257091234,0.4623381376119304,1.04587825071592
52.0,26.182814401856206,4.81140351357415e-11,0.7016039168812821,3.4072499212615686e-17,0.41985124283476394,3398.940725760866,0.46507596263189527,1.0455292067639723
53.0,26.28204209589154,4.8243966832186323e-11,0.703498594533978,3.429826944361121e-17,0.42263324927013174,3418.917820107063,0.46780942200446674,1.045182732647483
54.0,26.380604755074046,4.83732895032502e-11,0.7053843913145637,3.4523857950676654e-17,0.4254130164503918,3438.8622877991575,0.4705384170824862,1.0448388078937982
55.0,26.478506820288317,4.850200403587227e-11,0.7072613201564788,3.474925497955808e-17,0.42819042418079073,3458.77341786907,0.473262850584421,1.0444974122162163
56.0,26.575752702680518,4.863011134689376e-11,0.7091293944291984,3.4974450879669135e-17,0.4309653535439973,3478.6505093030905,0.4759826265907914,1.0441585255119827
57.0,26.672346783858075,4.875761238250596e-11,0.7109886279301832,3.5199436104329396e-17,0.4337376869030394,3498.4928710140503,0.4786976505403629,1.0438221278603153
58.0,26.768293416088056,4.888450811770494e-11,0.7128390348769289,3.542420121097564e-17,0.43650730790390724,3518.2998218118223,0.4814078292261105,1.043488199520451
59.0,26.86359692249414,4.901079955575174e-11,0.7146806298990929,3.564873686134552e-17,0.4392741014778168,3538.0706903721757,0.4841130707909561,1.043156720929721
60.0,26.95826159725243,4.913648772763881e-11,0.7165134280307155,3.5873033821634844e-17,0.44203795384314803,3557.804815204089,0.486813284723297,1.042827672701648
61.0,27.05229170578582,4.9261573691561814e-11,0.7183374447025174,3.6097082962628826e-17,0.4447987525070616,3577.5015446154775,0.48950838185231527,1.0425010356240672
62.0,27.145691484957013,4.93860585323977e-11,0.7201526957342879,3.6320875259806804e-17,0.44755638626678973,3597.160236677436,0.49219827434308605,1.042176790657276
63.0,27.238465143260385,4.950994336118857e-11,0.7219591973273599,3.6544401793422625e-17,0.4503107452106268,3616.78025918703,0.494882875691486,1.0418549189322017
64.0,27.330616861012516,4.963322931463134e-11,0.7237569660571673,3.676765374856045e-17,0.45306172071861656,3636.360989628687,0.49756210071891,1.041535401748594
65.0,27.422150790541195,4.975591755457244e-11,0.7255460188658769,3.699062241516478e-17,0.45580920546292253,3655.901815134144,0.5002358655667914,1.0412182205732439
66.0,27.513071056373576,4.987800926750948e-11,0.7273263730551214,3.721329918804898e-17,0.4585530934079327,3675.402132441168,0.5029040876909538,1.0409033570382198
67.0,27.60338175542273,4.9999505664097955e-11,0.7290980462788064,3.7435675566878793e-17,0.4612932798100568,3694.861347850903,0.5055666858557741,1.0405907929391296
68.0,27.693086957173136,5.0120407978663174e-11,0.7308610565359934,3.765774315613411e-17,0.46402966121725464,3714.278877184006,0.5082235801281815,1.0402805102334027
69.0,27.78219070386467,5.0240717468718856e-11,0.7326154221638798,3.78794936650474e-17,0.466762135468278,3733.65414573552,0.5108746918714819,1.0399724910385963
70.0,27.87069701067577,5.03604354144905e-11,0.7343611618308479,3.8100918907521964e-17,0.469490601691663,3752.986588228663,0.513519943739036,1.0396667176307177
71.0,27.95860986590492,5.047956311844469e-11,0.7360982945296027,3.832201080202715e-17,0.47221496030443905,3772.275648767371,0.5161592596677644,1.0393631724425731
72.0,28.04593323115131,5.059810190482413e-11,0.7378268395703903,3.8542761371473747e-17,0.4749351130105933,3791.5207807878464,0.5187925648715193,1.0390618380621346
73.0,28.132671041493893,5.071605311918749e-11,0.7395468165742888,3.8763162743068664e-17,0.4776509627992801,3810.7214470089425,0.5214197858342947,1.0387626972309263
74.0,28.218827205669527,5.0833418127955434e-11,0.7412582454665878,3.898320714814936e-17,0.48036241394278056,3829.877119381602,0.5240408503033085,1.0384657328424325
75.0,28.304405606249873,5.095019831796187e-11,0.742961146470245,3.920288692199938e-17,0.48306937199422995,3848.987279037275,0.5266556872819445,1.0381709279405258
76.0,28.389410099816985,5.106639509601077e-11,0.744655540099424,3.9422194503644547e-17,0.4857717437851057,3868.0514162353757,0.5292642270225627,1.037878265717911
77.0,28.473844517137763,5.118200988843756e-11,0.7463414471530977,3.9641122435630266e-17,0.48846943742248394,3887.0690303098218,0.5318664010191849,1.0375877295145945
78.0,28.557712663337327,5.1297044140677e-11,0.7480188887087478,3.9859663363781344e-17,0.4911623622860795,3906.0396296146964,0.5344621420000587,1.037299302816365
79.0,28.641018318071076,5.1411499316835655e-11,0.74968788611613,4.0077810036943246e-17,0.4938504290250577,3924.9627314690465,0.5370513839201052,1.0370129692533003
80.0,28.72376523569568,5.152537689926986e-11,0.7513484609911202,4.029555530670708e-17,0.4965335495546456,3943.837862100867,0.5396340619532538,1.036728712598286
81.0,28.805957145438924,5.1638678388168566e-11,0.7530006352096315,4.051289212711666e-17,0.4992116370525223,3962.6645565902945,0.5422101124846697,1.0364465167655572
82.0,28.886537566506718,5.1749940244302895e-11,0.7546230672888178,4.072698993566138e-17,0.5018498125043663,3981.198014817573,0.544746039592966,1.0361700028794953
83.0,28.967884786503816,5.1862443626993525e-11,0.7562636034387261,4.094415597891894e-17,0.5045257956365176,3999.9843109884137,0.5473165624354865,1.0358910073170902
84.0,29.048714754689513,5.197441371383306e-11,0.7578963630124871,4.116097137828824e-17,0.507197458032718,4018.727518842341,0.5498811895175089,1.0356139345398838
85.0,29.129002438406133,5.2085812439631054e-11,0.7595207909394933,4.1377353056413834e-17,0.509863775989637,4037.420594279053,0.5524389569970619,1.0353388673226502
86.0,29.20875103880013,5.219664080070591e-11,0.7611369017481644,4.15932932742664e-17,0.5125246541447046,4056.0630128011317,0.5549897931073331,1.0350657916292272
87.0,29.287964150532616,5.230690038725143e-11,0.7627447186268734,4.1808785511586273e-17,0.5151800121533855,4074.654355134348,0.5575336404791652,1.0347946921247946
88.0,29.36664535032105,5.2416592813282546e-11,0.7643442651113559,4.202382336538007e-17,0.5178297711161334,4093.19421194063,0.5600704431029617,1.0345255535859323
89.0,29.444798191015877,5.252571970781976e-11,0.7659355649561599,4.223840053315465e-17,0.520473853371795,4111.682182342313,0.5626001461267613,1.0342583609201381
90.0,29.522426201671465,5.263428271438909e-11,0.7675186421273545,4.2452510812250886e-17,0.523112182489401,4130.117873838411,0.5651226958447805,1.033993099164815
91.0,29.599532887704527,5.274228349064934e-11,0.7690935207970948,4.2666148099402686e-17,0.5257446832627319,4148.500902241042,0.5676380396887157,1.0337297534859722
92.0,29.676121731053,5.2849723708027086e-11,0.7706602253382986,4.287930639028865e-17,0.5283712817047937,4166.830891611741,0.5701461262190279,1.033468309176935
93.0,29.752196190333677,5.2956605051355775e-11,0.7722187803193843,4.309197977907044e-17,0.5309919050421289,4185.107474197254,0.572646905116158,1.0332087516570716
94.0,29.827759700998968,5.3062929218519966e-11,0.773769210499083,4.33041624579196e-17,0.5336064817089865,4203.330290364991,0.5751403271716947,1.032951066470534
95.0,29.902815675492377,5.31686979201042e-11,0.7753115408213181,4.351584871653315e-17,0.5362149413413527,4221.498988537979,0.5776263442794745,1.0326952392850148
96.0,29.97736750340306,5.327391287904621e-11,0.7768457964101491,4.372703294163699e-17,0.5388172147708321,4239.613225129501,0.5801049094266376,1.032441255890518
97.0,30.051418551619406,5.337857583029569e-11,0.7783720025647943,4.393770961647987e-17,0.5414132340184113,4257.672664477388,0.5825759766846377,1.032189102198145
98.0,30.12497216448139,5.348268852047644e-11,0.779890184754706,4.4147873320315804e-17,0.5440029322880823,4275.676978777933,0.5850395012001994,1.0319387642388944
99.0,30.198031663932227,5.358625270755435e-11,0.7814003686147271,4.435751872787791e-17,0.5465862439603578,4293.625848019585,0.5874954391862456,1.0316902281624754
100.0,30.270600349668484,5.3689270160508656e-11,0.782902579940299,4.456664060884008e-17,0.549163104585639,4311.518959916228,0.5899437479127676,1.0314434802361367
101.0,30.342681499289824,5.379174265900927e-11,0.7843968446827553,4.477523382727179e-17,0.5517334508774963,4329.356009840371,0.5923843856976843,1.0311985068435081
102.0,30.41427836844713,5.38936719930965e-11,0.7858831889446519,4.4983293341082115e-17,0.5542972207058191,4347.1367007559365,0.5948173118976449,1.0309552944834555
103.0,30.48539419099012,5.3995059962867325e-11,0.7873616389751922,4.519081420145583e-17,0.5568543530898675,4364.860743150961,0.597242486898821,1.0307138297689495
104.0,30.556032179113572,5.4095908378164296e-11,0.7888322211656903,4.539779155228085e-17,0.5594047881912163,4382.527854969997,0.5996598721076566,1.030474099425948
105.0,30.62619552350293,5.4196219058270027e-11,0.7902949620451167,4.560422062956767e-17,0.5619484673066014,4400.137761546443,0.6020694299416094,1.0302360902922905
106.0,30.695887393478642,5.4295993831605295e-11,0.7917498882756951,4.581009676086083e-17,0.5644853328606679,4417.690195534638,0.6044711238198589,1.0299997893166055
107.0,30.76511093713964,5.439523453543128e-11,0.7931970266485614,4.6015415364643095e-17,0.5670153283986286,4435.184896841847,0.606864918154,1.0297651835572317
108.0,30.833869281505883,5.4493943015556804e-11,0.7946364040794937,4.6220171949732247e-17,0.5695383985788298,4452.621612560158,0.6092507783387247,1.02953226018115
109.0,30.902165532659865,5.4592121126049e-11,0.7960680476046936,4.642436211467132e-17,0.5720544891652393,4470.000096898229,0.611628670742483,1.0293010064629295
110.0,30.97000277588728,5.4689770728948013e-11,0.7974919843766264,4.6627981547112435e-17,0.5745635470198523,4487.320111113035,0.6139985626981439,1.0290714097836835
111.0,31.037384075816533,5.478689369398688e-11,0.7989082416599357,4.6831026023192914e-17,0.5770655200950049,4504.581423441442,0.6163604224936327,1.02884345763004
112.0,31.104312476557595,5.488349189831409e-11,0.800316846827398,4.7033491406907574e-17,0.5795603574256385,4521.783809031866,0.6187142193625794,1.0286171375931221
113.0,31.170791001839746,5.497956722622116e-11,0.8017178273559503,4.7235373649473944e-17,0.5820480091214782,4538.927049875826,0.6210599234749541,1.028392437367541
114.0,31.23682265514833,5.5075121568873614e-11,0.8031112108227669,4.743666878869189e-17,0.5845284263591418,4556.010934739485,0.6233975059276989,1.0281693447504
115.0,31.302410419860735,5.517015682404619e-11,0.8044970249013986,4.763737294829869e-17,0.5870015613741929,4573.035259095234,0.6257269387353674,1.0279478476403097
116.0,31.367557259381442,5.5264674895861724e-11,0.8058752973579647,4.783748233731891e-17,0.58946736745313,4589.9998250533035,0.628048194820766,1.0277279340364158
117.0,31.43226611727613,5.5358677694534565e-11,0.8072460560474116,4.803699324941016e-17,0.5919257989253243,4606.904441293382,0.6303612480055982,1.0275095920374355
118.0,31.496539917404675,5.54521671361164e-11,0.8086093289098062,4.823590206220262e-17,0.5943768111548815,4623.748922996265,0.6326660730011121,1.027292809840708
119.0,31.560381564053785,5.554514514224758e-11,0.8099651439667103,4.843420523663724e-17,0.5968203605324871,4640.533091775693,0.6349626453987732,1.0270775757412514
120.0,31.62379394206812,5.5637613639910767e-11,0.8113135293175874,4.863189931629763e-17,0.5992564044671732,4657.256775610103,0.6372509416609268,1.026863878130835
121.0,31.686779916980925,5.572957456118918e-11,0.8126545131362781,4.882898092673921e-17,0.6016849013780525,4673.919808774605,0.6395309391114893,1.026651705497059
122.0,31.74934233514375,5.582102984302809e-11,0.8139881236675219,4.902544677481558e-17,0.6041058106860174,4690.522031773038,0.6418026159266527,1.0264410464224445
123.0,31.81148402385503,5.5911981427e-11,0.8153143892235332,4.922129364799998e-17,0.6065190928053792,4707.063291270083,0.6440659511255946,1.0262318895835358
124.0,31.8732077914882,5.600243125907359e-11,0.8166333381806317,4.941651841370536e-17,0.6089247091354892,4723.543440023625,0.6463209245612244,1.0260242237500112
125.0,31.934516427618632,5.609238128938599e-11,0.8179449989759219,4.9611118018601605e-17,0.611322622052326,4739.96233681718,0.6485675169109355,1.0258180377838026
126.0,31.99541270314984,5.6181833472018757e-11,0.8192494001040266,4.980508948792865e-17,0.6137127949000311,4756.319846392508,0.650805709667387,1.025613320638228
127.0,32.055899370438794,5.627078976477706e-11,0.8205465701138663,4.999842992480929e-17,0.616095191982441,4772.6158393823935,0.6530354851293045,1.025410061357131
128.0,32.115979163420434,5.6359252128972626e-11,0.821836537605495,5.0191136509558436e-17,0.6184697785545765,4788.85019224361,0.6552568263923082,1.0252082490740315
129.0,32.17565479773134,5.644722252921005e-11,0.8231193312269833,5.0383206498991465e-17,0.6208365208141187,4805.022787190107,0.6574697173397707,1.0250078730112837
130.0,32.234928970832584,5.6534702933176064e-11,0.8243949796713458,5.0574637225730115e-17,0.6231953858928572,4821.133512126369,0.6596741426336988,1.024808922479246
131.0,32.29380436213171,5.662169531143286e-11,0.8256635116735276,5.0765426097507204e-17,0.625546341848122,4837.182260581011,0.6618700877056474,1.0246113868754587
132.0,32.35228363310381,5.6708201637213867e-11,0.8269249560074259,5.095557059646989e-17,0.6278893576541982,4853.168931640553,0.6640575387476574,1.0244152556838302
133.0,32.41036942741198,5.679422388622334e-11,0.8281793414829678,5.1145068278481853e-17,0.6302244031937274,4869.093429883505,0.6662364827032373,1.0242205184738338
134.0,32.46806437102697,5.687976403643937e-11,0.8294266969432375,5.133391677242523e-17,0.6325514492491057,4884.955665314681,0.6684069072583746,1.0240271648997108
135.0,32.525371072345706,5.696482406791918e-11,0.8306670512616378,5.152211377950037e-17,0.6348704674938556,4900.755553299705,0.6705688008325752,1.0238351846996858
136.0,32.58229212230947,5.704940596260877e-11,0.8319004333391135,5.1709657072526155e-17,0.6371814304840036,4916.493014499862,0.6727221525699483,1.0236445676951869
137.0,32.63883009452081,5.713351170415444e-11,0.8331268721014032,5.1896544495239235e-17,0.6394843116494456,4932.167974807152,0.67486695233032,1.023455303790077
138.0,32.69498754536011,5.721714327771841e-11,0.8343463964963513,5.2082773961593745e-17,0.641779085285318,4947.780365279689,0.6770031906803945,1.0232673829698926
139.0,32.75076701410103,5.730030266979688e-11,0.835559035491254,5.226834345505999e-17,0.6440657265433556,4963.330122077339,0.6791308588849466,1.0230807953010903
140.0,32.80617102302551,5.7382991868041513e-11,0.8367648180702569,5.245325102792432e-17,0.6463442114232645,4978.817186397718,0.6812499488980653,1.0228955309303023
141.0,32.86120207753754,5.7465212861083474e-11,0.8379637732317885,5.263749480058799e-17,0.6486145167640821,4994.241504412385,0.6833604533544224,1.0227115800835995
142.0,32.91586266627655,5.75469676383606e-11,0.8391559299860404,5.282107296086757e-17,0.6508766202355576,5009.6030272034595,0.6854623655605999,1.0225289330657628
143.0,32.970155261229934,5.7628258189947605e-11,0.8403413173524913,5.30039837632946e-17,0.6531305003295208,5024.901710700496,0.6875556794864531,1.0223475802595627
144.0,33.02408231784483,5.770908650638921e-11,0.8415199643574734,5.3186225528418154e-17,0.6553761363512892,5040.1375156177355,0.6896403897565244,1.0221675121250444
145.0,33.07764627513899,5.778945457853555e-11,0.8426919000317729,5.336779664210489e-17,0.6576135084110424,5055.310407391602,0.6917164916414906,1.0219887191988248
146.0,33.13084955581104,5.786936439738104e-11,0.8438571534082793,5.354869555484334e-17,0.6598425974152494,5070.420356118607,0.6937839810496671,1.0218111920933917
147.0,33.18369456635014,5.7948817953905936e-11,0.845015753519676,5.3728920781047494e-17,0.6620633850580876,5085.46733649362,0.6958428545185611,1.0216349214964155
148.0,33.23618369714461,5.802781723892001e-11,0.8461677293961603,5.3908470898361506e-17,0.6642758538128746,5100.451327748409,0.6978931092064622,1.0214598981700647
149.0,33.28831932258993,5.810636424290986e-11,0.8473131100632171,5.40873445469671e-17,0.6664799869235342,5115.372313590577,0.6999347428840866,1.0212861129503306
150.0,33.340103801196165,5.818446095588815e-11,0.84845192453942,5.426554042889062e-17,0.6686757683960575,5130.230282142895,0.7019677539262775,1.0211135567463585
151.0,33.39153947569446,5.826210936724574e-11,0.8495842018342759,5.444305730731335e-17,0.6708631829900046,5145.025225882923,0.7039921413037414,1.0209422205397862
152.0,33.44262867314302,5.833931146560686e-11,0.850709970946112,5.4619894005882856e-17,0.673042216210019,5159.757141583112,0.7060079045748539,1.0207720953840889
153.0,33.49337370503213,5.841606923868599e-11,0.8518292608599899,5.4796049408025884e-17,0.6752128542973602,5174.426030251148,0.7080150438774965,1.0206031724039313
154.0,33.54377686738866,5.849238467314803e-11,0.8529421005456659,5.4971522456263277e-17,0.6773750842214626,5189.031897070787,0.7100135599209606,1.0204354427945284
155.0,33.59384044087983,5.856825975447068e-11,0.8540485189555845,5.514631215152745e-17,0.679528893671525,5203.574751343013,0.7120034539778971,1.0202688978210095
156.0,33.64356669091626,5.864369646680948e-11,0.8551485450229105,5.532041755248177e-17,0.6816742710481236,5218.05460642763,0.7139847278763235,1.0201035288177913
157.0,33.692957867754274,5.871869679286486e-11,0.8562422076595896,5.5493837774841853e-17,0.6838112054548489,5232.471479685183,0.7159573839916777,1.0199393271879573
158.0,33.74201620659767,5.879326271375239e-11,0.8573295357544575,5.566657199069985e-17,0.68593968668998,5246.8253924193705,0.7179214252389378,1.0197762844026437
159.0,33.79074392769854,5.886739620887472e-11,0.8584105581713715,5.583861942785013e-17,0.6880597052381743,5261.116369819732,0.7198768550647804,1.0196143920004301
160.0,33.839143236457744,5.894109925579612e-11,0.8594853037473816,5.600997936911892e-17,0.690171252262208,5275.344440904864,0.7218236774398107,1.0194536415867397
161.0,33.88721632352434,5.901437383011941e-11,0.8605538012909361,5.61806511516953e-17,0.6922743195947325,5289.50963846593,0.7237618968508328,1.0192940248332425
162.0,33.93496536489482,5.908722190536553e-11,0.8616160795801244,5.635063416646616e-17,0.6943688997300788,5303.611999010705,0.7256915182931942,1.0191355334772667
163.0,33.982223804879084,5.915938769608641e-11,0.8626684087246611,5.651932480509057e-17,0.6964475548307537,5317.60156136124,0.7276057055950388,1.0189787190771102
164.0,34.0296745449931,5.923191343429677e-11,0.863725986661318,5.668915748732012e-17,0.6985402825248125,5331.680237433207,0.7295320862986291,1.0188213151263044
165.0,34.076812539820196,5.930402697136576e-11,0.8647775538376111,5.685832392087867e-17,0.7006248005090168,5345.698118268112,0.7314501484095512,1.0186649967584993
166.0,34.12363241594818,5.937571880587752e-11,0.8658229717028962,5.702679680716703e-17,0.7027007724020894,5359.65302565616,0.7333595938840624,1.0185097808078525
167.0,34.17013618746489,5.944699074130713e-11,0.8668622665556363,5.719457535118957e-17,0.704768188407863,5373.544978211475,0.7352604252691267,1.0183556596144878
168.0,34.216325963724614,5.951784474587521e-11,0.8678954670966309,5.73616592010429e-17,0.7068270441900818,5387.374030530103,0.7371526500351037,1.018202625218404
169.0,34.262203841565224,5.958828278748971e-11,0.8689226020221211,5.752804806070918e-17,0.7088773361011278,5401.140241097227,0.7390362761845022,1.0180506697167255
170.0,34.30777190380729,5.96583068311977e-11,0.8699436999866295,5.769374168367232e-17,0.7109190611033581,5414.843671758643,0.7409113121796624,1.0178997852684453
171.0,34.35303221932486,5.972791883904527e-11,0.8709587896009185,5.785873987218688e-17,0.7129522167600958,5428.484387660668,0.7427777669345339,1.0177499640939547
172.0,34.39798684313854,5.979712076997551e-11,0.871967899430502,5.802304247663338e-17,0.7149768012276864,5442.062457197336,0.7446356498074501,1.0176011984745081
173.0,34.44263781650881,5.986591457972844e-11,0.8729710579941865,5.818664939487868e-17,0.7169928132476153,5455.577951958272,0.7464849705939965,1.0174534807516875
174.0,34.48698716702819,5.993430222074374e-11,0.873968293762653,5.834956057164028e-17,0.7190002521386758,5469.030946676853,0.7483257395199169,1.0173068033268742
175.0,34.53103690871313,6.00022856420647e-11,0.8749596351570549,5.851177599785332e-17,0.7209991177891678,5482.421519178909,0.7501579672340944,1.0171611586607254
176.0,34.57478904209523,6.006986678924464e-11,0.8759451105476558,5.867329571004269e-17,0.7229894106491619,5495.749750331851,0.7519816648015909,1.0170165392726567
177.0,34.61824555431156,6.013704760425513e-11,0.8769247482524889,5.88341197896967e-17,0.7249711317227805,5509.015723994119,0.7537968436967297,1.01687293774033
178.0,34.661408419194856,6.020383002539619e-11,0.8778985765360489,5.899424836264697e-17,0.7269442825605574,5522.219526965283,0.7556035157962678,1.0167303466991449
179.0,34.704279597362756,6.027021598720819e-11,0.8788666236080067,5.915368159845054e-17,0.7289088652518239,5535.361248936392,0.7574016933726027,1.016588758841737
180.0,34.74686103630654,6.03362074203858e-11,0.8798289176219549,5.931241970977666e-17,0.7308648824171523,5548.440982440863,0.7591913890870516,1.0164481669174807
181.0,34.789154670479206,6.040180625169368e-11,0.8807854866741784,5.947046295179616e-17,0.7328123372008317,5561.458822805744,0.7609726159831841,1.0163085637319973
182.0,34.831162421383056,6.0467014403884e-11,0.8817363588024513,5.962781162157672e-17,0.7347512332634165,5574.414868103484,0.7627453874802216,1.016169942146667
183.0,34.87288619765661,6.053183379561572e-11,0.8826815619848603,5.978446605748041e-17,0.7366815747743026,5587.3092191041,0.764509717366493,1.0160322950781475
184.0,34.914327895161136,6.059626634137592e-11,0.8836211241386569,5.994042663856688e-17,0.738603366404373,5600.141979227829,0.7662656197929562,1.015895615497895
185.0,34.95548939706623,6.066031395140235e-11,0.8845550731191292,6.009569378399912e-17,0.7405166133186761,5612.913254498156,0.7680131092667699,1.015759896431693
186.0,34.996372573935105,6.072397853160802e-11,0.8854834367185006,6.025026795245362e-17,0.742421321169157,5625.623153495323,0.769752200644934,1.015625130959183
187.0,35.03697928380927,6.078726198350769e-11,0.8864062426648592,6.040414964153591e-17,0.7443174960874557,5638.271787310281,0.7714829091279874,1.0154913122134022
188.0,35.07731137229251,6.085016620414536e-11,0.8873235186211005,6.055733938719873e-17,0.7462051446777376,5650.859269499055,0.7732052502537643,1.0153584333803234
189.0,35.117370672634365,6.091269308602412e-11,0.8882352921839026,6.070983776316488e-17,0.748084274009582,5663.385716037558,0.7749192398912115,1.0152264876984023
190.0,35.15715900581324,6.09748445170373e-11,0.8891415908827252,6.086164538035522e-17,0.7499548916109333,5675.851245276894,0.7766248942342722,1.0150954684581264
191.0,35.19667818061856,6.103662238040107e-11,0.8900424421788241,6.10127628863189e-17,0.7518170054610805,5688.255977898985,0.7783222297958151,1.0149653690015705
192.0,35.23592999373278,6.109802855458912e-11,0.8909378734643,6.116319096467067e-17,0.7536706239837233,5700.600036872779,0.7800112634016415,1.0148361827219556
193.0,35.274916229812504,6.115906491326832e-11,0.8918279120611603,6.13129303345294e-17,0.7555157560400535,5712.883547410747,0.7816920121845335,1.0147079030632125
194.0,35.313638661569314,6.121973332523616e-11,0.8927125852204061,6.146198174996331e-17,0.757352410921919,5725.106636925937,0.7833644935783772,1.014580523519549
195.0,35.352099049849926,6.128003565435995e-11,0.8935919201211465,6.161034599943858e-17,0.7591805983450292,5737.269434989396,0.7850287253123374,1.014454037635023
196.0,35.39029914371582,6.133997375951699e-11,0.894465943869726,6.175802390527255e-17,0.7610003284422178,5749.372073288038,0.7866847254050917,1.014328439003117
197.0,35.428240680522265,6.139954949453657e-11,0.8953346834988777,6.190501632309002e-17,0.762811611756742,5761.4146855829185,0.7883325121591224,1.0142037212663206
198.0,35.46592538599708,6.145876470814367e-11,0.8961981659669038,6.205132414128668e-17,0.7646144592356721,5773.3974076680415,0.7899721041550791,1.0140798781157137
199.0,35.50335497431854,6.151762124390329e-11,0.8970564181568629,6.219694828049486e-17,0.7664088822233072,5785.3203773294545,0.7916035202461824,1.0139569032905538
200.0,35.54053114819288,6.157612094016699e-11,0.8979094668757903,6.234188969305302e-17,0.7681948924546388,5797.183734304867,0.7932267795526979,1.0138347905778715
