current_a,vcell_bol_typ_v,heat_rejection_w,inlet_temperature_c,target_stack_temperature_c,status,active_constraint,stoichiometric_floor_slpm,thermal_required_slpm,target_air_flow_slpm
7.3,0.83,30.878999999999994,10.0,29.879,reachable,thermal,60.589999999999996,77.02423533054798,77.02423533054798
7.3,0.83,30.878999999999994,20.0,29.879,reachable,thermal,60.589999999999996,154.9918791513272,154.9918791513272
7.3,0.83,30.878999999999994,30.0,29.879,target_unreachable,ambient_temperature,60.589999999999996,,
14.5,0.8,65.68499999999997,10.0,33.695,reachable,thermal,120.35,137.45742149904174,137.45742149904174
14.5,0.8,65.68499999999997,20.0,33.695,reachable,thermal,120.35,237.82793738005077,237.82793738005077
14.5,0.8,65.68499999999997,30.0,33.695,reachable,thermal,120.35,881.475941114966,881.475941114966
26.04,0.7681655172413794,126.25089931034476,10.0,39.8112,reachable,stoichiometric_floor,216.132,209.99730627578077,216.132
26.04,0.7681655172413794,126.25089931034476,20.0,39.8112,reachable,thermal,216.132,315.99659267730163,315.99659267730163
26.04,0.7681655172413794,126.25089931034476,30.0,39.8112,reachable,thermal,216.132,638.0740069358042,638.0740069358042
