temperature_points,reference_temperature_points,metric,value,reference_value,relative_change,absolute_relative_change
3,9,mean_n2_crossover_flux_mol_m2_s,9.569048815154874e-07,9.248918965555474e-07,0.034612677523894186,0.034612677523894186
3,9,max_nitrogen_mole_fraction,0.002675184214151054,0.0025983740779018496,0.029560846108512395,0.029560846108512395
3,9,cumulative_n2_crossover_mol,5.038819376472983e-06,4.8702470846696275e-06,0.034612677523894186,0.034612677523894186
3,9,cumulative_n2_purged_mol,2.4497477177687775e-06,2.3737442027767977e-06,0.032018409946223736,0.032018409946223736
3,9,mean_purge_period_s,80.57,80.56,0.00012413108242292914,0.00012413108242292914
5,9,mean_n2_crossover_flux_mol_m2_s,9.299834082959656e-07,9.248918965555474e-07,0.00550498037595526,0.00550498037595526
5,9,max_nitrogen_mole_fraction,0.002615660738926007,0.0025983740779018496,0.006652876185601508,0.006652876185601508
5,9,cumulative_n2_crossover_mol,4.897057699296787e-06,4.8702470846696275e-06,0.00550498037595526,0.00550498037595526
5,9,cumulative_n2_purged_mol,2.390063601210788e-06,2.3737442027767977e-06,0.006874960838198163,0.006874960838198163
5,9,mean_purge_period_s,80.56,80.56,0.0,0.0
7,9,mean_n2_crossover_flux_mol_m2_s,9.266030274055465e-07,9.248918965555474e-07,0.0018500874062921113,0.0018500874062921113
7,9,max_nitrogen_mole_fraction,0.002601545075702352,0.0025983740779018496,0.0012203777075328048,0.0012203777075328048
7,9,cumulative_n2_crossover_mol,4.879257467466506e-06,4.8702470846696275e-06,0.0018500874062921113,0.0018500874062921113
7,9,cumulative_n2_purged_mol,2.3771472305619285e-06,2.3737442027767977e-06,0.001433611836165749,0.001433611836165749
7,9,mean_purge_period_s,80.56,80.56,0.0,0.0
9,9,mean_n2_crossover_flux_mol_m2_s,9.248918965555474e-07,9.248918965555474e-07,0.0,0.0
9,9,max_nitrogen_mole_fraction,0.0025983740779018496,0.0025983740779018496,0.0,0.0
9,9,cumulative_n2_crossover_mol,4.8702470846696275e-06,4.8702470846696275e-06,0.0,0.0
9,9,cumulative_n2_purged_mol,2.3737442027767977e-06,2.3737442027767977e-06,0.0,0.0
9,9,mean_purge_period_s,80.56,80.56,0.0,0.0
