current_a,stack_air_flow_slpm,purge_period_s,cycles_completed,converged,cycle_state_error,cycle_state_error_component,mean_cell_voltage_v,mean_reversible_voltage_v,mean_activation_loss_v,mean_membrane_ohmic_loss_v,mean_additional_resolved_loss_v,min_cell_voltage_v,max_cell_voltage_v,mean_stack_temperature_k,mean_membrane_water_content,mean_anode_water_activity,mean_cathode_water_activity,mean_anode_nitrogen_mol,mean_stack_power_w,target_stack_temperature_k,temperature_error_k,oxygen_stoichiometry,membrane_conductivity_multiplier,selected_air_flow_slpm,airflow_iterations,thermal_target_bracketed,manual_bol_cell_voltage_v,model_minus_manual_v,status,error
5.0,115.50833333333334,460.0,7,True,4.197482540654755e-05,membrane_mean_water_content,0.8566724178597394,1.2323591382697934,0.35274303894034315,0.022943681469711166,0.0,0.8566411454179814,0.8566939751707534,301.87130298290043,3.010907904724246,0.3732715814809323,0.37341671462970843,1.912696817547139e-06,42.83362089298697,301.81,0.061302982900429015,139.16666666666666,1.0,115.50833333333334,5,True,0.8804109589041096,-0.02373854104437023,ok,
5.0,114.00972222222222,460.0,7,True,4.65004667099282e-05,membrane_mean_water_content,0.8642485127740656,1.2323274727096363,0.3528175537640907,0.015261406171480103,0.0,0.8642154276983144,0.8642763754470295,301.80690847961097,3.0183975460004184,0.3756802867832353,0.37582640337091106,1.9152035182347697e-06,43.21242563870328,301.81,-0.0030915203890344856,137.36111111111111,1.5,114.00972222222222,6,True,0.8804109589041096,-0.016162446130044028,ok,
5.0,111.85546875,460.0,7,True,4.810807987838822e-05,membrane_mean_water_content,0.8680883678333142,1.2322695085009367,0.3527467403559323,0.01143440031169022,0.0,0.8680542118107981,0.8681196118098246,301.8716161906211,3.018679191885646,0.37577081830240017,0.3759174658499662,1.9236353933250896e-06,43.404418391665715,301.81,0.061616190621123224,134.765625,2.0,111.85546875,7,True,0.8804109589041096,-0.012322591070795363,ok,
10.0,211.53472222222223,230.0,8,True,4.8746809826438544e-05,membrane_mean_water_content,0.816773844499344,1.2319321002070192,0.3680445537298676,0.04711370197780751,0.0,0.8167599682015654,0.8167781043950333,304.42804348059724,2.8688150378636217,0.32830588863973464,0.3285491936935221,1.0178154974063852e-06,81.6773844499344,304.46,-0.03195651940274047,127.43055555555554,1.0,211.53472222222223,5,True,0.81875,-0.001976155500655996,ok,
10.0,199.92048611111113,230.0,8,True,6.394613544912113e-05,membrane_mean_water_content,0.8325617152184213,1.231751274599569,0.3679193488963374,0.03127021048481032,0.0,0.8325523024401649,0.8325658577100493,304.5522548371765,2.8749325889848993,0.3301728705112992,0.3304146764169377,1.0305459261259102e-06,83.25617152184212,304.46,0.09225483717654015,120.43402777777779,1.5,199.92048611111113,7,True,0.81875,0.013811715218421283,ok,
10.0,196.54861111111114,230.0,8,True,6.463295256457462e-05,membrane_mean_water_content,0.8403355543476227,1.2317013072821483,0.36797269055368625,0.02339306238083931,0.0,0.8403236520774122,0.8403411007041695,304.5048157906914,2.882098076586069,0.33237106671839917,0.33261477012256135,1.0328824897110854e-06,84.03355543476228,304.46,0.04481579069141617,118.40277777777779,2.0,196.54861111111114,5,True,0.81875,0.02158555434762277,ok,
15.0,290.32708333333335,153.33333333333334,10,True,9.263496243504683e-05,membrane_mean_water_content,0.7827648455701802,1.2314567502705935,0.37581203484278325,0.07287986985763009,0.0,0.782727579230499,0.7827789970738627,307.2070782509927,2.720958465858446,0.28644123456827825,0.2867343344486924,7.278707400368975e-07,117.41472683552703,307.10999999999996,0.09707825099275169,116.59722222222221,1.0,290.32708333333335,4,True,0.7986206896551724,-0.015855844084992188,ok,
15.0,273.46770833333335,153.33333333333334,11,True,5.167477276643686e-05,membrane_mean_water_content,0.8072003642553138,1.231264980890069,0.3758977595975187,0.04816685703723641,0.0,0.8071801501735442,0.8072064603546505,307.1333944633039,2.7412261580316124,0.29178143587837524,0.29210001661314366,7.355309032413834e-07,121.08005463829707,307.10999999999996,0.023394463303930024,109.82638888888889,1.5,273.46770833333335,5,True,0.7986206896551724,0.008579674600141418,ok,
15.0,263.3520833333333,153.33333333333334,11,True,5.855600727962776e-05,membrane_mean_water_content,0.8193003797992011,1.231133101972876,0.3758604178953185,0.035972304278356536,0.0,0.8192890976740037,0.8193034716419564,307.17534442027835,2.7489851612210767,0.29386015878847727,0.2941810575051292,7.417360706620884e-07,122.89505696988017,307.10999999999996,0.06534442027839305,105.76388888888887,2.0,263.3520833333333,6,True,0.7986206896551724,0.020679690144028706,ok,
20.0,372.11666666666673,115.0,13,True,5.593164945121336e-05,membrane_mean_water_content,0.7492153223449254,1.2311420301900118,0.3808995731590055,0.1010271346860806,0.0,0.7491524821819702,0.7492506281121981,309.7107630393876,2.575497703123932,0.2517608667495595,0.2521010799952244,5.704042296946108e-07,149.84306446898506,309.76,-0.049236960612404346,112.08333333333334,1.0,372.11666666666673,5,True,0.7848275862068966,-0.03561226386197125,ok,
20.0,336.15000000000003,115.0,13,True,7.17085645493535e-05,membrane_mean_water_content,0.783493581298922,1.230779577625659,0.380796182122176,0.0664898142045612,0.0,0.7834561861215963,0.7835128680931732,309.82966257732335,2.597564971017886,0.25663302271523514,0.25698183541034575,5.842073678595158e-07,156.6987162597844,309.76,0.06966257732335635,101.25,1.5,336.15000000000003,5,True,0.7848275862068966,-0.0013340049079746397,ok,
20.0,324.16111111111115,115.0,13,True,7.362539772409803e-05,membrane_mean_water_content,0.8002507944431492,1.230656558550824,0.3809399312306364,0.04946583287703861,0.0,0.8002260917922487,0.8002621812751497,309.69406032391976,2.617050536153488,0.26104506164176966,0.26140395429002866,5.878775998751926e-07,160.05015888862982,309.76,-0.06593967608023377,97.6388888888889,2.0,324.16111111111115,5,True,0.7848275862068966,0.015423208236252539,ok,
26.04,468.8863666666666,88.32565284178187,16,True,6.340880601142212e-05,membrane_mean_water_content,0.7056066323340917,1.230790676115786,0.3847636971256865,0.14042034665600822,0.0,0.7055059448892268,0.7056729251026335,312.9289323167263,2.377730943768671,0.2132207877061864,0.21357068660288636,4.6192256242126043e-07,183.73996705979746,312.96119999999996,-0.03226768327368745,108.47222222222221,1.0,468.8863666666666,5,True,0.7681655172413794,-0.06255888490728767,ok,
26.04,414.253,88.32565284178187,16,True,6.843023453916826e-05,membrane_mean_water_content,0.7540817003822421,1.230345733513635,0.38484973324810845,0.09141429988328459,0.0,0.7540194151028315,0.7541216334478589,312.86404185228497,2.4211742688496733,0.22098137483904481,0.22135242657834897,4.755601329399937e-07,196.36287477953582,312.96119999999996,-0.09715814771499254,95.83333333333333,1.5,414.253,2,True,0.7681655172413794,-0.014083816859137288,ok,
26.04,386.93631666666664,88.32565284178187,16,True,7.480527287568299e-05,membrane_mean_water_content,0.7774971620092195,1.230076331108542,0.38481492152666347,0.067764247572659,0.0,0.777453471104988,0.777524287412697,312.9126045799425,2.4410390703815237,0.22465082490664645,0.22503161529643112,4.841973700460516e-07,202.46026098720074,312.96119999999996,-0.04859542005743833,89.51388888888889,2.0,386.93631666666664,4,True,0.7681655172413794,0.009331644767840097,ok,
30.0,542.4395833333334,76.66666666666667,18,True,7.643820952243394e-05,membrane_mean_water_content,0.6732748524091833,1.2306513939538466,0.3865950491331128,0.17078149241155025,0.0,0.6731435610445402,0.6733667141253165,314.96043048132304,2.2431851030435044,0.19121438253122566,0.19156467610403138,4.077457826435573e-07,201.982455722755,315.06,-0.09956951867695807,108.92361111111111,1.0,542.4395833333334,5,True,0.7573568281938327,-0.08408197578464938,ok,
30.0,458.1427083333334,76.66666666666667,18,True,8.290760719003437e-05,membrane_mean_water_content,0.7329378427256948,1.2300107005561072,0.38643201524187,0.1106408425885424,0.0,0.7328548084378953,0.7329950763189056,315.15851399792666,2.2857283347225,0.19786919567785607,0.19823992786521835,4.262580866387413e-07,219.88135281770846,315.06,0.09851399792665916,91.99652777777779,1.5,458.1427083333334,7,True,0.7573568281938327,-0.02441898546813781,ok,
30.0,427.7958333333334,76.66666666666667,18,True,7.895043546280088e-05,membrane_mean_water_content,0.7617135892676439,1.229746435365994,0.3866064605485645,0.08142638554978555,0.0,0.7616548655014381,0.7617534345134308,314.99427790987863,2.3207831475359413,0.20355590174067814,0.20394479772038981,4.335669672437203e-07,228.51407678029315,315.06,-0.06572209012136909,85.90277777777779,2.0,427.7958333333334,5,True,0.7573568281938327,0.004356761073811222,ok,
